case_id,case_kind,expected_type,a,b,provenance
curated_0001,curated,Z/1,-10,-10,coefficient_grid
curated_0002,curated,Z/2,-10,-9,coefficient_grid
curated_0003,curated,Z/2 x Z/2,-9,0,coefficient_grid
curated_0004,curated,Z/3,-9,9,coefficient_grid
curated_0005,curated,Z/4,-2,1,coefficient_grid
curated_0006,curated,Z/5,-432,8208,Adamova_reference
curated_0007,curated,Z/6,0,1,coefficient_grid
curated_0008,curated,Z/7,-43,166,Adamova_reference
curated_0009,curated,Z/8,-44091,3304854,Adamova_reference
curated_0010,curated,Z/9,-219,1654,calibration
curated_0011,curated,Z/10,-58347,3954150,Cremona_66c1_short_model
curated_0012,curated,Z/12,-1947,108214,calibration
curated_0013,curated,Z/2 x Z/4,-12987,-263466,Cremona_15a1_short_model
curated_0014,curated,Z/2 x Z/6,-24003,1296702,calibration
curated_0015,curated,Z/2 x Z/8,-1386747,368636886,Cremona_210e2_short_model
random_00001,random,,-4368,-3664,random_seed_20260220
random_00002,random,,8338,428,random_seed_20260220
random_00003,random,,-853,-3080,random_seed_20260220
random_00004,random,,2286,-7767,random_seed_20260220
random_00005,random,,8210,11,random_seed_20260220
random_00006,random,,4218,7561,random_seed_20260220
random_00007,random,,5632,-2343,random_seed_20260220
random_00008,random,,4504,8173,random_seed_20260220
random_00009,random,,-9479,-5408,random_seed_20260220
random_00010,random,,6267,30,random_seed_20260220
random_00011,random,,-8149,8746,random_seed_20260220
random_00012,random,,1349,-6888,random_seed_20260220
random_00013,random,,-5856,5451,random_seed_20260220
random_00014,random,,-5565,-4112,random_seed_20260220
random_00015,random,,-708,-1954,random_seed_20260220
random_00016,random,,-8045,-5557,random_seed_20260220
random_00017,random,,-2759,-4710,random_seed_20260220
random_00018,random,,-2321,-882,random_seed_20260220
random_00019,random,,-1917,-1044,random_seed_20260220
random_00020,random,,-5983,6233,random_seed_20260220
random_00021,random,,-8767,4186,random_seed_20260220
random_00022,random,,-4612,3585,random_seed_20260220
random_00023,random,,-65,-3816,random_seed_20260220
random_00024,random,,-6772,-9378,random_seed_20260220
random_00025,random,,3132,-7532,random_seed_20260220
random_00026,random,,1728,-2347,random_seed_20260220
random_00027,random,,3657,8089,random_seed_20260220
random_00028,random,,9275,-6851,random_seed_20260220
random_00029,random,,-8363,-8090,random_seed_20260220
random_00030,random,,8767,-3753,random_seed_20260220
random_00031,random,,4407,-1366,random_seed_20260220
random_00032,random,,-5109,-6083,random_seed_20260220
random_00033,random,,-3318,9621,random_seed_20260220
random_00034,random,,1322,-8039,random_seed_20260220
random_00035,random,,607,-3649,random_seed_20260220
random_00036,random,,-1119,-2828,random_seed_20260220
random_00037,random,,9947,-2750,random_seed_20260220
random_00038,random,,5379,-3752,random_seed_20260220
random_00039,random,,340,3951,random_seed_20260220
random_00040,random,,2507,4397,random_seed_20260220
random_00041,random,,-4805,-8521,random_seed_20260220
random_00042,random,,-2141,3036,random_seed_20260220
random_00043,random,,1540,5225,random_seed_20260220
random_00044,random,,2128,-9405,random_seed_20260220
random_00045,random,,811,8446,random_seed_20260220
random_00046,random,,-5137,-7653,random_seed_20260220
random_00047,random,,6260,-4194,random_seed_20260220
random_00048,random,,2409,-2906,random_seed_20260220
random_00049,random,,1403,8935,random_seed_20260220
random_00050,random,,-2987,-1360,random_seed_20260220
random_00051,random,,-186,-5664,random_seed_20260220
random_00052,random,,8411,-3133,random_seed_20260220
random_00053,random,,235,5765,random_seed_20260220
random_00054,random,,4268,-4881,random_seed_20260220
random_00055,random,,-7002,7235,random_seed_20260220
random_00056,random,,-1298,7230,random_seed_20260220
random_00057,random,,-1239,5846,random_seed_20260220
random_00058,random,,-6742,9077,random_seed_20260220
random_00059,random,,6879,-3528,random_seed_20260220
random_00060,random,,9967,-6636,random_seed_20260220
random_00061,random,,4433,-7614,random_seed_20260220
random_00062,random,,-7993,392,random_seed_20260220
random_00063,random,,9477,1618,random_seed_20260220
random_00064,random,,4666,2010,random_seed_20260220
random_00065,random,,-5066,-9749,random_seed_20260220
random_00066,random,,3933,-2717,random_seed_20260220
random_00067,random,,-3319,-2861,random_seed_20260220
random_00068,random,,-6777,-7819,random_seed_20260220
random_00069,random,,-8393,-4396,random_seed_20260220
random_00070,random,,-6052,8127,random_seed_20260220
random_00071,random,,-4604,6802,random_seed_20260220
random_00072,random,,-3074,-6429,random_seed_20260220
random_00073,random,,-1128,5836,random_seed_20260220
random_00074,random,,6453,5970,random_seed_20260220
random_00075,random,,-131,8153,random_seed_20260220
random_00076,random,,3220,8780,random_seed_20260220
random_00077,random,,824,-2473,random_seed_20260220
random_00078,random,,-3236,1372,random_seed_20260220
random_00079,random,,-3722,1055,random_seed_20260220
random_00080,random,,9199,-6217,random_seed_20260220
random_00081,random,,-1022,4656,random_seed_20260220
random_00082,random,,4287,8687,random_seed_20260220
random_00083,random,,-7628,4115,random_seed_20260220
random_00084,random,,6543,5821,random_seed_20260220
random_00085,random,,1599,-5726,random_seed_20260220
random_00086,random,,9123,6481,random_seed_20260220
random_00087,random,,-9183,4703,random_seed_20260220
random_00088,random,,3582,8766,random_seed_20260220
random_00089,random,,4646,5540,random_seed_20260220
random_00090,random,,-2342,9646,random_seed_20260220
random_00091,random,,7513,4978,random_seed_20260220
random_00092,random,,-182,-5897,random_seed_20260220
random_00093,random,,-7537,-2307,random_seed_20260220
random_00094,random,,6896,-5872,random_seed_20260220
random_00095,random,,-5198,4578,random_seed_20260220
random_00096,random,,-3168,-1404,random_seed_20260220
random_00097,random,,9776,-6678,random_seed_20260220
random_00098,random,,9360,5851,random_seed_20260220
random_00099,random,,-2444,9567,random_seed_20260220
random_00100,random,,8141,-5185,random_seed_20260220
random_00101,random,,5266,2471,random_seed_20260220
random_00102,random,,9241,-8354,random_seed_20260220
random_00103,random,,-6649,-1237,random_seed_20260220
random_00104,random,,-7409,-2950,random_seed_20260220
random_00105,random,,-1546,-4316,random_seed_20260220
random_00106,random,,-4307,-8091,random_seed_20260220
random_00107,random,,2863,2391,random_seed_20260220
random_00108,random,,-1011,9659,random_seed_20260220
random_00109,random,,-8540,-208,random_seed_20260220
random_00110,random,,6921,-8928,random_seed_20260220
random_00111,random,,-6201,-2733,random_seed_20260220
random_00112,random,,-8356,-5841,random_seed_20260220
random_00113,random,,3843,6053,random_seed_20260220
random_00114,random,,4376,559,random_seed_20260220
random_00115,random,,-866,335,random_seed_20260220
random_00116,random,,3226,-5177,random_seed_20260220
random_00117,random,,-1228,6741,random_seed_20260220
random_00118,random,,4996,-4652,random_seed_20260220
random_00119,random,,1150,-4174,random_seed_20260220
random_00120,random,,5385,8822,random_seed_20260220
random_00121,random,,6964,-5668,random_seed_20260220
random_00122,random,,-2010,7094,random_seed_20260220
random_00123,random,,1258,6102,random_seed_20260220
random_00124,random,,-6151,8915,random_seed_20260220
random_00125,random,,2290,-2762,random_seed_20260220
random_00126,random,,-882,-3691,random_seed_20260220
random_00127,random,,9694,-4780,random_seed_20260220
random_00128,random,,8215,9929,random_seed_20260220
random_00129,random,,2450,9691,random_seed_20260220
random_00130,random,,-4249,-9547,random_seed_20260220
random_00131,random,,-6414,9009,random_seed_20260220
random_00132,random,,-7274,-7109,random_seed_20260220
random_00133,random,,2934,-2473,random_seed_20260220
random_00134,random,,8977,2113,random_seed_20260220
random_00135,random,,7858,-8160,random_seed_20260220
random_00136,random,,4565,1058,random_seed_20260220
random_00137,random,,3395,-415,random_seed_20260220
random_00138,random,,-6229,-5525,random_seed_20260220
random_00139,random,,9093,6237,random_seed_20260220
random_00140,random,,-691,-3496,random_seed_20260220
random_00141,random,,5543,-5274,random_seed_20260220
random_00142,random,,-3855,-1716,random_seed_20260220
random_00143,random,,-1688,1499,random_seed_20260220
random_00144,random,,1418,-7045,random_seed_20260220
random_00145,random,,-6119,1886,random_seed_20260220
random_00146,random,,-5886,960,random_seed_20260220
random_00147,random,,9596,5793,random_seed_20260220
random_00148,random,,-7835,-4024,random_seed_20260220
random_00149,random,,2746,9464,random_seed_20260220
random_00150,random,,9958,2611,random_seed_20260220
random_00151,random,,-8937,-3079,random_seed_20260220
random_00152,random,,-9781,-3269,random_seed_20260220
random_00153,random,,-4433,184,random_seed_20260220
random_00154,random,,4973,9511,random_seed_20260220
random_00155,random,,1310,-2697,random_seed_20260220
random_00156,random,,3119,5208,random_seed_20260220
random_00157,random,,6275,-1824,random_seed_20260220
random_00158,random,,-5314,-3195,random_seed_20260220
random_00159,random,,-9871,-9442,random_seed_20260220
random_00160,random,,-5645,4036,random_seed_20260220
random_00161,random,,3841,1127,random_seed_20260220
random_00162,random,,-513,730,random_seed_20260220
random_00163,random,,4489,-9843,random_seed_20260220
random_00164,random,,1223,-1350,random_seed_20260220
random_00165,random,,3682,6988,random_seed_20260220
random_00166,random,,-2036,-6813,random_seed_20260220
random_00167,random,,-7154,4829,random_seed_20260220
random_00168,random,,2812,-4183,random_seed_20260220
random_00169,random,,5740,-7485,random_seed_20260220
random_00170,random,,4514,9070,random_seed_20260220
random_00171,random,,-6313,-3352,random_seed_20260220
random_00172,random,,-8414,583,random_seed_20260220
random_00173,random,,-8653,4157,random_seed_20260220
random_00174,random,,-4205,6961,random_seed_20260220
random_00175,random,,8493,-664,random_seed_20260220
random_00176,random,,2695,-1284,random_seed_20260220
random_00177,random,,-572,-4404,random_seed_20260220
random_00178,random,,-2007,-4450,random_seed_20260220
random_00179,random,,-962,474,random_seed_20260220
random_00180,random,,3666,-3400,random_seed_20260220
random_00181,random,,3492,-5424,random_seed_20260220
random_00182,random,,-2893,-6949,random_seed_20260220
random_00183,random,,5618,5268,random_seed_20260220
random_00184,random,,-8823,-3850,random_seed_20260220
random_00185,random,,-7215,4710,random_seed_20260220
random_00186,random,,3882,2977,random_seed_20260220
random_00187,random,,-330,5847,random_seed_20260220
random_00188,random,,-2328,5256,random_seed_20260220
random_00189,random,,-924,-8428,random_seed_20260220
random_00190,random,,-3081,906,random_seed_20260220
random_00191,random,,6193,-8055,random_seed_20260220
random_00192,random,,-9553,2417,random_seed_20260220
random_00193,random,,1184,-746,random_seed_20260220
random_00194,random,,-9690,3606,random_seed_20260220
random_00195,random,,-3529,8539,random_seed_20260220
random_00196,random,,-5074,6203,random_seed_20260220
random_00197,random,,667,888,random_seed_20260220
random_00198,random,,-6650,-9933,random_seed_20260220
random_00199,random,,-8783,5000,random_seed_20260220
random_00200,random,,-4318,7223,random_seed_20260220
random_00201,random,,3946,-56,random_seed_20260220
random_00202,random,,-7811,4602,random_seed_20260220
random_00203,random,,4316,2719,random_seed_20260220
random_00204,random,,-1727,7130,random_seed_20260220
random_00205,random,,7070,4720,random_seed_20260220
random_00206,random,,1266,-8075,random_seed_20260220
random_00207,random,,-6030,-3307,random_seed_20260220
random_00208,random,,-708,-1656,random_seed_20260220
random_00209,random,,4465,8679,random_seed_20260220
random_00210,random,,8479,-468,random_seed_20260220
random_00211,random,,3402,-3697,random_seed_20260220
random_00212,random,,-2193,4148,random_seed_20260220
random_00213,random,,1941,-1338,random_seed_20260220
random_00214,random,,-9715,-2997,random_seed_20260220
random_00215,random,,4325,-510,random_seed_20260220
random_00216,random,,8747,-9046,random_seed_20260220
random_00217,random,,5366,-3776,random_seed_20260220
random_00218,random,,4814,-1975,random_seed_20260220
random_00219,random,,4403,7513,random_seed_20260220
random_00220,random,,6599,-3481,random_seed_20260220
random_00221,random,,-8083,7782,random_seed_20260220
random_00222,random,,3822,9297,random_seed_20260220
random_00223,random,,8804,-5942,random_seed_20260220
random_00224,random,,297,141,random_seed_20260220
random_00225,random,,-1519,9195,random_seed_20260220
random_00226,random,,9110,283,random_seed_20260220
random_00227,random,,-1873,-6361,random_seed_20260220
random_00228,random,,-5730,6165,random_seed_20260220
random_00229,random,,5989,-1801,random_seed_20260220
random_00230,random,,7679,-4839,random_seed_20260220
random_00231,random,,1109,2535,random_seed_20260220
random_00232,random,,135,-6617,random_seed_20260220
random_00233,random,,9406,-5460,random_seed_20260220
random_00234,random,,326,-1450,random_seed_20260220
random_00235,random,,-7784,-9772,random_seed_20260220
random_00236,random,,472,2129,random_seed_20260220
random_00237,random,,-8322,-5457,random_seed_20260220
random_00238,random,,4578,-5950,random_seed_20260220
random_00239,random,,-2225,-6465,random_seed_20260220
random_00240,random,,3401,1251,random_seed_20260220
random_00241,random,,-4360,-7534,random_seed_20260220
random_00242,random,,6821,-4683,random_seed_20260220
random_00243,random,,1032,-5901,random_seed_20260220
random_00244,random,,-9461,3699,random_seed_20260220
random_00245,random,,5467,-2012,random_seed_20260220
random_00246,random,,-1704,8095,random_seed_20260220
random_00247,random,,5737,7255,random_seed_20260220
random_00248,random,,1393,-7314,random_seed_20260220
random_00249,random,,-4549,6813,random_seed_20260220
random_00250,random,,-3838,925,random_seed_20260220
random_00251,random,,926,-7686,random_seed_20260220
random_00252,random,,-9182,7300,random_seed_20260220
random_00253,random,,2670,8252,random_seed_20260220
random_00254,random,,6677,-3445,random_seed_20260220
random_00255,random,,6604,-9511,random_seed_20260220
random_00256,random,,1296,8344,random_seed_20260220
random_00257,random,,-2407,2409,random_seed_20260220
random_00258,random,,-4996,-1327,random_seed_20260220
random_00259,random,,3277,-3910,random_seed_20260220
random_00260,random,,6972,915,random_seed_20260220
random_00261,random,,-7197,742,random_seed_20260220
random_00262,random,,-6872,6519,random_seed_20260220
random_00263,random,,-9693,-881,random_seed_20260220
random_00264,random,,7345,-2704,random_seed_20260220
random_00265,random,,-5532,1428,random_seed_20260220
random_00266,random,,2771,-6745,random_seed_20260220
random_00267,random,,3761,3596,random_seed_20260220
random_00268,random,,4227,9177,random_seed_20260220
random_00269,random,,-2246,-7548,random_seed_20260220
random_00270,random,,-3116,6801,random_seed_20260220
random_00271,random,,-2807,2849,random_seed_20260220
random_00272,random,,-1440,-4636,random_seed_20260220
random_00273,random,,6965,-2919,random_seed_20260220
random_00274,random,,-6686,-6215,random_seed_20260220
random_00275,random,,6449,4616,random_seed_20260220
random_00276,random,,-2721,2628,random_seed_20260220
random_00277,random,,-6364,-9133,random_seed_20260220
random_00278,random,,1885,-9460,random_seed_20260220
random_00279,random,,-6362,9465,random_seed_20260220
random_00280,random,,2783,5304,random_seed_20260220
random_00281,random,,8440,8553,random_seed_20260220
random_00282,random,,8469,-7540,random_seed_20260220
random_00283,random,,-3255,4535,random_seed_20260220
random_00284,random,,9965,1162,random_seed_20260220
random_00285,random,,3905,9190,random_seed_20260220
random_00286,random,,-4329,-4693,random_seed_20260220
random_00287,random,,-4914,6531,random_seed_20260220
random_00288,random,,2514,9850,random_seed_20260220
random_00289,random,,-7494,2438,random_seed_20260220
random_00290,random,,5753,-2761,random_seed_20260220
random_00291,random,,-5684,-3004,random_seed_20260220
random_00292,random,,-7186,-914,random_seed_20260220
random_00293,random,,5351,9858,random_seed_20260220
random_00294,random,,1188,6516,random_seed_20260220
random_00295,random,,2375,-3042,random_seed_20260220
random_00296,random,,9630,2363,random_seed_20260220
random_00297,random,,9280,-7503,random_seed_20260220
random_00298,random,,-1110,-3160,random_seed_20260220
random_00299,random,,-3406,9577,random_seed_20260220
random_00300,random,,-8833,-101,random_seed_20260220
random_00301,random,,3891,-9703,random_seed_20260220
random_00302,random,,5776,5097,random_seed_20260220
random_00303,random,,-9509,4211,random_seed_20260220
random_00304,random,,8543,-7023,random_seed_20260220
random_00305,random,,-7516,-1115,random_seed_20260220
random_00306,random,,-5889,1188,random_seed_20260220
random_00307,random,,-3968,3339,random_seed_20260220
random_00308,random,,-370,5742,random_seed_20260220
random_00309,random,,6118,-2596,random_seed_20260220
random_00310,random,,8482,-5277,random_seed_20260220
random_00311,random,,6408,282,random_seed_20260220
random_00312,random,,7193,7653,random_seed_20260220
random_00313,random,,-5692,-6914,random_seed_20260220
random_00314,random,,7569,7476,random_seed_20260220
random_00315,random,,5037,-1169,random_seed_20260220
random_00316,random,,4869,4449,random_seed_20260220
random_00317,random,,-7727,9449,random_seed_20260220
random_00318,random,,-5781,4940,random_seed_20260220
random_00319,random,,345,-5667,random_seed_20260220
random_00320,random,,5921,2534,random_seed_20260220
random_00321,random,,2682,1141,random_seed_20260220
random_00322,random,,-811,-6576,random_seed_20260220
random_00323,random,,-4524,6086,random_seed_20260220
random_00324,random,,-185,827,random_seed_20260220
random_00325,random,,-8522,-3401,random_seed_20260220
random_00326,random,,4621,-2664,random_seed_20260220
random_00327,random,,-9310,650,random_seed_20260220
random_00328,random,,79,-2160,random_seed_20260220
random_00329,random,,-68,520,random_seed_20260220
random_00330,random,,-7607,-1438,random_seed_20260220
random_00331,random,,-7476,-2963,random_seed_20260220
random_00332,random,,5551,-5600,random_seed_20260220
random_00333,random,,1723,-8589,random_seed_20260220
random_00334,random,,-7587,-2822,random_seed_20260220
random_00335,random,,4762,-5890,random_seed_20260220
random_00336,random,,-7831,7034,random_seed_20260220
random_00337,random,,9701,7779,random_seed_20260220
random_00338,random,,6699,1134,random_seed_20260220
random_00339,random,,-5082,3466,random_seed_20260220
random_00340,random,,9678,-5582,random_seed_20260220
random_00341,random,,-1627,2216,random_seed_20260220
random_00342,random,,5778,591,random_seed_20260220
random_00343,random,,5441,2771,random_seed_20260220
random_00344,random,,-6996,8985,random_seed_20260220
random_00345,random,,-2744,3417,random_seed_20260220
random_00346,random,,-470,3206,random_seed_20260220
random_00347,random,,-3867,1930,random_seed_20260220
random_00348,random,,5795,-5827,random_seed_20260220
random_00349,random,,-8398,-8010,random_seed_20260220
random_00350,random,,348,9536,random_seed_20260220
random_00351,random,,4831,7582,random_seed_20260220
random_00352,random,,6459,-9572,random_seed_20260220
random_00353,random,,-2678,9530,random_seed_20260220
random_00354,random,,6595,6610,random_seed_20260220
random_00355,random,,5042,7073,random_seed_20260220
random_00356,random,,-7623,3812,random_seed_20260220
random_00357,random,,-9700,-4892,random_seed_20260220
random_00358,random,,-7435,-7291,random_seed_20260220
random_00359,random,,2595,-3669,random_seed_20260220
random_00360,random,,-4756,2781,random_seed_20260220
random_00361,random,,8629,4843,random_seed_20260220
random_00362,random,,-1322,-7926,random_seed_20260220
random_00363,random,,-4401,-559,random_seed_20260220
random_00364,random,,4210,-9366,random_seed_20260220
random_00365,random,,-2182,-5230,random_seed_20260220
random_00366,random,,5580,6912,random_seed_20260220
random_00367,random,,-7037,-3046,random_seed_20260220
random_00368,random,,2272,-4735,random_seed_20260220
random_00369,random,,-5589,-6802,random_seed_20260220
random_00370,random,,544,1102,random_seed_20260220
random_00371,random,,-5316,-6630,random_seed_20260220
random_00372,random,,7435,-2913,random_seed_20260220
random_00373,random,,-9509,-8730,random_seed_20260220
random_00374,random,,9722,-894,random_seed_20260220
random_00375,random,,-5346,-137,random_seed_20260220
random_00376,random,,3057,8342,random_seed_20260220
random_00377,random,,4489,-8685,random_seed_20260220
random_00378,random,,-8452,8290,random_seed_20260220
random_00379,random,,2200,9474,random_seed_20260220
random_00380,random,,-2091,-1909,random_seed_20260220
random_00381,random,,781,-1531,random_seed_20260220
random_00382,random,,-888,-2477,random_seed_20260220
random_00383,random,,7160,8976,random_seed_20260220
random_00384,random,,3711,-8955,random_seed_20260220
random_00385,random,,7007,-3720,random_seed_20260220
random_00386,random,,3932,8679,random_seed_20260220
random_00387,random,,-2769,7592,random_seed_20260220
random_00388,random,,2153,-4580,random_seed_20260220
random_00389,random,,-9102,2552,random_seed_20260220
random_00390,random,,5600,2992,random_seed_20260220
random_00391,random,,4855,8549,random_seed_20260220
random_00392,random,,-7697,3300,random_seed_20260220
random_00393,random,,5074,8779,random_seed_20260220
random_00394,random,,5167,1338,random_seed_20260220
random_00395,random,,4448,7534,random_seed_20260220
random_00396,random,,4634,9208,random_seed_20260220
random_00397,random,,-7298,-3283,random_seed_20260220
random_00398,random,,7077,1178,random_seed_20260220
random_00399,random,,-7313,-209,random_seed_20260220
random_00400,random,,4136,-1283,random_seed_20260220
random_00401,random,,-3395,-5491,random_seed_20260220
random_00402,random,,4534,-7998,random_seed_20260220
random_00403,random,,-7524,-7697,random_seed_20260220
random_00404,random,,-3811,2146,random_seed_20260220
random_00405,random,,448,-5208,random_seed_20260220
random_00406,random,,-9913,-1849,random_seed_20260220
random_00407,random,,3936,-8428,random_seed_20260220
random_00408,random,,-1838,-4384,random_seed_20260220
random_00409,random,,6823,6795,random_seed_20260220
random_00410,random,,6702,2698,random_seed_20260220
random_00411,random,,-6672,2633,random_seed_20260220
random_00412,random,,3509,2957,random_seed_20260220
random_00413,random,,65,4332,random_seed_20260220
random_00414,random,,-9353,9653,random_seed_20260220
random_00415,random,,-5097,-7793,random_seed_20260220
random_00416,random,,-7691,-852,random_seed_20260220
random_00417,random,,-4800,9622,random_seed_20260220
random_00418,random,,-9747,-6831,random_seed_20260220
random_00419,random,,8773,-3559,random_seed_20260220
random_00420,random,,-4173,9607,random_seed_20260220
random_00421,random,,5616,3466,random_seed_20260220
random_00422,random,,-820,9922,random_seed_20260220
random_00423,random,,9971,2804,random_seed_20260220
random_00424,random,,6715,9569,random_seed_20260220
random_00425,random,,-5173,-638,random_seed_20260220
random_00426,random,,-2203,-5577,random_seed_20260220
random_00427,random,,2784,6662,random_seed_20260220
random_00428,random,,8743,-1218,random_seed_20260220
random_00429,random,,-5214,-2054,random_seed_20260220
random_00430,random,,-1957,6810,random_seed_20260220
random_00431,random,,9632,274,random_seed_20260220
random_00432,random,,4145,9388,random_seed_20260220
random_00433,random,,1027,-9393,random_seed_20260220
random_00434,random,,1588,-8657,random_seed_20260220
random_00435,random,,6149,-3333,random_seed_20260220
random_00436,random,,1630,8208,random_seed_20260220
random_00437,random,,-4424,7961,random_seed_20260220
random_00438,random,,3415,1191,random_seed_20260220
random_00439,random,,-1570,-2855,random_seed_20260220
random_00440,random,,3655,-4547,random_seed_20260220
random_00441,random,,-5008,6480,random_seed_20260220
random_00442,random,,-7981,5796,random_seed_20260220
random_00443,random,,-7280,702,random_seed_20260220
random_00444,random,,8978,8642,random_seed_20260220
random_00445,random,,-3400,-7791,random_seed_20260220
random_00446,random,,4124,313,random_seed_20260220
random_00447,random,,-3566,-7948,random_seed_20260220
random_00448,random,,-5840,5482,random_seed_20260220
random_00449,random,,3485,6971,random_seed_20260220
random_00450,random,,841,-3367,random_seed_20260220
random_00451,random,,2954,-518,random_seed_20260220
random_00452,random,,-6556,4475,random_seed_20260220
random_00453,random,,3711,-1555,random_seed_20260220
random_00454,random,,8467,6627,random_seed_20260220
random_00455,random,,-3684,3666,random_seed_20260220
random_00456,random,,-5917,3337,random_seed_20260220
random_00457,random,,-6595,-7779,random_seed_20260220
random_00458,random,,1256,4049,random_seed_20260220
random_00459,random,,4703,-4927,random_seed_20260220
random_00460,random,,-7826,9778,random_seed_20260220
random_00461,random,,-2283,7551,random_seed_20260220
random_00462,random,,-1060,9353,random_seed_20260220
random_00463,random,,1388,1406,random_seed_20260220
random_00464,random,,8554,142,random_seed_20260220
random_00465,random,,4844,4200,random_seed_20260220
random_00466,random,,5122,-8565,random_seed_20260220
random_00467,random,,670,9134,random_seed_20260220
random_00468,random,,2708,-4126,random_seed_20260220
random_00469,random,,4687,-622,random_seed_20260220
random_00470,random,,4226,6116,random_seed_20260220
random_00471,random,,-6875,-4960,random_seed_20260220
random_00472,random,,2304,3177,random_seed_20260220
random_00473,random,,3501,-5027,random_seed_20260220
random_00474,random,,7598,-9362,random_seed_20260220
random_00475,random,,-5227,6335,random_seed_20260220
random_00476,random,,2219,4558,random_seed_20260220
random_00477,random,,-800,1713,random_seed_20260220
random_00478,random,,-8125,-2543,random_seed_20260220
random_00479,random,,-4144,6021,random_seed_20260220
random_00480,random,,-6985,-7940,random_seed_20260220
random_00481,random,,977,-2384,random_seed_20260220
random_00482,random,,8224,198,random_seed_20260220
random_00483,random,,-2664,5629,random_seed_20260220
random_00484,random,,-7240,8269,random_seed_20260220
random_00485,random,,2589,-9079,random_seed_20260220
random_00486,random,,7694,-4539,random_seed_20260220
random_00487,random,,-4575,-6306,random_seed_20260220
random_00488,random,,3661,-7931,random_seed_20260220
random_00489,random,,-880,7140,random_seed_20260220
random_00490,random,,7032,-3381,random_seed_20260220
random_00491,random,,-420,9076,random_seed_20260220
random_00492,random,,-3888,-9279,random_seed_20260220
random_00493,random,,-3908,7208,random_seed_20260220
random_00494,random,,9465,-2727,random_seed_20260220
random_00495,random,,3887,8461,random_seed_20260220
random_00496,random,,6984,7542,random_seed_20260220
random_00497,random,,1679,-6185,random_seed_20260220
random_00498,random,,3942,-8256,random_seed_20260220
random_00499,random,,-170,5777,random_seed_20260220
random_00500,random,,-7743,-3859,random_seed_20260220
random_00501,random,,6435,-9707,random_seed_20260220
random_00502,random,,9226,4115,random_seed_20260220
random_00503,random,,2546,-9909,random_seed_20260220
random_00504,random,,691,-7995,random_seed_20260220
random_00505,random,,7735,-4844,random_seed_20260220
random_00506,random,,-5432,4366,random_seed_20260220
random_00507,random,,6099,8556,random_seed_20260220
random_00508,random,,-2022,-6785,random_seed_20260220
random_00509,random,,-8572,-1277,random_seed_20260220
random_00510,random,,-5477,-4822,random_seed_20260220
random_00511,random,,4072,1030,random_seed_20260220
random_00512,random,,-8644,1280,random_seed_20260220
random_00513,random,,-5699,903,random_seed_20260220
random_00514,random,,-975,-3121,random_seed_20260220
random_00515,random,,9865,4549,random_seed_20260220
random_00516,random,,7713,1126,random_seed_20260220
random_00517,random,,-5626,-1372,random_seed_20260220
random_00518,random,,8328,4141,random_seed_20260220
random_00519,random,,-5490,4590,random_seed_20260220
random_00520,random,,4790,7421,random_seed_20260220
random_00521,random,,437,9321,random_seed_20260220
random_00522,random,,-6281,1049,random_seed_20260220
random_00523,random,,6854,-7748,random_seed_20260220
random_00524,random,,-9924,5891,random_seed_20260220
random_00525,random,,3833,4180,random_seed_20260220
random_00526,random,,508,-6604,random_seed_20260220
random_00527,random,,-702,8865,random_seed_20260220
random_00528,random,,1844,-2356,random_seed_20260220
random_00529,random,,-3961,6947,random_seed_20260220
random_00530,random,,7714,3265,random_seed_20260220
random_00531,random,,-4536,3294,random_seed_20260220
random_00532,random,,2329,8800,random_seed_20260220
random_00533,random,,-6049,9885,random_seed_20260220
random_00534,random,,8441,-7693,random_seed_20260220
random_00535,random,,1762,-6953,random_seed_20260220
random_00536,random,,9404,5102,random_seed_20260220
random_00537,random,,-5828,-5268,random_seed_20260220
random_00538,random,,-4686,-411,random_seed_20260220
random_00539,random,,-7005,-3478,random_seed_20260220
random_00540,random,,-4485,-8950,random_seed_20260220
random_00541,random,,1341,5432,random_seed_20260220
random_00542,random,,7349,-8914,random_seed_20260220
random_00543,random,,-8083,-5003,random_seed_20260220
random_00544,random,,-1708,-1325,random_seed_20260220
random_00545,random,,-588,-8228,random_seed_20260220
random_00546,random,,-8068,-8174,random_seed_20260220
random_00547,random,,-5513,-8340,random_seed_20260220
random_00548,random,,8531,6482,random_seed_20260220
random_00549,random,,-2718,-6770,random_seed_20260220
random_00550,random,,1366,6799,random_seed_20260220
random_00551,random,,6566,1330,random_seed_20260220
random_00552,random,,-7165,-7931,random_seed_20260220
random_00553,random,,-3404,6657,random_seed_20260220
random_00554,random,,8476,-2735,random_seed_20260220
random_00555,random,,-8761,-6272,random_seed_20260220
random_00556,random,,-5223,-1185,random_seed_20260220
random_00557,random,,-6037,1514,random_seed_20260220
random_00558,random,,7416,7278,random_seed_20260220
random_00559,random,,1525,4581,random_seed_20260220
random_00560,random,,4304,-7602,random_seed_20260220
random_00561,random,,448,-8951,random_seed_20260220
random_00562,random,,5265,-1662,random_seed_20260220
random_00563,random,,-7963,2982,random_seed_20260220
random_00564,random,,2560,6861,random_seed_20260220
random_00565,random,,-5989,-2970,random_seed_20260220
random_00566,random,,-4125,-6115,random_seed_20260220
random_00567,random,,-8992,5370,random_seed_20260220
random_00568,random,,3239,7633,random_seed_20260220
random_00569,random,,7255,-1541,random_seed_20260220
random_00570,random,,-2564,6346,random_seed_20260220
random_00571,random,,-2795,-5341,random_seed_20260220
random_00572,random,,-5055,-9074,random_seed_20260220
random_00573,random,,7857,-1299,random_seed_20260220
random_00574,random,,-980,-7252,random_seed_20260220
random_00575,random,,8044,2566,random_seed_20260220
random_00576,random,,-5406,-9836,random_seed_20260220
random_00577,random,,4565,-7788,random_seed_20260220
random_00578,random,,-6004,862,random_seed_20260220
random_00579,random,,-3626,-9477,random_seed_20260220
random_00580,random,,8752,-4967,random_seed_20260220
random_00581,random,,9026,97,random_seed_20260220
random_00582,random,,-2544,-2838,random_seed_20260220
random_00583,random,,-1963,4736,random_seed_20260220
random_00584,random,,7334,5714,random_seed_20260220
random_00585,random,,2669,4793,random_seed_20260220
random_00586,random,,-7725,4445,random_seed_20260220
random_00587,random,,-2496,-2381,random_seed_20260220
random_00588,random,,-5192,-9395,random_seed_20260220
random_00589,random,,-2816,-312,random_seed_20260220
random_00590,random,,-538,7930,random_seed_20260220
random_00591,random,,-2212,-8783,random_seed_20260220
random_00592,random,,3992,6903,random_seed_20260220
random_00593,random,,-3853,1581,random_seed_20260220
random_00594,random,,-8759,-4168,random_seed_20260220
random_00595,random,,1781,4276,random_seed_20260220
random_00596,random,,1515,5083,random_seed_20260220
random_00597,random,,3765,-1195,random_seed_20260220
random_00598,random,,6314,9433,random_seed_20260220
random_00599,random,,5610,718,random_seed_20260220
random_00600,random,,-4694,-8771,random_seed_20260220
random_00601,random,,-4429,9582,random_seed_20260220
random_00602,random,,1803,2386,random_seed_20260220
random_00603,random,,-5073,-5823,random_seed_20260220
random_00604,random,,8214,5809,random_seed_20260220
random_00605,random,,-1664,-9144,random_seed_20260220
random_00606,random,,-2774,3914,random_seed_20260220
random_00607,random,,-9422,-8691,random_seed_20260220
random_00608,random,,-6519,1693,random_seed_20260220
random_00609,random,,2248,-7371,random_seed_20260220
random_00610,random,,-8787,2051,random_seed_20260220
random_00611,random,,4475,-6708,random_seed_20260220
random_00612,random,,6597,-4346,random_seed_20260220
random_00613,random,,1306,9328,random_seed_20260220
random_00614,random,,-9244,2709,random_seed_20260220
random_00615,random,,8419,5030,random_seed_20260220
random_00616,random,,-2754,-6962,random_seed_20260220
random_00617,random,,8035,-9376,random_seed_20260220
random_00618,random,,8866,-9719,random_seed_20260220
random_00619,random,,1102,6161,random_seed_20260220
random_00620,random,,3291,7681,random_seed_20260220
random_00621,random,,1751,9082,random_seed_20260220
random_00622,random,,1358,3960,random_seed_20260220
random_00623,random,,-1934,6684,random_seed_20260220
random_00624,random,,-3354,-7526,random_seed_20260220
random_00625,random,,-21,-6597,random_seed_20260220
random_00626,random,,-4051,-8428,random_seed_20260220
random_00627,random,,5931,3440,random_seed_20260220
random_00628,random,,-9580,-2742,random_seed_20260220
random_00629,random,,-8311,6028,random_seed_20260220
random_00630,random,,5445,-4745,random_seed_20260220
random_00631,random,,-4126,5785,random_seed_20260220
random_00632,random,,-1555,-3811,random_seed_20260220
random_00633,random,,-7006,4616,random_seed_20260220
random_00634,random,,5082,6926,random_seed_20260220
random_00635,random,,5958,-80,random_seed_20260220
random_00636,random,,-9807,7817,random_seed_20260220
random_00637,random,,8777,-9978,random_seed_20260220
random_00638,random,,-5101,7926,random_seed_20260220
random_00639,random,,4981,5664,random_seed_20260220
random_00640,random,,3359,-6886,random_seed_20260220
random_00641,random,,189,9803,random_seed_20260220
random_00642,random,,-5194,-3082,random_seed_20260220
random_00643,random,,-947,-5045,random_seed_20260220
random_00644,random,,4330,2643,random_seed_20260220
random_00645,random,,-877,-862,random_seed_20260220
random_00646,random,,-8901,-1744,random_seed_20260220
random_00647,random,,-7456,-9252,random_seed_20260220
random_00648,random,,-4350,-3137,random_seed_20260220
random_00649,random,,2531,9831,random_seed_20260220
random_00650,random,,1621,9422,random_seed_20260220
random_00651,random,,1542,-708,random_seed_20260220
random_00652,random,,1006,-8363,random_seed_20260220
random_00653,random,,1143,1732,random_seed_20260220
random_00654,random,,-4777,-7994,random_seed_20260220
random_00655,random,,1718,-2616,random_seed_20260220
random_00656,random,,4166,4290,random_seed_20260220
random_00657,random,,5354,-6449,random_seed_20260220
random_00658,random,,4438,6679,random_seed_20260220
random_00659,random,,-8196,249,random_seed_20260220
random_00660,random,,9290,-3202,random_seed_20260220
random_00661,random,,-1425,-4153,random_seed_20260220
random_00662,random,,3378,-2802,random_seed_20260220
random_00663,random,,783,-9985,random_seed_20260220
random_00664,random,,5867,5296,random_seed_20260220
random_00665,random,,-1213,-3204,random_seed_20260220
random_00666,random,,-9129,6428,random_seed_20260220
random_00667,random,,3500,7710,random_seed_20260220
random_00668,random,,7830,-2137,random_seed_20260220
random_00669,random,,2436,-8994,random_seed_20260220
random_00670,random,,-7996,-1718,random_seed_20260220
random_00671,random,,3597,4176,random_seed_20260220
random_00672,random,,2023,-4882,random_seed_20260220
random_00673,random,,-5464,-5463,random_seed_20260220
random_00674,random,,2930,6466,random_seed_20260220
random_00675,random,,1654,3902,random_seed_20260220
random_00676,random,,2640,8260,random_seed_20260220
random_00677,random,,4907,-5130,random_seed_20260220
random_00678,random,,-731,7395,random_seed_20260220
random_00679,random,,508,7648,random_seed_20260220
random_00680,random,,6007,-7781,random_seed_20260220
random_00681,random,,-1453,8846,random_seed_20260220
random_00682,random,,-2917,-2710,random_seed_20260220
random_00683,random,,-11,5201,random_seed_20260220
random_00684,random,,1059,7830,random_seed_20260220
random_00685,random,,-6834,6585,random_seed_20260220
random_00686,random,,5887,-797,random_seed_20260220
random_00687,random,,6761,-5471,random_seed_20260220
random_00688,random,,290,5290,random_seed_20260220
random_00689,random,,-1041,-7507,random_seed_20260220
random_00690,random,,-2185,-8624,random_seed_20260220
random_00691,random,,3390,5584,random_seed_20260220
random_00692,random,,9003,3703,random_seed_20260220
random_00693,random,,-4182,417,random_seed_20260220
random_00694,random,,2537,5272,random_seed_20260220
random_00695,random,,-158,-7454,random_seed_20260220
random_00696,random,,8477,9434,random_seed_20260220
random_00697,random,,-1883,-1394,random_seed_20260220
random_00698,random,,5613,1853,random_seed_20260220
random_00699,random,,-2497,6063,random_seed_20260220
random_00700,random,,9859,1912,random_seed_20260220
random_00701,random,,3782,-3734,random_seed_20260220
random_00702,random,,-9773,-7683,random_seed_20260220
random_00703,random,,-4066,5747,random_seed_20260220
random_00704,random,,3494,4835,random_seed_20260220
random_00705,random,,3071,-9520,random_seed_20260220
random_00706,random,,6582,-8721,random_seed_20260220
random_00707,random,,7173,2767,random_seed_20260220
random_00708,random,,-2012,-918,random_seed_20260220
random_00709,random,,-3415,5103,random_seed_20260220
random_00710,random,,-7800,8026,random_seed_20260220
random_00711,random,,1135,-8673,random_seed_20260220
random_00712,random,,9282,4945,random_seed_20260220
random_00713,random,,-8671,-2135,random_seed_20260220
random_00714,random,,-3588,9882,random_seed_20260220
random_00715,random,,-2259,120,random_seed_20260220
random_00716,random,,4004,-7810,random_seed_20260220
random_00717,random,,3877,-902,random_seed_20260220
random_00718,random,,-8436,1007,random_seed_20260220
random_00719,random,,4422,7830,random_seed_20260220
random_00720,random,,9323,-4064,random_seed_20260220
random_00721,random,,436,1027,random_seed_20260220
random_00722,random,,85,8029,random_seed_20260220
random_00723,random,,7536,-3642,random_seed_20260220
random_00724,random,,7055,-6638,random_seed_20260220
random_00725,random,,4114,-8718,random_seed_20260220
random_00726,random,,3271,-2197,random_seed_20260220
random_00727,random,,-3553,-9646,random_seed_20260220
random_00728,random,,-2964,-7063,random_seed_20260220
random_00729,random,,1255,-3498,random_seed_20260220
random_00730,random,,8461,4583,random_seed_20260220
random_00731,random,,-3730,-3811,random_seed_20260220
random_00732,random,,109,-1025,random_seed_20260220
random_00733,random,,3904,-9493,random_seed_20260220
random_00734,random,,6090,-1395,random_seed_20260220
random_00735,random,,-2903,8919,random_seed_20260220
random_00736,random,,2482,8432,random_seed_20260220
random_00737,random,,-8497,4100,random_seed_20260220
random_00738,random,,-2360,1487,random_seed_20260220
random_00739,random,,-6907,-5561,random_seed_20260220
random_00740,random,,2165,1128,random_seed_20260220
random_00741,random,,98,-8415,random_seed_20260220
random_00742,random,,2844,-7285,random_seed_20260220
random_00743,random,,8686,-2702,random_seed_20260220
random_00744,random,,-8112,9390,random_seed_20260220
random_00745,random,,-2792,-3793,random_seed_20260220
random_00746,random,,4914,1122,random_seed_20260220
random_00747,random,,3854,-5792,random_seed_20260220
random_00748,random,,9223,-7797,random_seed_20260220
random_00749,random,,996,-8471,random_seed_20260220
random_00750,random,,-1414,2959,random_seed_20260220
random_00751,random,,3349,5530,random_seed_20260220
random_00752,random,,-4134,-8463,random_seed_20260220
random_00753,random,,-6660,5475,random_seed_20260220
random_00754,random,,-317,587,random_seed_20260220
random_00755,random,,858,-4297,random_seed_20260220
random_00756,random,,-2068,-5657,random_seed_20260220
random_00757,random,,-2032,4,random_seed_20260220
random_00758,random,,7951,4438,random_seed_20260220
random_00759,random,,5257,-472,random_seed_20260220
random_00760,random,,1020,7507,random_seed_20260220
random_00761,random,,8077,-4573,random_seed_20260220
random_00762,random,,40,-4057,random_seed_20260220
random_00763,random,,-2765,-4600,random_seed_20260220
random_00764,random,,-7482,5985,random_seed_20260220
random_00765,random,,3096,3537,random_seed_20260220
random_00766,random,,-2701,-5422,random_seed_20260220
random_00767,random,,4583,-7187,random_seed_20260220
random_00768,random,,8538,-664,random_seed_20260220
random_00769,random,,7564,-414,random_seed_20260220
random_00770,random,,-5538,3899,random_seed_20260220
random_00771,random,,4685,-1371,random_seed_20260220
random_00772,random,,-3616,-7061,random_seed_20260220
random_00773,random,,-9996,-9563,random_seed_20260220
random_00774,random,,-8668,-2335,random_seed_20260220
random_00775,random,,-7148,-5380,random_seed_20260220
random_00776,random,,5713,2035,random_seed_20260220
random_00777,random,,-1253,519,random_seed_20260220
random_00778,random,,8918,6705,random_seed_20260220
random_00779,random,,9837,1858,random_seed_20260220
random_00780,random,,-6526,-8652,random_seed_20260220
random_00781,random,,6518,-8793,random_seed_20260220
random_00782,random,,8515,6214,random_seed_20260220
random_00783,random,,8594,-2542,random_seed_20260220
random_00784,random,,-2611,-4332,random_seed_20260220
random_00785,random,,9967,-3062,random_seed_20260220
random_00786,random,,4524,-2806,random_seed_20260220
random_00787,random,,-6546,-3268,random_seed_20260220
random_00788,random,,-787,6791,random_seed_20260220
random_00789,random,,3385,7435,random_seed_20260220
random_00790,random,,-4952,6896,random_seed_20260220
random_00791,random,,-1523,-8574,random_seed_20260220
random_00792,random,,-1383,-2064,random_seed_20260220
random_00793,random,,8309,9424,random_seed_20260220
random_00794,random,,823,-5548,random_seed_20260220
random_00795,random,,-6195,-2524,random_seed_20260220
random_00796,random,,-1082,4082,random_seed_20260220
random_00797,random,,2065,2529,random_seed_20260220
random_00798,random,,4853,-7831,random_seed_20260220
random_00799,random,,-3466,2211,random_seed_20260220
random_00800,random,,-5822,2526,random_seed_20260220
random_00801,random,,-7276,318,random_seed_20260220
random_00802,random,,9688,8053,random_seed_20260220
random_00803,random,,504,-3057,random_seed_20260220
random_00804,random,,-1986,932,random_seed_20260220
random_00805,random,,-5722,-1608,random_seed_20260220
random_00806,random,,-8824,-3142,random_seed_20260220
random_00807,random,,-2584,4229,random_seed_20260220
random_00808,random,,-154,2553,random_seed_20260220
random_00809,random,,-5462,1738,random_seed_20260220
random_00810,random,,-2470,6869,random_seed_20260220
random_00811,random,,-136,-5543,random_seed_20260220
random_00812,random,,-1630,6749,random_seed_20260220
random_00813,random,,8647,-6490,random_seed_20260220
random_00814,random,,1785,-5770,random_seed_20260220
random_00815,random,,1640,1609,random_seed_20260220
random_00816,random,,-4478,1980,random_seed_20260220
random_00817,random,,-9759,7758,random_seed_20260220
random_00818,random,,8726,-402,random_seed_20260220
random_00819,random,,-654,-9603,random_seed_20260220
random_00820,random,,1801,-9491,random_seed_20260220
random_00821,random,,5784,2054,random_seed_20260220
random_00822,random,,-3954,-3251,random_seed_20260220
random_00823,random,,-6105,-1950,random_seed_20260220
random_00824,random,,-3716,4898,random_seed_20260220
random_00825,random,,440,-7866,random_seed_20260220
random_00826,random,,1853,2907,random_seed_20260220
random_00827,random,,-5902,7947,random_seed_20260220
random_00828,random,,5277,-7551,random_seed_20260220
random_00829,random,,1688,8141,random_seed_20260220
random_00830,random,,896,-5737,random_seed_20260220
random_00831,random,,-7834,-1737,random_seed_20260220
random_00832,random,,-6779,-7249,random_seed_20260220
random_00833,random,,7529,-7216,random_seed_20260220
random_00834,random,,5972,-3344,random_seed_20260220
random_00835,random,,7428,8826,random_seed_20260220
random_00836,random,,2625,4862,random_seed_20260220
random_00837,random,,-2224,3418,random_seed_20260220
random_00838,random,,8479,6670,random_seed_20260220
random_00839,random,,5879,-1328,random_seed_20260220
random_00840,random,,-384,812,random_seed_20260220
random_00841,random,,-7323,4776,random_seed_20260220
random_00842,random,,-6518,-5313,random_seed_20260220
random_00843,random,,6198,6467,random_seed_20260220
random_00844,random,,-4109,8738,random_seed_20260220
random_00845,random,,-8868,-9597,random_seed_20260220
random_00846,random,,-3161,-1511,random_seed_20260220
random_00847,random,,-1917,2393,random_seed_20260220
random_00848,random,,-7844,6593,random_seed_20260220
random_00849,random,,-3763,-9890,random_seed_20260220
random_00850,random,,6965,5501,random_seed_20260220
random_00851,random,,-3022,816,random_seed_20260220
random_00852,random,,-8883,9944,random_seed_20260220
random_00853,random,,1896,-5288,random_seed_20260220
random_00854,random,,424,-3329,random_seed_20260220
random_00855,random,,2101,-6645,random_seed_20260220
random_00856,random,,2735,328,random_seed_20260220
random_00857,random,,-5496,-6304,random_seed_20260220
random_00858,random,,-1376,-8673,random_seed_20260220
random_00859,random,,-7276,1528,random_seed_20260220
random_00860,random,,-9650,-5592,random_seed_20260220
random_00861,random,,3627,-5704,random_seed_20260220
random_00862,random,,-3569,-4761,random_seed_20260220
random_00863,random,,-9710,8011,random_seed_20260220
random_00864,random,,-8942,4737,random_seed_20260220
random_00865,random,,-2717,-8143,random_seed_20260220
random_00866,random,,-5574,-5596,random_seed_20260220
random_00867,random,,-8041,-7581,random_seed_20260220
random_00868,random,,6245,2206,random_seed_20260220
random_00869,random,,-8924,-7764,random_seed_20260220
random_00870,random,,-8108,-6437,random_seed_20260220
random_00871,random,,-4815,-571,random_seed_20260220
random_00872,random,,9623,-3647,random_seed_20260220
random_00873,random,,6107,-8537,random_seed_20260220
random_00874,random,,5560,-5060,random_seed_20260220
random_00875,random,,-3843,9042,random_seed_20260220
random_00876,random,,7157,1623,random_seed_20260220
random_00877,random,,9602,5240,random_seed_20260220
random_00878,random,,-180,-7180,random_seed_20260220
random_00879,random,,4858,9225,random_seed_20260220
random_00880,random,,9906,-2465,random_seed_20260220
random_00881,random,,284,4903,random_seed_20260220
random_00882,random,,4338,-9012,random_seed_20260220
random_00883,random,,348,-8882,random_seed_20260220
random_00884,random,,-4416,-8849,random_seed_20260220
random_00885,random,,-3562,9519,random_seed_20260220
random_00886,random,,-7012,5381,random_seed_20260220
random_00887,random,,-8691,303,random_seed_20260220
random_00888,random,,-3469,-9199,random_seed_20260220
random_00889,random,,-8420,4996,random_seed_20260220
random_00890,random,,-4236,1485,random_seed_20260220
random_00891,random,,3630,-5204,random_seed_20260220
random_00892,random,,-96,3711,random_seed_20260220
random_00893,random,,3450,-9390,random_seed_20260220
random_00894,random,,7493,-4217,random_seed_20260220
random_00895,random,,-5508,8194,random_seed_20260220
random_00896,random,,-2980,-6296,random_seed_20260220
random_00897,random,,673,-3393,random_seed_20260220
random_00898,random,,4564,9768,random_seed_20260220
random_00899,random,,5372,-8695,random_seed_20260220
random_00900,random,,6870,1490,random_seed_20260220
random_00901,random,,-648,-8437,random_seed_20260220
random_00902,random,,4290,-4135,random_seed_20260220
random_00903,random,,5448,-9611,random_seed_20260220
random_00904,random,,1192,-7066,random_seed_20260220
random_00905,random,,8180,-9522,random_seed_20260220
random_00906,random,,-6232,-117,random_seed_20260220
random_00907,random,,-3592,2617,random_seed_20260220
random_00908,random,,-9361,2316,random_seed_20260220
random_00909,random,,-1533,8835,random_seed_20260220
random_00910,random,,-7315,6281,random_seed_20260220
random_00911,random,,-7640,7507,random_seed_20260220
random_00912,random,,-6556,-7734,random_seed_20260220
random_00913,random,,1073,3523,random_seed_20260220
random_00914,random,,4441,5839,random_seed_20260220
random_00915,random,,9951,-200,random_seed_20260220
random_00916,random,,-13,-3135,random_seed_20260220
random_00917,random,,631,-1786,random_seed_20260220
random_00918,random,,-544,-8573,random_seed_20260220
random_00919,random,,-9218,6693,random_seed_20260220
random_00920,random,,9571,8133,random_seed_20260220
random_00921,random,,1460,-9330,random_seed_20260220
random_00922,random,,7694,-8770,random_seed_20260220
random_00923,random,,7213,-2703,random_seed_20260220
random_00924,random,,1507,407,random_seed_20260220
random_00925,random,,-2174,-4399,random_seed_20260220
random_00926,random,,-173,-5346,random_seed_20260220
random_00927,random,,-766,2055,random_seed_20260220
random_00928,random,,2669,-8873,random_seed_20260220
random_00929,random,,-7318,9047,random_seed_20260220
random_00930,random,,-1361,-7559,random_seed_20260220
random_00931,random,,8517,2159,random_seed_20260220
random_00932,random,,8873,-5725,random_seed_20260220
random_00933,random,,-443,-6450,random_seed_20260220
random_00934,random,,8349,-1931,random_seed_20260220
random_00935,random,,8091,5562,random_seed_20260220
random_00936,random,,-6095,1530,random_seed_20260220
random_00937,random,,-9381,-2841,random_seed_20260220
random_00938,random,,-6621,-1923,random_seed_20260220
random_00939,random,,-4715,2420,random_seed_20260220
random_00940,random,,5342,-7647,random_seed_20260220
random_00941,random,,3265,4371,random_seed_20260220
random_00942,random,,-1157,9557,random_seed_20260220
random_00943,random,,-284,-3472,random_seed_20260220
random_00944,random,,-6592,7825,random_seed_20260220
random_00945,random,,-1070,-7644,random_seed_20260220
random_00946,random,,-9251,5913,random_seed_20260220
random_00947,random,,8663,-5048,random_seed_20260220
random_00948,random,,-7664,-766,random_seed_20260220
random_00949,random,,3069,3739,random_seed_20260220
random_00950,random,,1414,-7752,random_seed_20260220
random_00951,random,,-1390,762,random_seed_20260220
random_00952,random,,4681,-6747,random_seed_20260220
random_00953,random,,3272,8304,random_seed_20260220
random_00954,random,,5479,753,random_seed_20260220
random_00955,random,,-4140,6624,random_seed_20260220
random_00956,random,,-4739,-1087,random_seed_20260220
random_00957,random,,-7145,3724,random_seed_20260220
random_00958,random,,-1667,5349,random_seed_20260220
random_00959,random,,9411,-4814,random_seed_20260220
random_00960,random,,5131,-7253,random_seed_20260220
random_00961,random,,7060,-1318,random_seed_20260220
random_00962,random,,5361,6973,random_seed_20260220
random_00963,random,,-7428,-4775,random_seed_20260220
random_00964,random,,-3248,4623,random_seed_20260220
random_00965,random,,-8600,4179,random_seed_20260220
random_00966,random,,6006,8552,random_seed_20260220
random_00967,random,,9423,5728,random_seed_20260220
random_00968,random,,1228,-447,random_seed_20260220
random_00969,random,,-872,-405,random_seed_20260220
random_00970,random,,-4522,-5369,random_seed_20260220
random_00971,random,,-4912,-4594,random_seed_20260220
random_00972,random,,-418,-4301,random_seed_20260220
random_00973,random,,9977,-9222,random_seed_20260220
random_00974,random,,-2541,-8274,random_seed_20260220
random_00975,random,,1605,6222,random_seed_20260220
random_00976,random,,2583,706,random_seed_20260220
random_00977,random,,-3449,3791,random_seed_20260220
random_00978,random,,-4193,-1236,random_seed_20260220
random_00979,random,,-1382,4710,random_seed_20260220
random_00980,random,,7078,9605,random_seed_20260220
random_00981,random,,5956,-7700,random_seed_20260220
random_00982,random,,-9107,2964,random_seed_20260220
random_00983,random,,6155,-9359,random_seed_20260220
random_00984,random,,-907,9993,random_seed_20260220
random_00985,random,,-4018,7385,random_seed_20260220
random_00986,random,,-4886,4975,random_seed_20260220
random_00987,random,,-708,-8848,random_seed_20260220
random_00988,random,,5995,6082,random_seed_20260220
random_00989,random,,182,-2014,random_seed_20260220
random_00990,random,,4711,761,random_seed_20260220
random_00991,random,,2592,-242,random_seed_20260220
random_00992,random,,1566,647,random_seed_20260220
random_00993,random,,-9178,9820,random_seed_20260220
random_00994,random,,6071,5111,random_seed_20260220
random_00995,random,,-6600,-7727,random_seed_20260220
random_00996,random,,7059,6361,random_seed_20260220
random_00997,random,,-3095,-3596,random_seed_20260220
random_00998,random,,3347,-5921,random_seed_20260220
random_00999,random,,1210,2814,random_seed_20260220
random_01000,random,,1350,-5647,random_seed_20260220
random_01001,random,,-6958,-4045,random_seed_20260220
random_01002,random,,3220,-3411,random_seed_20260220
random_01003,random,,-8701,3387,random_seed_20260220
random_01004,random,,-1499,5989,random_seed_20260220
random_01005,random,,-4232,-5089,random_seed_20260220
random_01006,random,,9919,-2565,random_seed_20260220
random_01007,random,,-2844,4549,random_seed_20260220
random_01008,random,,1696,-9866,random_seed_20260220
random_01009,random,,-574,-7919,random_seed_20260220
random_01010,random,,927,-6709,random_seed_20260220
random_01011,random,,2572,6750,random_seed_20260220
random_01012,random,,9790,9027,random_seed_20260220
random_01013,random,,-6430,4711,random_seed_20260220
random_01014,random,,-6145,8684,random_seed_20260220
random_01015,random,,7299,26,random_seed_20260220
random_01016,random,,2513,4536,random_seed_20260220
random_01017,random,,-5403,4161,random_seed_20260220
random_01018,random,,8827,2920,random_seed_20260220
random_01019,random,,-2223,-8031,random_seed_20260220
random_01020,random,,-4643,-6265,random_seed_20260220
random_01021,random,,2644,3829,random_seed_20260220
random_01022,random,,6761,-9420,random_seed_20260220
random_01023,random,,3378,-5480,random_seed_20260220
random_01024,random,,7937,2835,random_seed_20260220
random_01025,random,,4842,8366,random_seed_20260220
random_01026,random,,3029,-100,random_seed_20260220
random_01027,random,,2965,-5184,random_seed_20260220
random_01028,random,,-6323,3096,random_seed_20260220
random_01029,random,,8214,-1538,random_seed_20260220
random_01030,random,,3403,-3967,random_seed_20260220
random_01031,random,,7307,-5671,random_seed_20260220
random_01032,random,,973,-6552,random_seed_20260220
random_01033,random,,1017,-3548,random_seed_20260220
random_01034,random,,-375,-9930,random_seed_20260220
random_01035,random,,-2052,-6079,random_seed_20260220
random_01036,random,,-49,4067,random_seed_20260220
random_01037,random,,-6860,8486,random_seed_20260220
random_01038,random,,342,-4369,random_seed_20260220
random_01039,random,,-879,2391,random_seed_20260220
random_01040,random,,203,-1841,random_seed_20260220
random_01041,random,,-5655,1426,random_seed_20260220
random_01042,random,,-243,-4015,random_seed_20260220
random_01043,random,,-8191,5114,random_seed_20260220
random_01044,random,,8093,-4203,random_seed_20260220
random_01045,random,,5987,-1613,random_seed_20260220
random_01046,random,,-5974,-6387,random_seed_20260220
random_01047,random,,-3476,3768,random_seed_20260220
random_01048,random,,933,-2936,random_seed_20260220
random_01049,random,,2953,-7334,random_seed_20260220
random_01050,random,,5247,-5536,random_seed_20260220
random_01051,random,,-2739,9893,random_seed_20260220
random_01052,random,,820,4056,random_seed_20260220
random_01053,random,,-8284,542,random_seed_20260220
random_01054,random,,4727,-7893,random_seed_20260220
random_01055,random,,-3393,3436,random_seed_20260220
random_01056,random,,3142,-6426,random_seed_20260220
random_01057,random,,4363,4988,random_seed_20260220
random_01058,random,,-2672,-3498,random_seed_20260220
random_01059,random,,879,4802,random_seed_20260220
random_01060,random,,-4569,4327,random_seed_20260220
random_01061,random,,-8212,-8228,random_seed_20260220
random_01062,random,,3323,6376,random_seed_20260220
random_01063,random,,-3924,-282,random_seed_20260220
random_01064,random,,9849,2228,random_seed_20260220
random_01065,random,,-9029,6918,random_seed_20260220
random_01066,random,,-4526,-3597,random_seed_20260220
random_01067,random,,-919,2729,random_seed_20260220
random_01068,random,,9097,9127,random_seed_20260220
random_01069,random,,9497,3045,random_seed_20260220
random_01070,random,,9664,9490,random_seed_20260220
random_01071,random,,8907,264,random_seed_20260220
random_01072,random,,8629,5492,random_seed_20260220
random_01073,random,,-3033,1984,random_seed_20260220
random_01074,random,,604,-4008,random_seed_20260220
random_01075,random,,8205,-5287,random_seed_20260220
random_01076,random,,-3185,3929,random_seed_20260220
random_01077,random,,4433,9942,random_seed_20260220
random_01078,random,,-6290,6389,random_seed_20260220
random_01079,random,,8720,4062,random_seed_20260220
random_01080,random,,-3112,-302,random_seed_20260220
random_01081,random,,-3121,-2559,random_seed_20260220
random_01082,random,,-9031,-7976,random_seed_20260220
random_01083,random,,939,-4357,random_seed_20260220
random_01084,random,,-7229,1359,random_seed_20260220
random_01085,random,,1475,391,random_seed_20260220
random_01086,random,,-3039,-302,random_seed_20260220
random_01087,random,,4734,-2290,random_seed_20260220
random_01088,random,,8742,-9104,random_seed_20260220
random_01089,random,,-7084,7655,random_seed_20260220
random_01090,random,,-2902,-8978,random_seed_20260220
random_01091,random,,-2838,-7390,random_seed_20260220
random_01092,random,,-9111,-6429,random_seed_20260220
random_01093,random,,1996,-5181,random_seed_20260220
random_01094,random,,7880,4823,random_seed_20260220
random_01095,random,,-7658,2363,random_seed_20260220
random_01096,random,,406,8082,random_seed_20260220
random_01097,random,,-5755,6906,random_seed_20260220
random_01098,random,,9246,6572,random_seed_20260220
random_01099,random,,1001,8985,random_seed_20260220
random_01100,random,,-8593,-3587,random_seed_20260220
random_01101,random,,1727,-9345,random_seed_20260220
random_01102,random,,-2118,-2888,random_seed_20260220
random_01103,random,,-529,2549,random_seed_20260220
random_01104,random,,-3566,-2221,random_seed_20260220
random_01105,random,,7512,2780,random_seed_20260220
random_01106,random,,6020,-7514,random_seed_20260220
random_01107,random,,7312,-1436,random_seed_20260220
random_01108,random,,-4488,-6552,random_seed_20260220
random_01109,random,,1333,1999,random_seed_20260220
random_01110,random,,-8943,-3791,random_seed_20260220
random_01111,random,,-5014,8936,random_seed_20260220
random_01112,random,,30,8155,random_seed_20260220
random_01113,random,,5829,6237,random_seed_20260220
random_01114,random,,-3734,-1026,random_seed_20260220
random_01115,random,,1353,-3002,random_seed_20260220
random_01116,random,,3639,6257,random_seed_20260220
random_01117,random,,631,3654,random_seed_20260220
random_01118,random,,-7594,-6938,random_seed_20260220
random_01119,random,,-6383,6565,random_seed_20260220
random_01120,random,,-9851,-5566,random_seed_20260220
random_01121,random,,-3287,-8933,random_seed_20260220
random_01122,random,,-8896,6859,random_seed_20260220
random_01123,random,,2465,7890,random_seed_20260220
random_01124,random,,-6202,181,random_seed_20260220
random_01125,random,,5205,7520,random_seed_20260220
random_01126,random,,8839,4836,random_seed_20260220
random_01127,random,,1809,-8150,random_seed_20260220
random_01128,random,,4021,-1079,random_seed_20260220
random_01129,random,,1623,7067,random_seed_20260220
random_01130,random,,4492,-9435,random_seed_20260220
random_01131,random,,-4935,8768,random_seed_20260220
random_01132,random,,-9794,1860,random_seed_20260220
random_01133,random,,9510,-5304,random_seed_20260220
random_01134,random,,-4981,-6892,random_seed_20260220
random_01135,random,,3591,-5071,random_seed_20260220
random_01136,random,,-1892,-7960,random_seed_20260220
random_01137,random,,-5439,-3929,random_seed_20260220
random_01138,random,,-5975,-1655,random_seed_20260220
random_01139,random,,9497,-2589,random_seed_20260220
random_01140,random,,5164,-9165,random_seed_20260220
random_01141,random,,3021,-6636,random_seed_20260220
random_01142,random,,5313,-9692,random_seed_20260220
random_01143,random,,-9904,-8102,random_seed_20260220
random_01144,random,,-1739,-2635,random_seed_20260220
random_01145,random,,7955,5678,random_seed_20260220
random_01146,random,,-3091,-7925,random_seed_20260220
random_01147,random,,3539,2825,random_seed_20260220
random_01148,random,,6221,2804,random_seed_20260220
random_01149,random,,-3840,5093,random_seed_20260220
random_01150,random,,-2855,3585,random_seed_20260220
random_01151,random,,-8426,-8420,random_seed_20260220
random_01152,random,,9706,-2934,random_seed_20260220
random_01153,random,,7228,-9541,random_seed_20260220
random_01154,random,,-3372,-1028,random_seed_20260220
random_01155,random,,-9852,-7366,random_seed_20260220
random_01156,random,,3187,-8880,random_seed_20260220
random_01157,random,,-645,8515,random_seed_20260220
random_01158,random,,-4502,-2289,random_seed_20260220
random_01159,random,,-6266,-1353,random_seed_20260220
random_01160,random,,-7447,8654,random_seed_20260220
random_01161,random,,-5200,-178,random_seed_20260220
random_01162,random,,-9966,7963,random_seed_20260220
random_01163,random,,-2669,2827,random_seed_20260220
random_01164,random,,-3010,7927,random_seed_20260220
random_01165,random,,3536,7882,random_seed_20260220
random_01166,random,,7108,-5648,random_seed_20260220
random_01167,random,,-8530,-7227,random_seed_20260220
random_01168,random,,-3674,-1244,random_seed_20260220
random_01169,random,,-8773,-2820,random_seed_20260220
random_01170,random,,6575,-576,random_seed_20260220
random_01171,random,,7558,-5178,random_seed_20260220
random_01172,random,,-911,-9788,random_seed_20260220
random_01173,random,,6267,9819,random_seed_20260220
random_01174,random,,-1548,-596,random_seed_20260220
random_01175,random,,6793,5254,random_seed_20260220
random_01176,random,,5830,-1064,random_seed_20260220
random_01177,random,,-652,3588,random_seed_20260220
random_01178,random,,-3488,-8063,random_seed_20260220
random_01179,random,,3333,-858,random_seed_20260220
random_01180,random,,4064,2127,random_seed_20260220
random_01181,random,,2263,9685,random_seed_20260220
random_01182,random,,3823,309,random_seed_20260220
random_01183,random,,3642,-9958,random_seed_20260220
random_01184,random,,8239,6906,random_seed_20260220
random_01185,random,,8402,5949,random_seed_20260220
random_01186,random,,7722,7389,random_seed_20260220
random_01187,random,,4062,-1457,random_seed_20260220
random_01188,random,,-7965,-8764,random_seed_20260220
random_01189,random,,2647,-9510,random_seed_20260220
random_01190,random,,-3941,-4787,random_seed_20260220
random_01191,random,,-6959,785,random_seed_20260220
random_01192,random,,9920,1342,random_seed_20260220
random_01193,random,,3483,6316,random_seed_20260220
random_01194,random,,8087,1822,random_seed_20260220
random_01195,random,,6120,-5472,random_seed_20260220
random_01196,random,,8214,1005,random_seed_20260220
random_01197,random,,9660,4074,random_seed_20260220
random_01198,random,,2246,488,random_seed_20260220
random_01199,random,,-2103,7614,random_seed_20260220
random_01200,random,,5689,4264,random_seed_20260220
random_01201,random,,3499,5249,random_seed_20260220
random_01202,random,,-7858,-2885,random_seed_20260220
random_01203,random,,-5474,6692,random_seed_20260220
random_01204,random,,1374,4270,random_seed_20260220
random_01205,random,,-5302,-4487,random_seed_20260220
random_01206,random,,-2584,-4960,random_seed_20260220
random_01207,random,,7036,8146,random_seed_20260220
random_01208,random,,5992,3237,random_seed_20260220
random_01209,random,,9456,-7329,random_seed_20260220
random_01210,random,,-8390,-157,random_seed_20260220
random_01211,random,,-6143,2612,random_seed_20260220
random_01212,random,,8726,-390,random_seed_20260220
random_01213,random,,-1061,7942,random_seed_20260220
random_01214,random,,9175,5795,random_seed_20260220
random_01215,random,,-5131,7850,random_seed_20260220
random_01216,random,,-176,-960,random_seed_20260220
random_01217,random,,-8920,-5687,random_seed_20260220
random_01218,random,,5498,-4871,random_seed_20260220
random_01219,random,,-2890,5677,random_seed_20260220
random_01220,random,,-486,7924,random_seed_20260220
random_01221,random,,-9730,4812,random_seed_20260220
random_01222,random,,-3852,-613,random_seed_20260220
random_01223,random,,39,7301,random_seed_20260220
random_01224,random,,3139,-9275,random_seed_20260220
random_01225,random,,-9835,-8504,random_seed_20260220
random_01226,random,,3217,292,random_seed_20260220
random_01227,random,,8428,-3260,random_seed_20260220
random_01228,random,,2475,-4578,random_seed_20260220
random_01229,random,,-1463,-9151,random_seed_20260220
random_01230,random,,2235,9149,random_seed_20260220
random_01231,random,,2187,-8831,random_seed_20260220
random_01232,random,,-5626,188,random_seed_20260220
random_01233,random,,-5509,8393,random_seed_20260220
random_01234,random,,-1704,-8946,random_seed_20260220
random_01235,random,,9244,-7296,random_seed_20260220
random_01236,random,,-6337,8032,random_seed_20260220
random_01237,random,,2623,-4673,random_seed_20260220
random_01238,random,,3751,3173,random_seed_20260220
random_01239,random,,4973,5920,random_seed_20260220
random_01240,random,,1686,-4328,random_seed_20260220
random_01241,random,,3990,-6677,random_seed_20260220
random_01242,random,,-691,3102,random_seed_20260220
random_01243,random,,5713,-7470,random_seed_20260220
random_01244,random,,8760,-4443,random_seed_20260220
random_01245,random,,4046,-7778,random_seed_20260220
random_01246,random,,3994,-2990,random_seed_20260220
random_01247,random,,-5928,-8159,random_seed_20260220
random_01248,random,,1587,-713,random_seed_20260220
random_01249,random,,6114,-5044,random_seed_20260220
random_01250,random,,-8773,9600,random_seed_20260220
random_01251,random,,9015,-1021,random_seed_20260220
random_01252,random,,5389,-4742,random_seed_20260220
random_01253,random,,4215,4829,random_seed_20260220
random_01254,random,,-4731,-654,random_seed_20260220
random_01255,random,,5307,5747,random_seed_20260220
random_01256,random,,1722,2588,random_seed_20260220
random_01257,random,,-1189,1774,random_seed_20260220
random_01258,random,,-4115,-3638,random_seed_20260220
random_01259,random,,9889,-8024,random_seed_20260220
random_01260,random,,579,1412,random_seed_20260220
random_01261,random,,-4814,6149,random_seed_20260220
random_01262,random,,-5260,8610,random_seed_20260220
random_01263,random,,-8754,-8830,random_seed_20260220
random_01264,random,,6868,-1423,random_seed_20260220
random_01265,random,,-8555,5080,random_seed_20260220
random_01266,random,,3014,9330,random_seed_20260220
random_01267,random,,-705,-7638,random_seed_20260220
random_01268,random,,-3229,-763,random_seed_20260220
random_01269,random,,-9481,-1875,random_seed_20260220
random_01270,random,,-1543,-8653,random_seed_20260220
random_01271,random,,-3258,2658,random_seed_20260220
random_01272,random,,-5101,97,random_seed_20260220
random_01273,random,,7435,-4682,random_seed_20260220
random_01274,random,,-3809,-6150,random_seed_20260220
random_01275,random,,-9436,-4253,random_seed_20260220
random_01276,random,,7130,-3605,random_seed_20260220
random_01277,random,,-4831,-9975,random_seed_20260220
random_01278,random,,2196,5379,random_seed_20260220
random_01279,random,,-8964,-7808,random_seed_20260220
random_01280,random,,7610,-2187,random_seed_20260220
random_01281,random,,-926,-2817,random_seed_20260220
random_01282,random,,-5019,-3404,random_seed_20260220
random_01283,random,,-2610,-9220,random_seed_20260220
random_01284,random,,-2299,-4704,random_seed_20260220
random_01285,random,,-1061,-6100,random_seed_20260220
random_01286,random,,1197,7748,random_seed_20260220
random_01287,random,,8113,-4866,random_seed_20260220
random_01288,random,,-5274,7966,random_seed_20260220
random_01289,random,,-3051,6455,random_seed_20260220
random_01290,random,,5939,2067,random_seed_20260220
random_01291,random,,-8717,5801,random_seed_20260220
random_01292,random,,8573,-7544,random_seed_20260220
random_01293,random,,852,-6049,random_seed_20260220
random_01294,random,,7651,4821,random_seed_20260220
random_01295,random,,-2366,-7822,random_seed_20260220
random_01296,random,,-8766,9952,random_seed_20260220
random_01297,random,,-413,5642,random_seed_20260220
random_01298,random,,4090,7560,random_seed_20260220
random_01299,random,,-2316,-8588,random_seed_20260220
random_01300,random,,-4049,6246,random_seed_20260220
random_01301,random,,-3902,-5717,random_seed_20260220
random_01302,random,,-5219,-4336,random_seed_20260220
random_01303,random,,4407,7368,random_seed_20260220
random_01304,random,,-8698,5915,random_seed_20260220
random_01305,random,,4981,4308,random_seed_20260220
random_01306,random,,-4648,7417,random_seed_20260220
random_01307,random,,1012,-8197,random_seed_20260220
random_01308,random,,1669,3364,random_seed_20260220
random_01309,random,,8206,1285,random_seed_20260220
random_01310,random,,5549,9418,random_seed_20260220
random_01311,random,,-8518,-5538,random_seed_20260220
random_01312,random,,9911,2912,random_seed_20260220
random_01313,random,,562,9446,random_seed_20260220
random_01314,random,,-8607,-3744,random_seed_20260220
random_01315,random,,-8491,-334,random_seed_20260220
random_01316,random,,-4709,8545,random_seed_20260220
random_01317,random,,9140,-6599,random_seed_20260220
random_01318,random,,8158,-7004,random_seed_20260220
random_01319,random,,-7732,5341,random_seed_20260220
random_01320,random,,-3840,5055,random_seed_20260220
random_01321,random,,-6832,-3550,random_seed_20260220
random_01322,random,,-1632,6737,random_seed_20260220
random_01323,random,,-9337,-2764,random_seed_20260220
random_01324,random,,1177,5450,random_seed_20260220
random_01325,random,,2046,-3360,random_seed_20260220
random_01326,random,,2568,2649,random_seed_20260220
random_01327,random,,-6113,-745,random_seed_20260220
random_01328,random,,-740,1531,random_seed_20260220
random_01329,random,,-368,2971,random_seed_20260220
random_01330,random,,-7462,-2547,random_seed_20260220
random_01331,random,,-897,-3883,random_seed_20260220
random_01332,random,,-9919,-5485,random_seed_20260220
random_01333,random,,805,393,random_seed_20260220
random_01334,random,,-1587,-4948,random_seed_20260220
random_01335,random,,6871,-6632,random_seed_20260220
random_01336,random,,6012,4435,random_seed_20260220
random_01337,random,,-9726,-2556,random_seed_20260220
random_01338,random,,8986,-7196,random_seed_20260220
random_01339,random,,-2990,1296,random_seed_20260220
random_01340,random,,387,3287,random_seed_20260220
random_01341,random,,1478,9251,random_seed_20260220
random_01342,random,,8507,-1599,random_seed_20260220
random_01343,random,,9464,-2949,random_seed_20260220
random_01344,random,,-3792,-3810,random_seed_20260220
random_01345,random,,-9564,8503,random_seed_20260220
random_01346,random,,-407,4790,random_seed_20260220
random_01347,random,,8891,2383,random_seed_20260220
random_01348,random,,5381,-8322,random_seed_20260220
random_01349,random,,-418,-6172,random_seed_20260220
random_01350,random,,-1344,-2292,random_seed_20260220
random_01351,random,,-4409,-8593,random_seed_20260220
random_01352,random,,-4775,694,random_seed_20260220
random_01353,random,,-5415,8139,random_seed_20260220
random_01354,random,,-4793,8664,random_seed_20260220
random_01355,random,,-342,5840,random_seed_20260220
random_01356,random,,9922,3155,random_seed_20260220
random_01357,random,,7981,6786,random_seed_20260220
random_01358,random,,9768,3455,random_seed_20260220
random_01359,random,,3514,-7730,random_seed_20260220
random_01360,random,,-7500,-2274,random_seed_20260220
random_01361,random,,-2861,4845,random_seed_20260220
random_01362,random,,3540,-3281,random_seed_20260220
random_01363,random,,1428,-9139,random_seed_20260220
random_01364,random,,6314,2162,random_seed_20260220
random_01365,random,,8133,-1936,random_seed_20260220
random_01366,random,,-2870,-5799,random_seed_20260220
random_01367,random,,-7904,-2958,random_seed_20260220
random_01368,random,,-4585,-4735,random_seed_20260220
random_01369,random,,3925,-1818,random_seed_20260220
random_01370,random,,-6066,-7471,random_seed_20260220
random_01371,random,,-3488,7496,random_seed_20260220
random_01372,random,,-1007,-929,random_seed_20260220
random_01373,random,,275,8890,random_seed_20260220
random_01374,random,,4973,2511,random_seed_20260220
random_01375,random,,-5566,7502,random_seed_20260220
random_01376,random,,-2307,5520,random_seed_20260220
random_01377,random,,523,9747,random_seed_20260220
random_01378,random,,-8543,-1658,random_seed_20260220
random_01379,random,,-8193,4032,random_seed_20260220
random_01380,random,,-2257,9532,random_seed_20260220
random_01381,random,,7596,3948,random_seed_20260220
random_01382,random,,1310,4252,random_seed_20260220
random_01383,random,,-2787,293,random_seed_20260220
random_01384,random,,8831,-6864,random_seed_20260220
random_01385,random,,5564,2122,random_seed_20260220
random_01386,random,,-3969,-4583,random_seed_20260220
random_01387,random,,-4030,-4403,random_seed_20260220
random_01388,random,,9642,1824,random_seed_20260220
random_01389,random,,-9534,-6745,random_seed_20260220
random_01390,random,,-5582,-7854,random_seed_20260220
random_01391,random,,5710,1816,random_seed_20260220
random_01392,random,,-9619,1620,random_seed_20260220
random_01393,random,,-6276,-2013,random_seed_20260220
random_01394,random,,-7553,8383,random_seed_20260220
random_01395,random,,9948,3204,random_seed_20260220
random_01396,random,,1211,-3003,random_seed_20260220
random_01397,random,,-5014,-7496,random_seed_20260220
random_01398,random,,-7118,467,random_seed_20260220
random_01399,random,,9879,-5244,random_seed_20260220
random_01400,random,,5442,-2888,random_seed_20260220
random_01401,random,,-374,-1786,random_seed_20260220
random_01402,random,,-9054,3277,random_seed_20260220
random_01403,random,,419,-3578,random_seed_20260220
random_01404,random,,-1219,-5838,random_seed_20260220
random_01405,random,,-4959,9333,random_seed_20260220
random_01406,random,,5225,-7945,random_seed_20260220
random_01407,random,,-5169,1912,random_seed_20260220
random_01408,random,,-9419,-6336,random_seed_20260220
random_01409,random,,9958,8018,random_seed_20260220
random_01410,random,,-4281,-5324,random_seed_20260220
random_01411,random,,-9657,-9601,random_seed_20260220
random_01412,random,,-4250,2652,random_seed_20260220
random_01413,random,,-3570,-614,random_seed_20260220
random_01414,random,,1713,-9671,random_seed_20260220
random_01415,random,,1904,-1572,random_seed_20260220
random_01416,random,,8374,9618,random_seed_20260220
random_01417,random,,-2803,-2999,random_seed_20260220
random_01418,random,,-1373,-3162,random_seed_20260220
random_01419,random,,2874,-5521,random_seed_20260220
random_01420,random,,7217,301,random_seed_20260220
random_01421,random,,1332,5498,random_seed_20260220
random_01422,random,,21,2469,random_seed_20260220
random_01423,random,,-3495,-9265,random_seed_20260220
random_01424,random,,6548,3596,random_seed_20260220
random_01425,random,,-5582,-3984,random_seed_20260220
random_01426,random,,6055,-7326,random_seed_20260220
random_01427,random,,-2124,-6155,random_seed_20260220
random_01428,random,,-9745,-1345,random_seed_20260220
random_01429,random,,-1813,-2142,random_seed_20260220
random_01430,random,,-7097,9598,random_seed_20260220
random_01431,random,,1540,4792,random_seed_20260220
random_01432,random,,667,4373,random_seed_20260220
random_01433,random,,2267,-3373,random_seed_20260220
random_01434,random,,-800,6696,random_seed_20260220
random_01435,random,,-2489,8684,random_seed_20260220
random_01436,random,,-3165,8027,random_seed_20260220
random_01437,random,,1473,-1773,random_seed_20260220
random_01438,random,,9777,9519,random_seed_20260220
random_01439,random,,5115,-8382,random_seed_20260220
random_01440,random,,-99,-8582,random_seed_20260220
random_01441,random,,-708,9956,random_seed_20260220
random_01442,random,,2634,99,random_seed_20260220
random_01443,random,,7406,-9802,random_seed_20260220
random_01444,random,,5470,6677,random_seed_20260220
random_01445,random,,-3165,1326,random_seed_20260220
random_01446,random,,5415,-3996,random_seed_20260220
random_01447,random,,-7152,1160,random_seed_20260220
random_01448,random,,-8462,-120,random_seed_20260220
random_01449,random,,6153,-4123,random_seed_20260220
random_01450,random,,-521,355,random_seed_20260220
random_01451,random,,7662,-4511,random_seed_20260220
random_01452,random,,4887,-7005,random_seed_20260220
random_01453,random,,9885,-7817,random_seed_20260220
random_01454,random,,-4790,8712,random_seed_20260220
random_01455,random,,-4508,3686,random_seed_20260220
random_01456,random,,-9512,4619,random_seed_20260220
random_01457,random,,-1031,-7793,random_seed_20260220
random_01458,random,,-3673,-7041,random_seed_20260220
random_01459,random,,-1648,-11,random_seed_20260220
random_01460,random,,8977,-5454,random_seed_20260220
random_01461,random,,396,-7039,random_seed_20260220
random_01462,random,,-4433,-132,random_seed_20260220
random_01463,random,,1793,2153,random_seed_20260220
random_01464,random,,4917,-8082,random_seed_20260220
random_01465,random,,3303,2532,random_seed_20260220
random_01466,random,,9961,-5171,random_seed_20260220
random_01467,random,,699,-6969,random_seed_20260220
random_01468,random,,2009,-615,random_seed_20260220
random_01469,random,,-7647,5359,random_seed_20260220
random_01470,random,,-9880,8595,random_seed_20260220
random_01471,random,,-1451,-911,random_seed_20260220
random_01472,random,,-4288,-2562,random_seed_20260220
random_01473,random,,5470,-4959,random_seed_20260220
random_01474,random,,-9806,353,random_seed_20260220
random_01475,random,,-3006,-178,random_seed_20260220
random_01476,random,,5917,-1521,random_seed_20260220
random_01477,random,,-2651,-8449,random_seed_20260220
random_01478,random,,-5482,5308,random_seed_20260220
random_01479,random,,-2064,-4546,random_seed_20260220
random_01480,random,,6022,2781,random_seed_20260220
random_01481,random,,8274,-8587,random_seed_20260220
random_01482,random,,-8014,-116,random_seed_20260220
random_01483,random,,-6936,7221,random_seed_20260220
random_01484,random,,-5243,9752,random_seed_20260220
random_01485,random,,2563,-8294,random_seed_20260220
random_01486,random,,-8222,-2932,random_seed_20260220
random_01487,random,,-4758,-4839,random_seed_20260220
random_01488,random,,-4374,-3939,random_seed_20260220
random_01489,random,,-9069,9812,random_seed_20260220
random_01490,random,,7153,6977,random_seed_20260220
random_01491,random,,8012,-8833,random_seed_20260220
random_01492,random,,5602,1023,random_seed_20260220
random_01493,random,,3914,-7189,random_seed_20260220
random_01494,random,,2720,-2395,random_seed_20260220
random_01495,random,,6149,-3695,random_seed_20260220
random_01496,random,,312,103,random_seed_20260220
random_01497,random,,-7353,-5805,random_seed_20260220
random_01498,random,,4872,-5347,random_seed_20260220
random_01499,random,,-5019,-7679,random_seed_20260220
random_01500,random,,-5114,-465,random_seed_20260220
random_01501,random,,-5572,-1685,random_seed_20260220
random_01502,random,,-4446,9509,random_seed_20260220
random_01503,random,,7990,-4733,random_seed_20260220
random_01504,random,,3862,8923,random_seed_20260220
random_01505,random,,-9202,-4865,random_seed_20260220
random_01506,random,,-4273,3794,random_seed_20260220
random_01507,random,,-4316,2658,random_seed_20260220
random_01508,random,,9275,6494,random_seed_20260220
random_01509,random,,-5841,6995,random_seed_20260220
random_01510,random,,-6365,9470,random_seed_20260220
random_01511,random,,-9150,-9024,random_seed_20260220
random_01512,random,,6520,5812,random_seed_20260220
random_01513,random,,-5398,4558,random_seed_20260220
random_01514,random,,-8551,6893,random_seed_20260220
random_01515,random,,6722,9488,random_seed_20260220
random_01516,random,,-276,8574,random_seed_20260220
random_01517,random,,-8691,-4354,random_seed_20260220
random_01518,random,,-1417,-2665,random_seed_20260220
random_01519,random,,6677,5974,random_seed_20260220
random_01520,random,,-1993,-9750,random_seed_20260220
random_01521,random,,8351,-9820,random_seed_20260220
random_01522,random,,2148,-7699,random_seed_20260220
random_01523,random,,3971,-8065,random_seed_20260220
random_01524,random,,3496,640,random_seed_20260220
random_01525,random,,-8348,-3385,random_seed_20260220
random_01526,random,,6857,3474,random_seed_20260220
random_01527,random,,8130,8302,random_seed_20260220
random_01528,random,,6325,3385,random_seed_20260220
random_01529,random,,-2824,1574,random_seed_20260220
random_01530,random,,1518,-1395,random_seed_20260220
random_01531,random,,-4423,-9378,random_seed_20260220
random_01532,random,,-8904,-1165,random_seed_20260220
random_01533,random,,4215,5203,random_seed_20260220
random_01534,random,,4781,-6027,random_seed_20260220
random_01535,random,,-115,-5130,random_seed_20260220
random_01536,random,,543,-5363,random_seed_20260220
random_01537,random,,-8190,-5387,random_seed_20260220
random_01538,random,,-669,-6911,random_seed_20260220
random_01539,random,,8696,-483,random_seed_20260220
random_01540,random,,-1092,8339,random_seed_20260220
random_01541,random,,5642,-4037,random_seed_20260220
random_01542,random,,6323,2979,random_seed_20260220
random_01543,random,,5394,9463,random_seed_20260220
random_01544,random,,-3505,-8275,random_seed_20260220
random_01545,random,,-5346,-4514,random_seed_20260220
random_01546,random,,-7850,-5429,random_seed_20260220
random_01547,random,,-6549,1233,random_seed_20260220
random_01548,random,,-1921,-4636,random_seed_20260220
random_01549,random,,3046,-1865,random_seed_20260220
random_01550,random,,5607,-7250,random_seed_20260220
random_01551,random,,4669,-4893,random_seed_20260220
random_01552,random,,-890,-5038,random_seed_20260220
random_01553,random,,2471,-6449,random_seed_20260220
random_01554,random,,6125,1595,random_seed_20260220
random_01555,random,,1601,5190,random_seed_20260220
random_01556,random,,869,6804,random_seed_20260220
random_01557,random,,-2453,-555,random_seed_20260220
random_01558,random,,-2122,-4053,random_seed_20260220
random_01559,random,,955,-1192,random_seed_20260220
random_01560,random,,-9831,5436,random_seed_20260220
random_01561,random,,6550,2537,random_seed_20260220
random_01562,random,,9993,-6892,random_seed_20260220
random_01563,random,,-5912,4005,random_seed_20260220
random_01564,random,,-932,-7903,random_seed_20260220
random_01565,random,,-1509,8168,random_seed_20260220
random_01566,random,,5550,-7130,random_seed_20260220
random_01567,random,,3001,-6422,random_seed_20260220
random_01568,random,,-7826,8471,random_seed_20260220
random_01569,random,,1922,-7431,random_seed_20260220
random_01570,random,,-6959,966,random_seed_20260220
random_01571,random,,-5121,1892,random_seed_20260220
random_01572,random,,-4849,-9804,random_seed_20260220
random_01573,random,,2039,-5082,random_seed_20260220
random_01574,random,,6381,-7541,random_seed_20260220
random_01575,random,,4742,3900,random_seed_20260220
random_01576,random,,3324,-7691,random_seed_20260220
random_01577,random,,58,3531,random_seed_20260220
random_01578,random,,7291,3309,random_seed_20260220
random_01579,random,,-8003,1551,random_seed_20260220
random_01580,random,,-2411,3618,random_seed_20260220
random_01581,random,,-8463,-1850,random_seed_20260220
random_01582,random,,-2749,3449,random_seed_20260220
random_01583,random,,7015,7257,random_seed_20260220
random_01584,random,,753,-2193,random_seed_20260220
random_01585,random,,9246,-974,random_seed_20260220
random_01586,random,,5973,-610,random_seed_20260220
random_01587,random,,-4473,545,random_seed_20260220
random_01588,random,,-3227,-9773,random_seed_20260220
random_01589,random,,9355,-9748,random_seed_20260220
random_01590,random,,2963,1244,random_seed_20260220
random_01591,random,,7055,-5205,random_seed_20260220
random_01592,random,,5421,-6597,random_seed_20260220
random_01593,random,,9353,-9471,random_seed_20260220
random_01594,random,,-1522,-7791,random_seed_20260220
random_01595,random,,-7423,-3106,random_seed_20260220
random_01596,random,,2469,-9241,random_seed_20260220
random_01597,random,,7070,-4455,random_seed_20260220
random_01598,random,,-967,2178,random_seed_20260220
random_01599,random,,-5626,1211,random_seed_20260220
random_01600,random,,1708,-3513,random_seed_20260220
random_01601,random,,-9325,6271,random_seed_20260220
random_01602,random,,17,8876,random_seed_20260220
random_01603,random,,-5003,-1933,random_seed_20260220
random_01604,random,,5942,-382,random_seed_20260220
random_01605,random,,-8513,-4199,random_seed_20260220
random_01606,random,,-8851,914,random_seed_20260220
random_01607,random,,-7859,-4778,random_seed_20260220
random_01608,random,,9972,2548,random_seed_20260220
random_01609,random,,1878,8774,random_seed_20260220
random_01610,random,,9188,5941,random_seed_20260220
random_01611,random,,9628,6393,random_seed_20260220
random_01612,random,,1108,-5990,random_seed_20260220
random_01613,random,,9225,-6326,random_seed_20260220
random_01614,random,,-9200,7278,random_seed_20260220
random_01615,random,,-5316,2827,random_seed_20260220
random_01616,random,,-5801,-4848,random_seed_20260220
random_01617,random,,1556,-251,random_seed_20260220
random_01618,random,,-9353,-9193,random_seed_20260220
random_01619,random,,8947,-8808,random_seed_20260220
random_01620,random,,-9439,-5200,random_seed_20260220
random_01621,random,,1065,8474,random_seed_20260220
random_01622,random,,-9520,4426,random_seed_20260220
random_01623,random,,-1251,-650,random_seed_20260220
random_01624,random,,6365,-1604,random_seed_20260220
random_01625,random,,-9281,-5680,random_seed_20260220
random_01626,random,,-8693,-7939,random_seed_20260220
random_01627,random,,5392,-7430,random_seed_20260220
random_01628,random,,7647,5591,random_seed_20260220
random_01629,random,,7360,2592,random_seed_20260220
random_01630,random,,5968,-8574,random_seed_20260220
random_01631,random,,-3938,-2708,random_seed_20260220
random_01632,random,,-2036,-8157,random_seed_20260220
random_01633,random,,8151,-7171,random_seed_20260220
random_01634,random,,1687,4348,random_seed_20260220
random_01635,random,,8004,1605,random_seed_20260220
random_01636,random,,-3151,-512,random_seed_20260220
random_01637,random,,-9119,-4562,random_seed_20260220
random_01638,random,,-1786,-7490,random_seed_20260220
random_01639,random,,7479,9137,random_seed_20260220
random_01640,random,,-688,-6590,random_seed_20260220
random_01641,random,,6440,8871,random_seed_20260220
random_01642,random,,1940,-3357,random_seed_20260220
random_01643,random,,-3758,-808,random_seed_20260220
random_01644,random,,5250,-7830,random_seed_20260220
random_01645,random,,-646,9317,random_seed_20260220
random_01646,random,,5822,8748,random_seed_20260220
random_01647,random,,857,8935,random_seed_20260220
random_01648,random,,-5431,-204,random_seed_20260220
random_01649,random,,-3634,4713,random_seed_20260220
random_01650,random,,-8599,8933,random_seed_20260220
random_01651,random,,29,9443,random_seed_20260220
random_01652,random,,-5007,-4561,random_seed_20260220
random_01653,random,,-9397,-7631,random_seed_20260220
random_01654,random,,-1667,-3607,random_seed_20260220
random_01655,random,,9756,3556,random_seed_20260220
random_01656,random,,9357,-3432,random_seed_20260220
random_01657,random,,381,-3571,random_seed_20260220
random_01658,random,,9326,4083,random_seed_20260220
random_01659,random,,-9390,-7838,random_seed_20260220
random_01660,random,,-6289,-249,random_seed_20260220
random_01661,random,,3627,4534,random_seed_20260220
random_01662,random,,-1756,2088,random_seed_20260220
random_01663,random,,-9800,-2804,random_seed_20260220
random_01664,random,,-8935,6167,random_seed_20260220
random_01665,random,,3408,4220,random_seed_20260220
random_01666,random,,6645,-5081,random_seed_20260220
random_01667,random,,4911,-9848,random_seed_20260220
random_01668,random,,-4152,-2178,random_seed_20260220
random_01669,random,,9467,9336,random_seed_20260220
random_01670,random,,2125,2102,random_seed_20260220
random_01671,random,,-616,-6355,random_seed_20260220
random_01672,random,,3105,-4866,random_seed_20260220
random_01673,random,,3403,9480,random_seed_20260220
random_01674,random,,-2508,-815,random_seed_20260220
random_01675,random,,-5718,-416,random_seed_20260220
random_01676,random,,4782,-3269,random_seed_20260220
random_01677,random,,-7528,-1134,random_seed_20260220
random_01678,random,,3360,-3197,random_seed_20260220
random_01679,random,,-9576,2734,random_seed_20260220
random_01680,random,,9445,6338,random_seed_20260220
random_01681,random,,3961,4959,random_seed_20260220
random_01682,random,,-1159,-2652,random_seed_20260220
random_01683,random,,8552,227,random_seed_20260220
random_01684,random,,2775,-9118,random_seed_20260220
random_01685,random,,2048,6259,random_seed_20260220
random_01686,random,,5329,-746,random_seed_20260220
random_01687,random,,9538,-5723,random_seed_20260220
random_01688,random,,5031,5984,random_seed_20260220
random_01689,random,,-3940,9685,random_seed_20260220
random_01690,random,,-1869,-9896,random_seed_20260220
random_01691,random,,5400,5733,random_seed_20260220
random_01692,random,,-7186,-8635,random_seed_20260220
random_01693,random,,-8072,-6967,random_seed_20260220
random_01694,random,,-4922,8264,random_seed_20260220
random_01695,random,,1092,3456,random_seed_20260220
random_01696,random,,5096,8989,random_seed_20260220
random_01697,random,,7495,101,random_seed_20260220
random_01698,random,,-754,7377,random_seed_20260220
random_01699,random,,-4171,1561,random_seed_20260220
random_01700,random,,4586,9789,random_seed_20260220
random_01701,random,,-9967,3213,random_seed_20260220
random_01702,random,,-6989,-2272,random_seed_20260220
random_01703,random,,-2853,-7060,random_seed_20260220
random_01704,random,,-3488,3389,random_seed_20260220
random_01705,random,,678,1669,random_seed_20260220
random_01706,random,,3488,1909,random_seed_20260220
random_01707,random,,2508,-137,random_seed_20260220
random_01708,random,,3807,9717,random_seed_20260220
random_01709,random,,-6923,-9783,random_seed_20260220
random_01710,random,,-8129,-7597,random_seed_20260220
random_01711,random,,-8758,-8712,random_seed_20260220
random_01712,random,,-2779,-915,random_seed_20260220
random_01713,random,,5913,2577,random_seed_20260220
random_01714,random,,8597,-3391,random_seed_20260220
random_01715,random,,-6762,9322,random_seed_20260220
random_01716,random,,7256,9385,random_seed_20260220
random_01717,random,,1943,9444,random_seed_20260220
random_01718,random,,8100,6476,random_seed_20260220
random_01719,random,,5692,9164,random_seed_20260220
random_01720,random,,-1805,-4575,random_seed_20260220
random_01721,random,,3488,5068,random_seed_20260220
random_01722,random,,7180,5428,random_seed_20260220
random_01723,random,,3618,-6279,random_seed_20260220
random_01724,random,,-1284,5698,random_seed_20260220
random_01725,random,,-4124,7602,random_seed_20260220
random_01726,random,,1454,-7616,random_seed_20260220
random_01727,random,,337,1796,random_seed_20260220
random_01728,random,,-1541,-5443,random_seed_20260220
random_01729,random,,2677,6496,random_seed_20260220
random_01730,random,,6825,9456,random_seed_20260220
random_01731,random,,3952,5023,random_seed_20260220
random_01732,random,,-7283,-1169,random_seed_20260220
random_01733,random,,2991,7574,random_seed_20260220
random_01734,random,,-646,-5921,random_seed_20260220
random_01735,random,,-9195,3712,random_seed_20260220
random_01736,random,,4016,-4989,random_seed_20260220
random_01737,random,,153,5165,random_seed_20260220
random_01738,random,,9001,-7525,random_seed_20260220
random_01739,random,,-7957,-1193,random_seed_20260220
random_01740,random,,6833,7246,random_seed_20260220
random_01741,random,,8789,1691,random_seed_20260220
random_01742,random,,-8462,-6577,random_seed_20260220
random_01743,random,,-1812,5868,random_seed_20260220
random_01744,random,,-5240,-6509,random_seed_20260220
random_01745,random,,5318,2798,random_seed_20260220
random_01746,random,,-6255,2216,random_seed_20260220
random_01747,random,,-7956,902,random_seed_20260220
random_01748,random,,4384,9305,random_seed_20260220
random_01749,random,,194,5103,random_seed_20260220
random_01750,random,,441,-4855,random_seed_20260220
random_01751,random,,-9145,-1164,random_seed_20260220
random_01752,random,,4575,-2027,random_seed_20260220
random_01753,random,,-4301,4840,random_seed_20260220
random_01754,random,,34,-4954,random_seed_20260220
random_01755,random,,-4385,6568,random_seed_20260220
random_01756,random,,7268,3108,random_seed_20260220
random_01757,random,,5843,-6957,random_seed_20260220
random_01758,random,,-6217,5174,random_seed_20260220
random_01759,random,,9285,3084,random_seed_20260220
random_01760,random,,-7481,7514,random_seed_20260220
random_01761,random,,1419,1209,random_seed_20260220
random_01762,random,,5052,-3714,random_seed_20260220
random_01763,random,,-1693,3954,random_seed_20260220
random_01764,random,,572,-6363,random_seed_20260220
random_01765,random,,-7728,7050,random_seed_20260220
random_01766,random,,8938,-7755,random_seed_20260220
random_01767,random,,2442,-8100,random_seed_20260220
random_01768,random,,9973,-8577,random_seed_20260220
random_01769,random,,-5371,-5976,random_seed_20260220
random_01770,random,,-6861,-1481,random_seed_20260220
random_01771,random,,-5791,-3627,random_seed_20260220
random_01772,random,,-1268,6146,random_seed_20260220
random_01773,random,,4310,6141,random_seed_20260220
random_01774,random,,-9030,9114,random_seed_20260220
random_01775,random,,-7484,-94,random_seed_20260220
random_01776,random,,6863,4231,random_seed_20260220
random_01777,random,,-4167,-3681,random_seed_20260220
random_01778,random,,7015,-377,random_seed_20260220
random_01779,random,,7038,-5638,random_seed_20260220
random_01780,random,,1074,-560,random_seed_20260220
random_01781,random,,-4468,1247,random_seed_20260220
random_01782,random,,3227,-8643,random_seed_20260220
random_01783,random,,-2074,-5797,random_seed_20260220
random_01784,random,,-8315,6503,random_seed_20260220
random_01785,random,,1607,-9570,random_seed_20260220
random_01786,random,,8630,4763,random_seed_20260220
random_01787,random,,2641,9703,random_seed_20260220
random_01788,random,,-9480,-8837,random_seed_20260220
random_01789,random,,6222,6057,random_seed_20260220
random_01790,random,,-485,5099,random_seed_20260220
random_01791,random,,9282,1718,random_seed_20260220
random_01792,random,,-9391,7999,random_seed_20260220
random_01793,random,,-9201,-8997,random_seed_20260220
random_01794,random,,-9724,3178,random_seed_20260220
random_01795,random,,8332,-8017,random_seed_20260220
random_01796,random,,-552,3259,random_seed_20260220
random_01797,random,,6947,5049,random_seed_20260220
random_01798,random,,6225,-3687,random_seed_20260220
random_01799,random,,6397,9709,random_seed_20260220
random_01800,random,,-5601,-284,random_seed_20260220
random_01801,random,,-8616,2430,random_seed_20260220
random_01802,random,,-8356,5314,random_seed_20260220
random_01803,random,,9038,-9968,random_seed_20260220
random_01804,random,,4253,8960,random_seed_20260220
random_01805,random,,-9333,-8976,random_seed_20260220
random_01806,random,,439,4794,random_seed_20260220
random_01807,random,,-8601,8152,random_seed_20260220
random_01808,random,,6804,7439,random_seed_20260220
random_01809,random,,754,-2745,random_seed_20260220
random_01810,random,,-8371,-54,random_seed_20260220
random_01811,random,,8784,-4224,random_seed_20260220
random_01812,random,,3592,6603,random_seed_20260220
random_01813,random,,-2141,-3797,random_seed_20260220
random_01814,random,,-3091,-2190,random_seed_20260220
random_01815,random,,4006,-1844,random_seed_20260220
random_01816,random,,2202,4041,random_seed_20260220
random_01817,random,,-6924,-1463,random_seed_20260220
random_01818,random,,-1578,-6188,random_seed_20260220
random_01819,random,,-2834,-9486,random_seed_20260220
random_01820,random,,923,9412,random_seed_20260220
random_01821,random,,-6958,7638,random_seed_20260220
random_01822,random,,-5323,-6715,random_seed_20260220
random_01823,random,,637,5470,random_seed_20260220
random_01824,random,,7591,-6215,random_seed_20260220
random_01825,random,,9231,-3420,random_seed_20260220
random_01826,random,,5687,-9387,random_seed_20260220
random_01827,random,,1188,-2397,random_seed_20260220
random_01828,random,,7908,866,random_seed_20260220
random_01829,random,,4372,-4544,random_seed_20260220
random_01830,random,,-5136,-7211,random_seed_20260220
random_01831,random,,7292,7520,random_seed_20260220
random_01832,random,,7334,-5970,random_seed_20260220
random_01833,random,,3890,-264,random_seed_20260220
random_01834,random,,4526,5496,random_seed_20260220
random_01835,random,,-4006,894,random_seed_20260220
random_01836,random,,-3752,-4879,random_seed_20260220
random_01837,random,,-4457,-2672,random_seed_20260220
random_01838,random,,6128,9178,random_seed_20260220
random_01839,random,,830,4956,random_seed_20260220
random_01840,random,,5772,8212,random_seed_20260220
random_01841,random,,3989,-4335,random_seed_20260220
random_01842,random,,1577,9510,random_seed_20260220
random_01843,random,,2192,-7822,random_seed_20260220
random_01844,random,,-9979,-5947,random_seed_20260220
random_01845,random,,7916,974,random_seed_20260220
random_01846,random,,-9525,9628,random_seed_20260220
random_01847,random,,-2773,2287,random_seed_20260220
random_01848,random,,9481,1727,random_seed_20260220
random_01849,random,,-937,4871,random_seed_20260220
random_01850,random,,3008,-8346,random_seed_20260220
random_01851,random,,5224,-3667,random_seed_20260220
random_01852,random,,6167,1582,random_seed_20260220
random_01853,random,,548,4516,random_seed_20260220
random_01854,random,,5198,9772,random_seed_20260220
random_01855,random,,6047,-6857,random_seed_20260220
random_01856,random,,444,5051,random_seed_20260220
random_01857,random,,-2047,2209,random_seed_20260220
random_01858,random,,8061,2377,random_seed_20260220
random_01859,random,,9545,6770,random_seed_20260220
random_01860,random,,-3793,-1389,random_seed_20260220
random_01861,random,,4889,-4164,random_seed_20260220
random_01862,random,,7382,2869,random_seed_20260220
random_01863,random,,-8068,5193,random_seed_20260220
random_01864,random,,3295,-1736,random_seed_20260220
random_01865,random,,-8917,-8344,random_seed_20260220
random_01866,random,,-1867,6390,random_seed_20260220
random_01867,random,,8536,-8209,random_seed_20260220
random_01868,random,,7052,-9293,random_seed_20260220
random_01869,random,,7994,-5129,random_seed_20260220
random_01870,random,,-3156,-1581,random_seed_20260220
random_01871,random,,4024,-9809,random_seed_20260220
random_01872,random,,-9327,9881,random_seed_20260220
random_01873,random,,1910,-6810,random_seed_20260220
random_01874,random,,5483,5985,random_seed_20260220
random_01875,random,,4097,6113,random_seed_20260220
random_01876,random,,7190,-5666,random_seed_20260220
random_01877,random,,-3680,6448,random_seed_20260220
random_01878,random,,-4624,-3797,random_seed_20260220
random_01879,random,,1318,-7550,random_seed_20260220
random_01880,random,,6578,-3490,random_seed_20260220
random_01881,random,,-3673,6457,random_seed_20260220
random_01882,random,,-4916,-9543,random_seed_20260220
random_01883,random,,-1984,-5740,random_seed_20260220
random_01884,random,,4193,6021,random_seed_20260220
random_01885,random,,-6858,-3936,random_seed_20260220
random_01886,random,,1042,-9736,random_seed_20260220
random_01887,random,,-6673,-8174,random_seed_20260220
random_01888,random,,5163,-8126,random_seed_20260220
random_01889,random,,8672,-5894,random_seed_20260220
random_01890,random,,-3880,-8596,random_seed_20260220
random_01891,random,,9058,-9259,random_seed_20260220
random_01892,random,,1935,4228,random_seed_20260220
random_01893,random,,-3846,1660,random_seed_20260220
random_01894,random,,-3840,2110,random_seed_20260220
random_01895,random,,7261,-5288,random_seed_20260220
random_01896,random,,-9629,-6405,random_seed_20260220
random_01897,random,,-6780,-398,random_seed_20260220
random_01898,random,,9235,6122,random_seed_20260220
random_01899,random,,2899,-2807,random_seed_20260220
random_01900,random,,-9470,9797,random_seed_20260220
random_01901,random,,-8892,-6863,random_seed_20260220
random_01902,random,,-7000,4833,random_seed_20260220
random_01903,random,,-2604,7614,random_seed_20260220
random_01904,random,,-687,6803,random_seed_20260220
random_01905,random,,-1714,-1108,random_seed_20260220
random_01906,random,,-9150,-997,random_seed_20260220
random_01907,random,,-278,-8282,random_seed_20260220
random_01908,random,,3506,-94,random_seed_20260220
random_01909,random,,-2421,-3448,random_seed_20260220
random_01910,random,,3851,6280,random_seed_20260220
random_01911,random,,5639,1775,random_seed_20260220
random_01912,random,,-8810,-2763,random_seed_20260220
random_01913,random,,4271,7662,random_seed_20260220
random_01914,random,,-853,4849,random_seed_20260220
random_01915,random,,7571,3759,random_seed_20260220
random_01916,random,,-7305,-7912,random_seed_20260220
random_01917,random,,5523,-9419,random_seed_20260220
random_01918,random,,6110,-896,random_seed_20260220
random_01919,random,,7797,-386,random_seed_20260220
random_01920,random,,-5739,4832,random_seed_20260220
random_01921,random,,-803,3509,random_seed_20260220
random_01922,random,,2516,5613,random_seed_20260220
random_01923,random,,-4804,-636,random_seed_20260220
random_01924,random,,5157,9491,random_seed_20260220
random_01925,random,,-6669,-5964,random_seed_20260220
random_01926,random,,-9073,-1640,random_seed_20260220
random_01927,random,,886,-3864,random_seed_20260220
random_01928,random,,-384,2429,random_seed_20260220
random_01929,random,,1942,-1522,random_seed_20260220
random_01930,random,,1643,4115,random_seed_20260220
random_01931,random,,-1850,655,random_seed_20260220
random_01932,random,,-7475,5227,random_seed_20260220
random_01933,random,,9340,-5603,random_seed_20260220
random_01934,random,,44,-4338,random_seed_20260220
random_01935,random,,8257,3116,random_seed_20260220
random_01936,random,,-4879,-2617,random_seed_20260220
random_01937,random,,5819,-2730,random_seed_20260220
random_01938,random,,-6430,-6501,random_seed_20260220
random_01939,random,,2053,-5962,random_seed_20260220
random_01940,random,,6996,1298,random_seed_20260220
random_01941,random,,-7967,9709,random_seed_20260220
random_01942,random,,-2959,-9308,random_seed_20260220
random_01943,random,,3228,2583,random_seed_20260220
random_01944,random,,8302,-9852,random_seed_20260220
random_01945,random,,9811,4154,random_seed_20260220
random_01946,random,,-2445,-2402,random_seed_20260220
random_01947,random,,6362,194,random_seed_20260220
random_01948,random,,7990,7136,random_seed_20260220
random_01949,random,,6111,8501,random_seed_20260220
random_01950,random,,8683,8933,random_seed_20260220
random_01951,random,,2102,-9482,random_seed_20260220
random_01952,random,,-8034,-3424,random_seed_20260220
random_01953,random,,-9277,59,random_seed_20260220
random_01954,random,,2997,-2463,random_seed_20260220
random_01955,random,,8917,-6526,random_seed_20260220
random_01956,random,,5495,-4341,random_seed_20260220
random_01957,random,,159,-2383,random_seed_20260220
random_01958,random,,2295,4930,random_seed_20260220
random_01959,random,,-6767,7931,random_seed_20260220
random_01960,random,,1961,5708,random_seed_20260220
random_01961,random,,5733,-8786,random_seed_20260220
random_01962,random,,5531,7647,random_seed_20260220
random_01963,random,,947,-4824,random_seed_20260220
random_01964,random,,-8785,-8967,random_seed_20260220
random_01965,random,,-5433,1349,random_seed_20260220
random_01966,random,,8261,-4747,random_seed_20260220
random_01967,random,,-6688,-1528,random_seed_20260220
random_01968,random,,-3613,3126,random_seed_20260220
random_01969,random,,955,-163,random_seed_20260220
random_01970,random,,4821,-8316,random_seed_20260220
random_01971,random,,2335,1028,random_seed_20260220
random_01972,random,,4693,1883,random_seed_20260220
random_01973,random,,-282,2956,random_seed_20260220
random_01974,random,,4360,1345,random_seed_20260220
random_01975,random,,-4888,5933,random_seed_20260220
random_01976,random,,-7591,-9424,random_seed_20260220
random_01977,random,,5289,6535,random_seed_20260220
random_01978,random,,-1457,-2718,random_seed_20260220
random_01979,random,,6819,214,random_seed_20260220
random_01980,random,,2176,-4753,random_seed_20260220
random_01981,random,,-1826,-5909,random_seed_20260220
random_01982,random,,-5818,-6567,random_seed_20260220
random_01983,random,,-1505,8422,random_seed_20260220
random_01984,random,,5912,3024,random_seed_20260220
random_01985,random,,9028,6672,random_seed_20260220
random_01986,random,,7778,-6926,random_seed_20260220
random_01987,random,,-3972,-7741,random_seed_20260220
random_01988,random,,-9548,-5683,random_seed_20260220
random_01989,random,,5497,7737,random_seed_20260220
random_01990,random,,3051,5858,random_seed_20260220
random_01991,random,,5854,-9132,random_seed_20260220
random_01992,random,,4972,547,random_seed_20260220
random_01993,random,,-7064,3826,random_seed_20260220
random_01994,random,,3700,6669,random_seed_20260220
random_01995,random,,211,-9115,random_seed_20260220
random_01996,random,,1073,-4711,random_seed_20260220
random_01997,random,,-9834,-7209,random_seed_20260220
random_01998,random,,-2491,-7831,random_seed_20260220
random_01999,random,,-2174,-1928,random_seed_20260220
random_02000,random,,9992,5664,random_seed_20260220
random_02001,random,,9479,-7642,random_seed_20260220
random_02002,random,,9256,-6525,random_seed_20260220
random_02003,random,,-6555,-9732,random_seed_20260220
random_02004,random,,-5178,1106,random_seed_20260220
random_02005,random,,1317,5862,random_seed_20260220
random_02006,random,,-8873,-56,random_seed_20260220
random_02007,random,,8477,-9762,random_seed_20260220
random_02008,random,,998,-2578,random_seed_20260220
random_02009,random,,9136,-8396,random_seed_20260220
random_02010,random,,-5945,46,random_seed_20260220
random_02011,random,,-1243,-9093,random_seed_20260220
random_02012,random,,7586,2165,random_seed_20260220
random_02013,random,,1947,-1312,random_seed_20260220
random_02014,random,,6864,-632,random_seed_20260220
random_02015,random,,-6215,1746,random_seed_20260220
random_02016,random,,5687,2737,random_seed_20260220
random_02017,random,,-6987,9788,random_seed_20260220
random_02018,random,,-724,8167,random_seed_20260220
random_02019,random,,-3648,7096,random_seed_20260220
random_02020,random,,706,2722,random_seed_20260220
random_02021,random,,2072,-8474,random_seed_20260220
random_02022,random,,-4083,735,random_seed_20260220
random_02023,random,,7185,9588,random_seed_20260220
random_02024,random,,-5811,-7981,random_seed_20260220
random_02025,random,,8746,-9528,random_seed_20260220
random_02026,random,,-3793,6545,random_seed_20260220
random_02027,random,,-8471,-5609,random_seed_20260220
random_02028,random,,-8671,-400,random_seed_20260220
random_02029,random,,8349,-3951,random_seed_20260220
random_02030,random,,-132,2297,random_seed_20260220
random_02031,random,,4760,7241,random_seed_20260220
random_02032,random,,1099,-9131,random_seed_20260220
random_02033,random,,1524,-8637,random_seed_20260220
random_02034,random,,-9949,-2311,random_seed_20260220
random_02035,random,,8976,5422,random_seed_20260220
random_02036,random,,1724,298,random_seed_20260220
random_02037,random,,-2855,-2787,random_seed_20260220
random_02038,random,,8462,2020,random_seed_20260220
random_02039,random,,4359,7854,random_seed_20260220
random_02040,random,,2474,3414,random_seed_20260220
random_02041,random,,-5165,8766,random_seed_20260220
random_02042,random,,-5115,-2271,random_seed_20260220
random_02043,random,,-444,2423,random_seed_20260220
random_02044,random,,1623,-9402,random_seed_20260220
random_02045,random,,3116,5194,random_seed_20260220
random_02046,random,,3997,689,random_seed_20260220
random_02047,random,,-3880,-164,random_seed_20260220
random_02048,random,,-6318,-9554,random_seed_20260220
random_02049,random,,8935,-1032,random_seed_20260220
random_02050,random,,-9028,9856,random_seed_20260220
random_02051,random,,7238,-5944,random_seed_20260220
random_02052,random,,-2325,1496,random_seed_20260220
random_02053,random,,-9590,2412,random_seed_20260220
random_02054,random,,-6107,1571,random_seed_20260220
random_02055,random,,9866,-6016,random_seed_20260220
random_02056,random,,-6435,-598,random_seed_20260220
random_02057,random,,-8132,-3931,random_seed_20260220
random_02058,random,,6473,-8245,random_seed_20260220
random_02059,random,,8808,1169,random_seed_20260220
random_02060,random,,6240,-1535,random_seed_20260220
random_02061,random,,3879,-9033,random_seed_20260220
random_02062,random,,-4998,8159,random_seed_20260220
random_02063,random,,-8671,-9622,random_seed_20260220
random_02064,random,,4112,607,random_seed_20260220
random_02065,random,,9338,6679,random_seed_20260220
random_02066,random,,497,7082,random_seed_20260220
random_02067,random,,578,-2679,random_seed_20260220
random_02068,random,,-7607,6790,random_seed_20260220
random_02069,random,,-4379,-4132,random_seed_20260220
random_02070,random,,3872,-3642,random_seed_20260220
random_02071,random,,-7393,-2582,random_seed_20260220
random_02072,random,,7331,2596,random_seed_20260220
random_02073,random,,4726,4166,random_seed_20260220
random_02074,random,,-1015,-718,random_seed_20260220
random_02075,random,,5240,-77,random_seed_20260220
random_02076,random,,-5144,5666,random_seed_20260220
random_02077,random,,-5767,-7287,random_seed_20260220
random_02078,random,,9017,9557,random_seed_20260220
random_02079,random,,-3380,8024,random_seed_20260220
random_02080,random,,9209,7751,random_seed_20260220
random_02081,random,,7973,6443,random_seed_20260220
random_02082,random,,-3768,5160,random_seed_20260220
random_02083,random,,2829,6774,random_seed_20260220
random_02084,random,,-4785,3544,random_seed_20260220
random_02085,random,,944,7783,random_seed_20260220
random_02086,random,,-7717,6186,random_seed_20260220
random_02087,random,,-5224,5782,random_seed_20260220
random_02088,random,,7225,-8908,random_seed_20260220
random_02089,random,,315,990,random_seed_20260220
random_02090,random,,-3785,-5246,random_seed_20260220
random_02091,random,,-8822,-5380,random_seed_20260220
random_02092,random,,-7729,5964,random_seed_20260220
random_02093,random,,5014,-5119,random_seed_20260220
random_02094,random,,5515,8572,random_seed_20260220
random_02095,random,,3646,-4936,random_seed_20260220
random_02096,random,,-1813,7660,random_seed_20260220
random_02097,random,,-9859,7739,random_seed_20260220
random_02098,random,,-8899,4780,random_seed_20260220
random_02099,random,,4067,3099,random_seed_20260220
random_02100,random,,-3645,3745,random_seed_20260220
random_02101,random,,4580,-1611,random_seed_20260220
random_02102,random,,-9730,-575,random_seed_20260220
random_02103,random,,-7646,-614,random_seed_20260220
random_02104,random,,-1049,3329,random_seed_20260220
random_02105,random,,-3048,4367,random_seed_20260220
random_02106,random,,-1509,-2563,random_seed_20260220
random_02107,random,,9738,-3801,random_seed_20260220
random_02108,random,,-7646,-4134,random_seed_20260220
random_02109,random,,-6412,-3678,random_seed_20260220
random_02110,random,,2100,4942,random_seed_20260220
random_02111,random,,-7605,-2126,random_seed_20260220
random_02112,random,,-5152,-3127,random_seed_20260220
random_02113,random,,-376,6581,random_seed_20260220
random_02114,random,,-751,6635,random_seed_20260220
random_02115,random,,-3792,-5834,random_seed_20260220
random_02116,random,,-8365,-7571,random_seed_20260220
random_02117,random,,3452,-6708,random_seed_20260220
random_02118,random,,9024,-6482,random_seed_20260220
random_02119,random,,-2480,1925,random_seed_20260220
random_02120,random,,-5359,2169,random_seed_20260220
random_02121,random,,-1555,-7610,random_seed_20260220
random_02122,random,,-9424,9958,random_seed_20260220
random_02123,random,,4169,1979,random_seed_20260220
random_02124,random,,-9042,-6335,random_seed_20260220
random_02125,random,,4679,4194,random_seed_20260220
random_02126,random,,-1038,5780,random_seed_20260220
random_02127,random,,3283,2319,random_seed_20260220
random_02128,random,,-7521,-2507,random_seed_20260220
random_02129,random,,-5823,8530,random_seed_20260220
random_02130,random,,-8561,-9973,random_seed_20260220
random_02131,random,,5699,4676,random_seed_20260220
random_02132,random,,5601,-3261,random_seed_20260220
random_02133,random,,9845,-1141,random_seed_20260220
random_02134,random,,-6163,-2558,random_seed_20260220
random_02135,random,,-706,3857,random_seed_20260220
random_02136,random,,-4989,-9545,random_seed_20260220
random_02137,random,,7271,2352,random_seed_20260220
random_02138,random,,315,-880,random_seed_20260220
random_02139,random,,-276,-8616,random_seed_20260220
random_02140,random,,-1714,-3346,random_seed_20260220
random_02141,random,,3739,-7692,random_seed_20260220
random_02142,random,,301,5273,random_seed_20260220
random_02143,random,,-3682,-5721,random_seed_20260220
random_02144,random,,5283,-9739,random_seed_20260220
random_02145,random,,-5817,-265,random_seed_20260220
random_02146,random,,-6475,-4701,random_seed_20260220
random_02147,random,,1883,-3968,random_seed_20260220
random_02148,random,,8686,-7748,random_seed_20260220
random_02149,random,,-2402,-920,random_seed_20260220
random_02150,random,,-3575,1720,random_seed_20260220
random_02151,random,,-8590,4162,random_seed_20260220
random_02152,random,,3746,5241,random_seed_20260220
random_02153,random,,7063,-407,random_seed_20260220
random_02154,random,,2589,897,random_seed_20260220
random_02155,random,,8265,3385,random_seed_20260220
random_02156,random,,7423,-1324,random_seed_20260220
random_02157,random,,-7202,-4173,random_seed_20260220
random_02158,random,,-2976,-6838,random_seed_20260220
random_02159,random,,-4162,2568,random_seed_20260220
random_02160,random,,7929,-6294,random_seed_20260220
random_02161,random,,-5069,7346,random_seed_20260220
random_02162,random,,-8643,-3657,random_seed_20260220
random_02163,random,,-6049,-1555,random_seed_20260220
random_02164,random,,-3503,-4084,random_seed_20260220
random_02165,random,,-3923,1630,random_seed_20260220
random_02166,random,,5759,-3114,random_seed_20260220
random_02167,random,,4137,5413,random_seed_20260220
random_02168,random,,-9893,-3572,random_seed_20260220
random_02169,random,,4159,-1593,random_seed_20260220
random_02170,random,,-4443,8881,random_seed_20260220
random_02171,random,,-8038,-7646,random_seed_20260220
random_02172,random,,4775,5079,random_seed_20260220
random_02173,random,,3767,-369,random_seed_20260220
random_02174,random,,8903,6690,random_seed_20260220
random_02175,random,,775,3128,random_seed_20260220
random_02176,random,,-8460,-9941,random_seed_20260220
random_02177,random,,-4915,6789,random_seed_20260220
random_02178,random,,-7713,-8449,random_seed_20260220
random_02179,random,,3330,9001,random_seed_20260220
random_02180,random,,-5363,-8896,random_seed_20260220
random_02181,random,,7189,9230,random_seed_20260220
random_02182,random,,-263,3726,random_seed_20260220
random_02183,random,,-3314,-82,random_seed_20260220
random_02184,random,,2325,3154,random_seed_20260220
random_02185,random,,613,2052,random_seed_20260220
random_02186,random,,-1298,-7264,random_seed_20260220
random_02187,random,,767,4504,random_seed_20260220
random_02188,random,,-8652,-2530,random_seed_20260220
random_02189,random,,3357,5204,random_seed_20260220
random_02190,random,,4738,-8684,random_seed_20260220
random_02191,random,,3161,4754,random_seed_20260220
random_02192,random,,1237,-2001,random_seed_20260220
random_02193,random,,-8639,-9431,random_seed_20260220
random_02194,random,,8368,-3902,random_seed_20260220
random_02195,random,,-3628,-9686,random_seed_20260220
random_02196,random,,452,7897,random_seed_20260220
random_02197,random,,8344,352,random_seed_20260220
random_02198,random,,-1745,2940,random_seed_20260220
random_02199,random,,-5209,-7818,random_seed_20260220
random_02200,random,,883,6018,random_seed_20260220
random_02201,random,,-5511,-7913,random_seed_20260220
random_02202,random,,-4105,-9400,random_seed_20260220
random_02203,random,,-9733,7003,random_seed_20260220
random_02204,random,,5786,7278,random_seed_20260220
random_02205,random,,-8575,6708,random_seed_20260220
random_02206,random,,-44,8334,random_seed_20260220
random_02207,random,,847,6046,random_seed_20260220
random_02208,random,,9415,2461,random_seed_20260220
random_02209,random,,6688,2882,random_seed_20260220
random_02210,random,,-9300,189,random_seed_20260220
random_02211,random,,-8735,561,random_seed_20260220
random_02212,random,,1976,709,random_seed_20260220
random_02213,random,,-8334,7660,random_seed_20260220
random_02214,random,,7281,6540,random_seed_20260220
random_02215,random,,3048,2543,random_seed_20260220
random_02216,random,,-84,-1855,random_seed_20260220
random_02217,random,,2502,9805,random_seed_20260220
random_02218,random,,-2568,7021,random_seed_20260220
random_02219,random,,-2105,352,random_seed_20260220
random_02220,random,,-2328,2010,random_seed_20260220
random_02221,random,,-1237,9514,random_seed_20260220
random_02222,random,,-8911,5106,random_seed_20260220
random_02223,random,,8893,7180,random_seed_20260220
random_02224,random,,4525,-1610,random_seed_20260220
random_02225,random,,3317,2203,random_seed_20260220
random_02226,random,,-9322,-760,random_seed_20260220
random_02227,random,,519,-8442,random_seed_20260220
random_02228,random,,9773,8456,random_seed_20260220
random_02229,random,,7704,7775,random_seed_20260220
random_02230,random,,2756,-7556,random_seed_20260220
random_02231,random,,-9833,-6911,random_seed_20260220
random_02232,random,,7973,-8615,random_seed_20260220
random_02233,random,,-5479,6001,random_seed_20260220
random_02234,random,,-7764,-8786,random_seed_20260220
random_02235,random,,-6611,955,random_seed_20260220
random_02236,random,,1777,2472,random_seed_20260220
random_02237,random,,4826,-4947,random_seed_20260220
random_02238,random,,9210,3435,random_seed_20260220
random_02239,random,,-5587,-9047,random_seed_20260220
random_02240,random,,-2600,-5771,random_seed_20260220
random_02241,random,,4616,-4581,random_seed_20260220
random_02242,random,,-8933,-2004,random_seed_20260220
random_02243,random,,-4771,3509,random_seed_20260220
random_02244,random,,3908,-5711,random_seed_20260220
random_02245,random,,-4618,6500,random_seed_20260220
random_02246,random,,-1593,277,random_seed_20260220
random_02247,random,,8624,971,random_seed_20260220
random_02248,random,,-4802,1505,random_seed_20260220
random_02249,random,,-3261,2792,random_seed_20260220
random_02250,random,,1496,2987,random_seed_20260220
random_02251,random,,9073,5334,random_seed_20260220
random_02252,random,,-3471,-6278,random_seed_20260220
random_02253,random,,-4084,5483,random_seed_20260220
random_02254,random,,-2836,8922,random_seed_20260220
random_02255,random,,-1471,-7531,random_seed_20260220
random_02256,random,,-1343,4710,random_seed_20260220
random_02257,random,,-7553,5013,random_seed_20260220
random_02258,random,,3254,-593,random_seed_20260220
random_02259,random,,-9001,-1722,random_seed_20260220
random_02260,random,,9558,128,random_seed_20260220
random_02261,random,,3972,-985,random_seed_20260220
random_02262,random,,3350,2905,random_seed_20260220
random_02263,random,,8240,-9932,random_seed_20260220
random_02264,random,,-5427,3434,random_seed_20260220
random_02265,random,,-5644,-8995,random_seed_20260220
random_02266,random,,-5183,-5584,random_seed_20260220
random_02267,random,,-4214,5043,random_seed_20260220
random_02268,random,,721,-8273,random_seed_20260220
random_02269,random,,-1560,4639,random_seed_20260220
random_02270,random,,9869,9088,random_seed_20260220
random_02271,random,,-5274,558,random_seed_20260220
random_02272,random,,1053,1390,random_seed_20260220
random_02273,random,,-52,-7010,random_seed_20260220
random_02274,random,,7650,461,random_seed_20260220
random_02275,random,,215,-1025,random_seed_20260220
random_02276,random,,8525,-6820,random_seed_20260220
random_02277,random,,-8477,2777,random_seed_20260220
random_02278,random,,-3933,9448,random_seed_20260220
random_02279,random,,7383,-6794,random_seed_20260220
random_02280,random,,8760,4116,random_seed_20260220
random_02281,random,,-4872,-5296,random_seed_20260220
random_02282,random,,-1318,5981,random_seed_20260220
random_02283,random,,9356,-7471,random_seed_20260220
random_02284,random,,6866,-2587,random_seed_20260220
random_02285,random,,6356,8404,random_seed_20260220
random_02286,random,,-8012,6501,random_seed_20260220
random_02287,random,,7268,-7773,random_seed_20260220
random_02288,random,,-3002,-868,random_seed_20260220
random_02289,random,,1685,-3378,random_seed_20260220
random_02290,random,,1543,546,random_seed_20260220
random_02291,random,,-8135,6261,random_seed_20260220
random_02292,random,,1578,8135,random_seed_20260220
random_02293,random,,-1088,-3698,random_seed_20260220
random_02294,random,,-4608,6800,random_seed_20260220
random_02295,random,,-7086,9038,random_seed_20260220
random_02296,random,,4590,2024,random_seed_20260220
random_02297,random,,464,-6409,random_seed_20260220
random_02298,random,,-7002,1274,random_seed_20260220
random_02299,random,,2559,-6750,random_seed_20260220
random_02300,random,,5887,-3380,random_seed_20260220
random_02301,random,,2639,8120,random_seed_20260220
random_02302,random,,8467,-338,random_seed_20260220
random_02303,random,,-2639,8881,random_seed_20260220
random_02304,random,,-4837,-7618,random_seed_20260220
random_02305,random,,-2963,-3423,random_seed_20260220
random_02306,random,,4996,-2628,random_seed_20260220
random_02307,random,,2605,8502,random_seed_20260220
random_02308,random,,-9438,2233,random_seed_20260220
random_02309,random,,9019,-3157,random_seed_20260220
random_02310,random,,-3445,-3645,random_seed_20260220
random_02311,random,,9647,-9344,random_seed_20260220
random_02312,random,,-5132,-1116,random_seed_20260220
random_02313,random,,8323,-9799,random_seed_20260220
random_02314,random,,-9590,3763,random_seed_20260220
random_02315,random,,1893,8672,random_seed_20260220
random_02316,random,,-4055,-5847,random_seed_20260220
random_02317,random,,3003,2292,random_seed_20260220
random_02318,random,,-4338,5001,random_seed_20260220
random_02319,random,,7185,-7020,random_seed_20260220
random_02320,random,,-6607,2545,random_seed_20260220
random_02321,random,,7799,-6770,random_seed_20260220
random_02322,random,,4218,-5565,random_seed_20260220
random_02323,random,,7378,-3184,random_seed_20260220
random_02324,random,,7816,-6752,random_seed_20260220
random_02325,random,,4437,9396,random_seed_20260220
random_02326,random,,-9469,-2438,random_seed_20260220
random_02327,random,,9805,-9868,random_seed_20260220
random_02328,random,,-1291,4478,random_seed_20260220
random_02329,random,,-1412,-3974,random_seed_20260220
random_02330,random,,-3292,3073,random_seed_20260220
random_02331,random,,-4336,504,random_seed_20260220
random_02332,random,,3852,-7910,random_seed_20260220
random_02333,random,,-1156,-6219,random_seed_20260220
random_02334,random,,-7011,-681,random_seed_20260220
random_02335,random,,-2394,-555,random_seed_20260220
random_02336,random,,-5351,-9967,random_seed_20260220
random_02337,random,,7948,-8523,random_seed_20260220
random_02338,random,,1958,-3683,random_seed_20260220
random_02339,random,,-4881,9044,random_seed_20260220
random_02340,random,,9225,-7364,random_seed_20260220
random_02341,random,,3579,2836,random_seed_20260220
random_02342,random,,4184,-5940,random_seed_20260220
random_02343,random,,8079,-869,random_seed_20260220
random_02344,random,,5267,8833,random_seed_20260220
random_02345,random,,-7056,263,random_seed_20260220
random_02346,random,,5432,-5059,random_seed_20260220
random_02347,random,,9847,-213,random_seed_20260220
random_02348,random,,1728,-6207,random_seed_20260220
random_02349,random,,-1483,6903,random_seed_20260220
random_02350,random,,7425,-4894,random_seed_20260220
random_02351,random,,2556,-4155,random_seed_20260220
random_02352,random,,7881,7478,random_seed_20260220
random_02353,random,,7960,-7099,random_seed_20260220
random_02354,random,,-3972,-5973,random_seed_20260220
random_02355,random,,4252,4328,random_seed_20260220
random_02356,random,,9342,-5607,random_seed_20260220
random_02357,random,,4994,3654,random_seed_20260220
random_02358,random,,4954,2130,random_seed_20260220
random_02359,random,,5147,4545,random_seed_20260220
random_02360,random,,-2044,3028,random_seed_20260220
random_02361,random,,7448,5733,random_seed_20260220
random_02362,random,,4538,143,random_seed_20260220
random_02363,random,,6263,-2031,random_seed_20260220
random_02364,random,,8785,8630,random_seed_20260220
random_02365,random,,3386,4376,random_seed_20260220
random_02366,random,,-8793,-216,random_seed_20260220
random_02367,random,,-7949,-2049,random_seed_20260220
random_02368,random,,3412,9791,random_seed_20260220
random_02369,random,,-3749,-2609,random_seed_20260220
random_02370,random,,-9803,3492,random_seed_20260220
random_02371,random,,2898,-7223,random_seed_20260220
random_02372,random,,-8655,2460,random_seed_20260220
random_02373,random,,5896,7265,random_seed_20260220
random_02374,random,,-7957,8773,random_seed_20260220
random_02375,random,,-1629,6813,random_seed_20260220
random_02376,random,,-7947,4606,random_seed_20260220
random_02377,random,,-4750,-9979,random_seed_20260220
random_02378,random,,-1282,9780,random_seed_20260220
random_02379,random,,-2417,3915,random_seed_20260220
random_02380,random,,9776,-3261,random_seed_20260220
random_02381,random,,-7876,-7646,random_seed_20260220
random_02382,random,,8163,8952,random_seed_20260220
random_02383,random,,7490,-88,random_seed_20260220
random_02384,random,,3839,-1013,random_seed_20260220
random_02385,random,,-6982,-3174,random_seed_20260220
random_02386,random,,7573,3349,random_seed_20260220
random_02387,random,,-4744,4698,random_seed_20260220
random_02388,random,,6191,-2404,random_seed_20260220
random_02389,random,,-9947,-6780,random_seed_20260220
random_02390,random,,-7525,-2015,random_seed_20260220
random_02391,random,,-5453,8587,random_seed_20260220
random_02392,random,,-1800,-3135,random_seed_20260220
random_02393,random,,1413,-3156,random_seed_20260220
random_02394,random,,7936,-9258,random_seed_20260220
random_02395,random,,630,2626,random_seed_20260220
random_02396,random,,-9056,7486,random_seed_20260220
random_02397,random,,1453,-8330,random_seed_20260220
random_02398,random,,6851,9803,random_seed_20260220
random_02399,random,,-6611,-538,random_seed_20260220
random_02400,random,,-1944,3003,random_seed_20260220
random_02401,random,,4770,-6585,random_seed_20260220
random_02402,random,,8220,-1616,random_seed_20260220
random_02403,random,,-3431,6104,random_seed_20260220
random_02404,random,,6709,-1228,random_seed_20260220
random_02405,random,,-5553,-5781,random_seed_20260220
random_02406,random,,-5841,2262,random_seed_20260220
random_02407,random,,8794,-6259,random_seed_20260220
random_02408,random,,5201,-5548,random_seed_20260220
random_02409,random,,9787,11,random_seed_20260220
random_02410,random,,7357,-7732,random_seed_20260220
random_02411,random,,4669,-2831,random_seed_20260220
random_02412,random,,5315,7733,random_seed_20260220
random_02413,random,,-7238,-6808,random_seed_20260220
random_02414,random,,2314,-1165,random_seed_20260220
random_02415,random,,-3822,1284,random_seed_20260220
random_02416,random,,4671,-4581,random_seed_20260220
random_02417,random,,-1876,-6712,random_seed_20260220
random_02418,random,,-1341,-7318,random_seed_20260220
random_02419,random,,-1264,-8941,random_seed_20260220
random_02420,random,,3369,-1687,random_seed_20260220
random_02421,random,,519,-7189,random_seed_20260220
random_02422,random,,-3169,-1225,random_seed_20260220
random_02423,random,,4478,8211,random_seed_20260220
random_02424,random,,-6743,-2605,random_seed_20260220
random_02425,random,,-5335,-3317,random_seed_20260220
random_02426,random,,8003,1215,random_seed_20260220
random_02427,random,,9867,7691,random_seed_20260220
random_02428,random,,5691,-4078,random_seed_20260220
random_02429,random,,-2460,5737,random_seed_20260220
random_02430,random,,-2307,-2395,random_seed_20260220
random_02431,random,,157,-233,random_seed_20260220
random_02432,random,,-5679,1907,random_seed_20260220
random_02433,random,,3195,-8962,random_seed_20260220
random_02434,random,,4856,649,random_seed_20260220
random_02435,random,,1797,-8350,random_seed_20260220
random_02436,random,,-593,1376,random_seed_20260220
random_02437,random,,-4210,4289,random_seed_20260220
random_02438,random,,-7013,-2531,random_seed_20260220
random_02439,random,,-3243,-4668,random_seed_20260220
random_02440,random,,4664,-9806,random_seed_20260220
random_02441,random,,-3292,-2080,random_seed_20260220
random_02442,random,,2494,3155,random_seed_20260220
random_02443,random,,2870,-5211,random_seed_20260220
random_02444,random,,7656,526,random_seed_20260220
random_02445,random,,4299,7238,random_seed_20260220
random_02446,random,,-8588,-3987,random_seed_20260220
random_02447,random,,3936,-9248,random_seed_20260220
random_02448,random,,-7853,2140,random_seed_20260220
random_02449,random,,2299,-4581,random_seed_20260220
random_02450,random,,5414,-1881,random_seed_20260220
random_02451,random,,2812,340,random_seed_20260220
random_02452,random,,-7228,4428,random_seed_20260220
random_02453,random,,-1837,3085,random_seed_20260220
random_02454,random,,-5793,-4943,random_seed_20260220
random_02455,random,,-8369,-4352,random_seed_20260220
random_02456,random,,2134,-2870,random_seed_20260220
random_02457,random,,-5608,1842,random_seed_20260220
random_02458,random,,-9297,7241,random_seed_20260220
random_02459,random,,-2192,-3034,random_seed_20260220
random_02460,random,,-8869,4410,random_seed_20260220
random_02461,random,,9802,6748,random_seed_20260220
random_02462,random,,-1171,7314,random_seed_20260220
random_02463,random,,5108,5114,random_seed_20260220
random_02464,random,,4238,-1568,random_seed_20260220
random_02465,random,,-3845,1380,random_seed_20260220
random_02466,random,,-8065,1138,random_seed_20260220
random_02467,random,,-4695,9757,random_seed_20260220
random_02468,random,,-8793,-4705,random_seed_20260220
random_02469,random,,-7979,8416,random_seed_20260220
random_02470,random,,-763,4258,random_seed_20260220
random_02471,random,,-202,4632,random_seed_20260220
random_02472,random,,-9184,-3410,random_seed_20260220
random_02473,random,,-9795,-1888,random_seed_20260220
random_02474,random,,5373,6740,random_seed_20260220
random_02475,random,,-667,-1204,random_seed_20260220
random_02476,random,,-4368,-3340,random_seed_20260220
random_02477,random,,-6015,3021,random_seed_20260220
random_02478,random,,1833,-7911,random_seed_20260220
random_02479,random,,-693,-7061,random_seed_20260220
random_02480,random,,-4945,1754,random_seed_20260220
random_02481,random,,6837,-8088,random_seed_20260220
random_02482,random,,2924,7735,random_seed_20260220
random_02483,random,,-6254,3261,random_seed_20260220
random_02484,random,,1034,-6106,random_seed_20260220
random_02485,random,,4046,-9124,random_seed_20260220
random_02486,random,,3811,-4475,random_seed_20260220
random_02487,random,,-4450,2308,random_seed_20260220
random_02488,random,,206,-1811,random_seed_20260220
random_02489,random,,5239,-5004,random_seed_20260220
random_02490,random,,9828,-6402,random_seed_20260220
random_02491,random,,1150,-3767,random_seed_20260220
random_02492,random,,-3722,2615,random_seed_20260220
random_02493,random,,-6185,-362,random_seed_20260220
random_02494,random,,5545,589,random_seed_20260220
random_02495,random,,-6057,8440,random_seed_20260220
random_02496,random,,-9209,-367,random_seed_20260220
random_02497,random,,3883,9779,random_seed_20260220
random_02498,random,,-1925,4783,random_seed_20260220
random_02499,random,,5768,8740,random_seed_20260220
random_02500,random,,-7816,-1364,random_seed_20260220
random_02501,random,,-4510,-4983,random_seed_20260220
random_02502,random,,7519,8128,random_seed_20260220
random_02503,random,,-91,6856,random_seed_20260220
random_02504,random,,-6474,-6072,random_seed_20260220
random_02505,random,,-3057,-9528,random_seed_20260220
random_02506,random,,1530,-9288,random_seed_20260220
random_02507,random,,6627,2892,random_seed_20260220
random_02508,random,,8607,-8389,random_seed_20260220
random_02509,random,,-1576,5415,random_seed_20260220
random_02510,random,,-3206,-1210,random_seed_20260220
random_02511,random,,5306,1960,random_seed_20260220
random_02512,random,,5907,8375,random_seed_20260220
random_02513,random,,-7235,4076,random_seed_20260220
random_02514,random,,-2683,-8474,random_seed_20260220
random_02515,random,,-7149,698,random_seed_20260220
random_02516,random,,3656,6481,random_seed_20260220
random_02517,random,,-6579,3345,random_seed_20260220
random_02518,random,,-9809,1525,random_seed_20260220
random_02519,random,,-1377,5458,random_seed_20260220
random_02520,random,,613,5622,random_seed_20260220
random_02521,random,,-4649,-7635,random_seed_20260220
random_02522,random,,6521,-4983,random_seed_20260220
random_02523,random,,-3547,7853,random_seed_20260220
random_02524,random,,8500,-6433,random_seed_20260220
random_02525,random,,9914,2707,random_seed_20260220
random_02526,random,,-5556,2348,random_seed_20260220
random_02527,random,,-685,-7724,random_seed_20260220
random_02528,random,,4948,-4266,random_seed_20260220
random_02529,random,,8607,3291,random_seed_20260220
random_02530,random,,-725,8622,random_seed_20260220
random_02531,random,,9077,6113,random_seed_20260220
random_02532,random,,-7,3312,random_seed_20260220
random_02533,random,,8945,506,random_seed_20260220
random_02534,random,,-1883,9079,random_seed_20260220
random_02535,random,,-1028,8553,random_seed_20260220
random_02536,random,,-3479,3398,random_seed_20260220
random_02537,random,,-103,-8151,random_seed_20260220
random_02538,random,,4255,-4307,random_seed_20260220
random_02539,random,,-1750,-5749,random_seed_20260220
random_02540,random,,-2744,3937,random_seed_20260220
random_02541,random,,9109,6996,random_seed_20260220
random_02542,random,,7153,4147,random_seed_20260220
random_02543,random,,443,4974,random_seed_20260220
random_02544,random,,-1616,-4075,random_seed_20260220
random_02545,random,,9724,-3122,random_seed_20260220
random_02546,random,,1217,4707,random_seed_20260220
random_02547,random,,-9259,4465,random_seed_20260220
random_02548,random,,8269,-4438,random_seed_20260220
random_02549,random,,-7678,-3569,random_seed_20260220
random_02550,random,,-9986,-7527,random_seed_20260220
random_02551,random,,-974,7537,random_seed_20260220
random_02552,random,,-8211,-9290,random_seed_20260220
random_02553,random,,8700,703,random_seed_20260220
random_02554,random,,6562,8654,random_seed_20260220
random_02555,random,,-551,2610,random_seed_20260220
random_02556,random,,7858,-5601,random_seed_20260220
random_02557,random,,-1591,-2758,random_seed_20260220
random_02558,random,,-2641,6119,random_seed_20260220
random_02559,random,,8956,-7179,random_seed_20260220
random_02560,random,,-1350,6983,random_seed_20260220
random_02561,random,,-5604,-7047,random_seed_20260220
random_02562,random,,-4841,-4391,random_seed_20260220
random_02563,random,,9129,33,random_seed_20260220
random_02564,random,,2262,-60,random_seed_20260220
random_02565,random,,-4418,5213,random_seed_20260220
random_02566,random,,8537,3732,random_seed_20260220
random_02567,random,,-3102,-858,random_seed_20260220
random_02568,random,,-2035,-3072,random_seed_20260220
random_02569,random,,-4701,6170,random_seed_20260220
random_02570,random,,-8036,-1770,random_seed_20260220
random_02571,random,,4064,2709,random_seed_20260220
random_02572,random,,-4526,-2706,random_seed_20260220
random_02573,random,,8506,-6245,random_seed_20260220
random_02574,random,,9286,-5201,random_seed_20260220
random_02575,random,,-2431,-9958,random_seed_20260220
random_02576,random,,-7221,-77,random_seed_20260220
random_02577,random,,-1815,1261,random_seed_20260220
random_02578,random,,-1749,5288,random_seed_20260220
random_02579,random,,3489,-8752,random_seed_20260220
random_02580,random,,-4204,2186,random_seed_20260220
random_02581,random,,613,966,random_seed_20260220
random_02582,random,,7493,-612,random_seed_20260220
random_02583,random,,-5472,-1849,random_seed_20260220
random_02584,random,,6288,4334,random_seed_20260220
random_02585,random,,-1160,6415,random_seed_20260220
random_02586,random,,-7328,-3557,random_seed_20260220
random_02587,random,,-7250,5779,random_seed_20260220
random_02588,random,,-5230,7168,random_seed_20260220
random_02589,random,,4044,-7663,random_seed_20260220
random_02590,random,,-1795,-32,random_seed_20260220
random_02591,random,,5024,-9125,random_seed_20260220
random_02592,random,,-2932,3792,random_seed_20260220
random_02593,random,,2177,2764,random_seed_20260220
random_02594,random,,4561,7401,random_seed_20260220
random_02595,random,,4413,2195,random_seed_20260220
random_02596,random,,-9061,7406,random_seed_20260220
random_02597,random,,8265,2784,random_seed_20260220
random_02598,random,,4773,2819,random_seed_20260220
random_02599,random,,-4427,1692,random_seed_20260220
random_02600,random,,4383,-9284,random_seed_20260220
random_02601,random,,-5474,-5396,random_seed_20260220
random_02602,random,,-9869,-786,random_seed_20260220
random_02603,random,,2012,7020,random_seed_20260220
random_02604,random,,4761,3673,random_seed_20260220
random_02605,random,,9701,-8755,random_seed_20260220
random_02606,random,,-5029,-4434,random_seed_20260220
random_02607,random,,-4305,-5218,random_seed_20260220
random_02608,random,,7773,3114,random_seed_20260220
random_02609,random,,-8204,1897,random_seed_20260220
random_02610,random,,3775,1002,random_seed_20260220
random_02611,random,,2940,6332,random_seed_20260220
random_02612,random,,-3915,-9467,random_seed_20260220
random_02613,random,,-3658,2077,random_seed_20260220
random_02614,random,,-2042,-777,random_seed_20260220
random_02615,random,,-4154,8185,random_seed_20260220
random_02616,random,,404,1644,random_seed_20260220
random_02617,random,,-4313,-687,random_seed_20260220
random_02618,random,,-2174,381,random_seed_20260220
random_02619,random,,-9572,2778,random_seed_20260220
random_02620,random,,5494,-982,random_seed_20260220
random_02621,random,,8060,-2045,random_seed_20260220
random_02622,random,,4318,-3611,random_seed_20260220
random_02623,random,,4237,-4636,random_seed_20260220
random_02624,random,,9673,9027,random_seed_20260220
random_02625,random,,8609,293,random_seed_20260220
random_02626,random,,5671,-7078,random_seed_20260220
random_02627,random,,1172,850,random_seed_20260220
random_02628,random,,-6817,-2614,random_seed_20260220
random_02629,random,,6969,2547,random_seed_20260220
random_02630,random,,7747,-4531,random_seed_20260220
random_02631,random,,-9978,-6323,random_seed_20260220
random_02632,random,,-341,3741,random_seed_20260220
random_02633,random,,6116,4650,random_seed_20260220
random_02634,random,,8275,-6252,random_seed_20260220
random_02635,random,,-8233,-5906,random_seed_20260220
random_02636,random,,-6951,-7634,random_seed_20260220
random_02637,random,,-2702,8193,random_seed_20260220
random_02638,random,,8469,1565,random_seed_20260220
random_02639,random,,1881,9723,random_seed_20260220
random_02640,random,,-5831,5601,random_seed_20260220
random_02641,random,,4997,5491,random_seed_20260220
random_02642,random,,-5265,-5667,random_seed_20260220
random_02643,random,,-2303,4549,random_seed_20260220
random_02644,random,,-4182,8321,random_seed_20260220
random_02645,random,,-8800,-1443,random_seed_20260220
random_02646,random,,4766,8156,random_seed_20260220
random_02647,random,,1753,-6877,random_seed_20260220
random_02648,random,,-7332,7134,random_seed_20260220
random_02649,random,,1577,-1133,random_seed_20260220
random_02650,random,,8610,6870,random_seed_20260220
random_02651,random,,901,7371,random_seed_20260220
random_02652,random,,6461,-5758,random_seed_20260220
random_02653,random,,-9791,5584,random_seed_20260220
random_02654,random,,-2020,7224,random_seed_20260220
random_02655,random,,745,-109,random_seed_20260220
random_02656,random,,2781,-747,random_seed_20260220
random_02657,random,,-1847,-3756,random_seed_20260220
random_02658,random,,4789,-3448,random_seed_20260220
random_02659,random,,109,-9399,random_seed_20260220
random_02660,random,,1883,2134,random_seed_20260220
random_02661,random,,8995,5797,random_seed_20260220
random_02662,random,,-5203,-8182,random_seed_20260220
random_02663,random,,-3642,-3670,random_seed_20260220
random_02664,random,,-9386,3274,random_seed_20260220
random_02665,random,,-2698,-1533,random_seed_20260220
random_02666,random,,-8860,8421,random_seed_20260220
random_02667,random,,-1185,6220,random_seed_20260220
random_02668,random,,1787,-8642,random_seed_20260220
random_02669,random,,-8918,-3891,random_seed_20260220
random_02670,random,,5827,-8041,random_seed_20260220
random_02671,random,,5816,-1180,random_seed_20260220
random_02672,random,,-349,-5420,random_seed_20260220
random_02673,random,,6128,-4094,random_seed_20260220
random_02674,random,,-2443,5549,random_seed_20260220
random_02675,random,,-8920,-9853,random_seed_20260220
random_02676,random,,347,380,random_seed_20260220
random_02677,random,,5282,6122,random_seed_20260220
random_02678,random,,-92,-3454,random_seed_20260220
random_02679,random,,9787,3460,random_seed_20260220
random_02680,random,,7718,326,random_seed_20260220
random_02681,random,,3662,6281,random_seed_20260220
random_02682,random,,-7306,-5024,random_seed_20260220
random_02683,random,,-2260,-2142,random_seed_20260220
random_02684,random,,8393,-7613,random_seed_20260220
random_02685,random,,-7699,-8794,random_seed_20260220
random_02686,random,,2047,3530,random_seed_20260220
random_02687,random,,-7369,8036,random_seed_20260220
random_02688,random,,8386,-151,random_seed_20260220
random_02689,random,,-1327,-2717,random_seed_20260220
random_02690,random,,-3602,-1200,random_seed_20260220
random_02691,random,,-7323,-8073,random_seed_20260220
random_02692,random,,-6714,3693,random_seed_20260220
random_02693,random,,-5545,8721,random_seed_20260220
random_02694,random,,-7704,7006,random_seed_20260220
random_02695,random,,-7371,-3292,random_seed_20260220
random_02696,random,,-627,2980,random_seed_20260220
random_02697,random,,7818,1311,random_seed_20260220
random_02698,random,,-5278,4657,random_seed_20260220
random_02699,random,,-3792,-3715,random_seed_20260220
random_02700,random,,5253,-6198,random_seed_20260220
random_02701,random,,6919,-1691,random_seed_20260220
random_02702,random,,-2417,-451,random_seed_20260220
random_02703,random,,-7184,-1841,random_seed_20260220
random_02704,random,,5898,-8560,random_seed_20260220
random_02705,random,,1944,4111,random_seed_20260220
random_02706,random,,1672,3919,random_seed_20260220
random_02707,random,,-4866,-9022,random_seed_20260220
random_02708,random,,8122,210,random_seed_20260220
random_02709,random,,-4688,-5999,random_seed_20260220
random_02710,random,,1178,5291,random_seed_20260220
random_02711,random,,5211,7455,random_seed_20260220
random_02712,random,,8287,7823,random_seed_20260220
random_02713,random,,3082,-7302,random_seed_20260220
random_02714,random,,-1627,5134,random_seed_20260220
random_02715,random,,7435,8226,random_seed_20260220
random_02716,random,,4977,-3622,random_seed_20260220
random_02717,random,,3101,-9800,random_seed_20260220
random_02718,random,,6118,-9924,random_seed_20260220
random_02719,random,,-1756,-628,random_seed_20260220
random_02720,random,,1392,-9153,random_seed_20260220
random_02721,random,,236,-7358,random_seed_20260220
random_02722,random,,-7672,8351,random_seed_20260220
random_02723,random,,7783,-6816,random_seed_20260220
random_02724,random,,-5698,-3352,random_seed_20260220
random_02725,random,,-5012,-8876,random_seed_20260220
random_02726,random,,4554,5932,random_seed_20260220
random_02727,random,,-4475,643,random_seed_20260220
random_02728,random,,6536,-2039,random_seed_20260220
random_02729,random,,2928,-7214,random_seed_20260220
random_02730,random,,8245,-8516,random_seed_20260220
random_02731,random,,-7151,-5770,random_seed_20260220
random_02732,random,,-7820,3899,random_seed_20260220
random_02733,random,,1084,-8337,random_seed_20260220
random_02734,random,,-9848,-8855,random_seed_20260220
random_02735,random,,-6193,725,random_seed_20260220
random_02736,random,,-7247,1162,random_seed_20260220
random_02737,random,,-9358,-1466,random_seed_20260220
random_02738,random,,-8582,-736,random_seed_20260220
random_02739,random,,-7873,-7209,random_seed_20260220
random_02740,random,,-2250,-6363,random_seed_20260220
random_02741,random,,-6384,-1034,random_seed_20260220
random_02742,random,,-6228,-7986,random_seed_20260220
random_02743,random,,601,2180,random_seed_20260220
random_02744,random,,-1619,1453,random_seed_20260220
random_02745,random,,-9282,2476,random_seed_20260220
random_02746,random,,-1863,863,random_seed_20260220
random_02747,random,,2828,-7240,random_seed_20260220
random_02748,random,,-5830,4357,random_seed_20260220
random_02749,random,,9648,-1824,random_seed_20260220
random_02750,random,,9731,7099,random_seed_20260220
random_02751,random,,7052,5028,random_seed_20260220
random_02752,random,,4558,9111,random_seed_20260220
random_02753,random,,-7995,6821,random_seed_20260220
random_02754,random,,-9497,-6251,random_seed_20260220
random_02755,random,,-1752,103,random_seed_20260220
random_02756,random,,7837,-315,random_seed_20260220
random_02757,random,,-8649,-5669,random_seed_20260220
random_02758,random,,2624,-692,random_seed_20260220
random_02759,random,,9543,-8462,random_seed_20260220
random_02760,random,,9432,52,random_seed_20260220
random_02761,random,,-6823,6674,random_seed_20260220
random_02762,random,,-9244,402,random_seed_20260220
random_02763,random,,1713,41,random_seed_20260220
random_02764,random,,-7080,6902,random_seed_20260220
random_02765,random,,8283,1770,random_seed_20260220
random_02766,random,,-6087,4348,random_seed_20260220
random_02767,random,,9921,-1545,random_seed_20260220
random_02768,random,,6172,9316,random_seed_20260220
random_02769,random,,6303,-7276,random_seed_20260220
random_02770,random,,-5653,-5426,random_seed_20260220
random_02771,random,,-6494,2117,random_seed_20260220
random_02772,random,,2756,5290,random_seed_20260220
random_02773,random,,5042,-3106,random_seed_20260220
random_02774,random,,5371,4713,random_seed_20260220
random_02775,random,,4273,-2992,random_seed_20260220
random_02776,random,,9005,1497,random_seed_20260220
random_02777,random,,7327,3123,random_seed_20260220
random_02778,random,,3726,2674,random_seed_20260220
random_02779,random,,1290,9231,random_seed_20260220
random_02780,random,,-5824,8492,random_seed_20260220
random_02781,random,,-5840,-2368,random_seed_20260220
random_02782,random,,-7032,2999,random_seed_20260220
random_02783,random,,5224,6607,random_seed_20260220
random_02784,random,,-1831,-4731,random_seed_20260220
random_02785,random,,6917,4543,random_seed_20260220
random_02786,random,,-99,-6236,random_seed_20260220
random_02787,random,,5808,-1835,random_seed_20260220
random_02788,random,,4375,-3420,random_seed_20260220
random_02789,random,,5499,-9858,random_seed_20260220
random_02790,random,,5306,2880,random_seed_20260220
random_02791,random,,3467,1313,random_seed_20260220
random_02792,random,,-154,-643,random_seed_20260220
random_02793,random,,-699,-139,random_seed_20260220
random_02794,random,,-17,-2437,random_seed_20260220
random_02795,random,,4024,7912,random_seed_20260220
random_02796,random,,1792,-3632,random_seed_20260220
random_02797,random,,2047,-3397,random_seed_20260220
random_02798,random,,2807,-7864,random_seed_20260220
random_02799,random,,59,-8814,random_seed_20260220
random_02800,random,,9045,-2578,random_seed_20260220
random_02801,random,,-9687,1079,random_seed_20260220
random_02802,random,,-6478,-8692,random_seed_20260220
random_02803,random,,-723,-3079,random_seed_20260220
random_02804,random,,-1695,-7990,random_seed_20260220
random_02805,random,,6004,107,random_seed_20260220
random_02806,random,,8123,3518,random_seed_20260220
random_02807,random,,-7208,-4824,random_seed_20260220
random_02808,random,,-8856,-6604,random_seed_20260220
random_02809,random,,6648,7686,random_seed_20260220
random_02810,random,,5866,-5792,random_seed_20260220
random_02811,random,,-2119,80,random_seed_20260220
random_02812,random,,5258,-6381,random_seed_20260220
random_02813,random,,7531,-4503,random_seed_20260220
random_02814,random,,-2361,4582,random_seed_20260220
random_02815,random,,-3624,-5244,random_seed_20260220
random_02816,random,,2453,-9014,random_seed_20260220
random_02817,random,,2823,6339,random_seed_20260220
random_02818,random,,-4984,-3765,random_seed_20260220
random_02819,random,,-8377,1341,random_seed_20260220
random_02820,random,,1651,-5334,random_seed_20260220
random_02821,random,,7469,-6538,random_seed_20260220
random_02822,random,,-3424,-9448,random_seed_20260220
random_02823,random,,2446,1849,random_seed_20260220
random_02824,random,,-9621,8812,random_seed_20260220
random_02825,random,,-3345,3426,random_seed_20260220
random_02826,random,,7055,-6947,random_seed_20260220
random_02827,random,,4689,-9856,random_seed_20260220
random_02828,random,,2932,1770,random_seed_20260220
random_02829,random,,-4221,9369,random_seed_20260220
random_02830,random,,7493,4091,random_seed_20260220
random_02831,random,,9987,-7836,random_seed_20260220
random_02832,random,,-4239,7421,random_seed_20260220
random_02833,random,,-981,4176,random_seed_20260220
random_02834,random,,9712,6960,random_seed_20260220
random_02835,random,,7816,-620,random_seed_20260220
random_02836,random,,-6734,-3366,random_seed_20260220
random_02837,random,,793,-2456,random_seed_20260220
random_02838,random,,9033,-846,random_seed_20260220
random_02839,random,,7216,5459,random_seed_20260220
random_02840,random,,-9399,-5539,random_seed_20260220
random_02841,random,,-7255,805,random_seed_20260220
random_02842,random,,7359,-3196,random_seed_20260220
random_02843,random,,471,-8074,random_seed_20260220
random_02844,random,,279,3224,random_seed_20260220
random_02845,random,,9512,-1580,random_seed_20260220
random_02846,random,,-7050,3624,random_seed_20260220
random_02847,random,,8909,2735,random_seed_20260220
random_02848,random,,-7858,3312,random_seed_20260220
random_02849,random,,-3415,7231,random_seed_20260220
random_02850,random,,-7037,-8165,random_seed_20260220
random_02851,random,,3915,-2716,random_seed_20260220
random_02852,random,,6199,-2713,random_seed_20260220
random_02853,random,,-2368,8273,random_seed_20260220
random_02854,random,,4782,5187,random_seed_20260220
random_02855,random,,-1201,7731,random_seed_20260220
random_02856,random,,8781,4267,random_seed_20260220
random_02857,random,,2081,7408,random_seed_20260220
random_02858,random,,4415,-7552,random_seed_20260220
random_02859,random,,-8863,-4309,random_seed_20260220
random_02860,random,,7818,-5547,random_seed_20260220
random_02861,random,,893,-7522,random_seed_20260220
random_02862,random,,3959,8416,random_seed_20260220
random_02863,random,,-3988,-9512,random_seed_20260220
random_02864,random,,-1245,9965,random_seed_20260220
random_02865,random,,2801,8456,random_seed_20260220
random_02866,random,,1237,-2980,random_seed_20260220
random_02867,random,,2960,-9164,random_seed_20260220
random_02868,random,,9866,-5817,random_seed_20260220
random_02869,random,,2850,6835,random_seed_20260220
random_02870,random,,-6844,4603,random_seed_20260220
random_02871,random,,-3366,-1930,random_seed_20260220
random_02872,random,,-2195,6295,random_seed_20260220
random_02873,random,,-4455,-7544,random_seed_20260220
random_02874,random,,5152,6414,random_seed_20260220
random_02875,random,,-6407,8051,random_seed_20260220
random_02876,random,,-7578,9506,random_seed_20260220
random_02877,random,,-7243,2293,random_seed_20260220
random_02878,random,,5449,6198,random_seed_20260220
random_02879,random,,-8550,6086,random_seed_20260220
random_02880,random,,6577,4601,random_seed_20260220
random_02881,random,,-8970,-8045,random_seed_20260220
random_02882,random,,4384,-5171,random_seed_20260220
random_02883,random,,2386,1432,random_seed_20260220
random_02884,random,,-633,-7004,random_seed_20260220
random_02885,random,,3535,7252,random_seed_20260220
random_02886,random,,9675,7421,random_seed_20260220
random_02887,random,,-7516,4948,random_seed_20260220
random_02888,random,,8633,-8622,random_seed_20260220
random_02889,random,,-5847,8462,random_seed_20260220
random_02890,random,,-6265,-3388,random_seed_20260220
random_02891,random,,6873,828,random_seed_20260220
random_02892,random,,-2752,2457,random_seed_20260220
random_02893,random,,3470,-3862,random_seed_20260220
random_02894,random,,2154,-9252,random_seed_20260220
random_02895,random,,-183,-9871,random_seed_20260220
random_02896,random,,-2041,-3350,random_seed_20260220
random_02897,random,,-8671,-8720,random_seed_20260220
random_02898,random,,-7693,7641,random_seed_20260220
random_02899,random,,-6481,-9346,random_seed_20260220
random_02900,random,,7638,9658,random_seed_20260220
random_02901,random,,-742,4783,random_seed_20260220
random_02902,random,,-8726,-946,random_seed_20260220
random_02903,random,,-132,2074,random_seed_20260220
random_02904,random,,2858,934,random_seed_20260220
random_02905,random,,-2314,-6824,random_seed_20260220
random_02906,random,,-7088,4791,random_seed_20260220
random_02907,random,,-1288,-3777,random_seed_20260220
random_02908,random,,3050,6288,random_seed_20260220
random_02909,random,,-5404,4923,random_seed_20260220
random_02910,random,,-3574,1356,random_seed_20260220
random_02911,random,,912,-4769,random_seed_20260220
random_02912,random,,-3234,3416,random_seed_20260220
random_02913,random,,-3616,54,random_seed_20260220
random_02914,random,,237,397,random_seed_20260220
random_02915,random,,-318,9681,random_seed_20260220
random_02916,random,,7017,9934,random_seed_20260220
random_02917,random,,1603,5286,random_seed_20260220
random_02918,random,,-71,-8905,random_seed_20260220
random_02919,random,,-3250,-4217,random_seed_20260220
random_02920,random,,-1028,8038,random_seed_20260220
random_02921,random,,2314,-5996,random_seed_20260220
random_02922,random,,-7863,-3364,random_seed_20260220
random_02923,random,,-4133,-9345,random_seed_20260220
random_02924,random,,-7571,7953,random_seed_20260220
random_02925,random,,2058,5817,random_seed_20260220
random_02926,random,,4475,9797,random_seed_20260220
random_02927,random,,8872,5679,random_seed_20260220
random_02928,random,,-8114,-4839,random_seed_20260220
random_02929,random,,-581,123,random_seed_20260220
random_02930,random,,-9693,-7203,random_seed_20260220
random_02931,random,,-2995,9963,random_seed_20260220
random_02932,random,,8533,-4306,random_seed_20260220
random_02933,random,,-9321,3380,random_seed_20260220
random_02934,random,,2560,500,random_seed_20260220
random_02935,random,,8812,8311,random_seed_20260220
random_02936,random,,5761,-611,random_seed_20260220
random_02937,random,,9369,3648,random_seed_20260220
random_02938,random,,2167,5896,random_seed_20260220
random_02939,random,,6233,4905,random_seed_20260220
random_02940,random,,9482,-8681,random_seed_20260220
random_02941,random,,-4302,-7637,random_seed_20260220
random_02942,random,,-5652,-8434,random_seed_20260220
random_02943,random,,9967,4848,random_seed_20260220
random_02944,random,,-530,6209,random_seed_20260220
random_02945,random,,-968,-7749,random_seed_20260220
random_02946,random,,6179,8409,random_seed_20260220
random_02947,random,,-5893,-507,random_seed_20260220
random_02948,random,,-8202,118,random_seed_20260220
random_02949,random,,-7741,4611,random_seed_20260220
random_02950,random,,-8766,-6085,random_seed_20260220
random_02951,random,,3429,3238,random_seed_20260220
random_02952,random,,-9530,225,random_seed_20260220
random_02953,random,,94,8708,random_seed_20260220
random_02954,random,,7712,9933,random_seed_20260220
random_02955,random,,-777,895,random_seed_20260220
random_02956,random,,-3129,-890,random_seed_20260220
random_02957,random,,3830,4732,random_seed_20260220
random_02958,random,,-1586,-2999,random_seed_20260220
random_02959,random,,-4960,-4132,random_seed_20260220
random_02960,random,,-7122,5481,random_seed_20260220
random_02961,random,,8051,7786,random_seed_20260220
random_02962,random,,6698,-7221,random_seed_20260220
random_02963,random,,-3403,2818,random_seed_20260220
random_02964,random,,259,-9798,random_seed_20260220
random_02965,random,,-7796,-6980,random_seed_20260220
random_02966,random,,-1395,9931,random_seed_20260220
random_02967,random,,-1038,991,random_seed_20260220
random_02968,random,,-57,2128,random_seed_20260220
random_02969,random,,-254,-480,random_seed_20260220
random_02970,random,,-1504,-4578,random_seed_20260220
random_02971,random,,2979,1176,random_seed_20260220
random_02972,random,,-2761,-5176,random_seed_20260220
random_02973,random,,6996,561,random_seed_20260220
random_02974,random,,-4072,2880,random_seed_20260220
random_02975,random,,-4583,-7698,random_seed_20260220
random_02976,random,,-5925,6834,random_seed_20260220
random_02977,random,,7429,-9330,random_seed_20260220
random_02978,random,,-7365,2197,random_seed_20260220
random_02979,random,,-2074,-4307,random_seed_20260220
random_02980,random,,9227,1732,random_seed_20260220
random_02981,random,,8796,-3370,random_seed_20260220
random_02982,random,,5657,-6257,random_seed_20260220
random_02983,random,,2076,-4126,random_seed_20260220
random_02984,random,,-4587,1630,random_seed_20260220
random_02985,random,,1024,-8493,random_seed_20260220
random_02986,random,,-73,-3201,random_seed_20260220
random_02987,random,,-4185,3411,random_seed_20260220
random_02988,random,,-6004,-6836,random_seed_20260220
random_02989,random,,-2755,-7541,random_seed_20260220
random_02990,random,,-7859,-1930,random_seed_20260220
random_02991,random,,2810,-7951,random_seed_20260220
random_02992,random,,-9607,9164,random_seed_20260220
random_02993,random,,-654,5184,random_seed_20260220
random_02994,random,,5646,3138,random_seed_20260220
random_02995,random,,-3493,362,random_seed_20260220
random_02996,random,,-7118,-7141,random_seed_20260220
random_02997,random,,2828,-6840,random_seed_20260220
random_02998,random,,7092,6104,random_seed_20260220
random_02999,random,,1041,5702,random_seed_20260220
random_03000,random,,-1764,7893,random_seed_20260220
random_03001,random,,6217,5544,random_seed_20260220
random_03002,random,,7145,-3015,random_seed_20260220
random_03003,random,,-4834,-464,random_seed_20260220
random_03004,random,,6550,-1717,random_seed_20260220
random_03005,random,,6327,2482,random_seed_20260220
random_03006,random,,-8150,2429,random_seed_20260220
random_03007,random,,-6146,3237,random_seed_20260220
random_03008,random,,4766,1125,random_seed_20260220
random_03009,random,,-804,-5785,random_seed_20260220
random_03010,random,,-6189,4060,random_seed_20260220
random_03011,random,,677,-2989,random_seed_20260220
random_03012,random,,6579,-1097,random_seed_20260220
random_03013,random,,-7172,-8458,random_seed_20260220
random_03014,random,,1378,-6554,random_seed_20260220
random_03015,random,,8763,4434,random_seed_20260220
random_03016,random,,-8719,-9950,random_seed_20260220
random_03017,random,,-268,1420,random_seed_20260220
random_03018,random,,6184,5804,random_seed_20260220
random_03019,random,,-1620,6917,random_seed_20260220
random_03020,random,,-6176,-5086,random_seed_20260220
random_03021,random,,4805,2407,random_seed_20260220
random_03022,random,,8252,-622,random_seed_20260220
random_03023,random,,349,-280,random_seed_20260220
random_03024,random,,-9563,-5529,random_seed_20260220
random_03025,random,,-623,6915,random_seed_20260220
random_03026,random,,-4588,-9149,random_seed_20260220
random_03027,random,,-8230,2147,random_seed_20260220
random_03028,random,,-4813,-5114,random_seed_20260220
random_03029,random,,4302,1074,random_seed_20260220
random_03030,random,,-1173,5275,random_seed_20260220
random_03031,random,,2329,-3395,random_seed_20260220
random_03032,random,,-5943,4639,random_seed_20260220
random_03033,random,,6229,8053,random_seed_20260220
random_03034,random,,-4330,-1423,random_seed_20260220
random_03035,random,,1584,7361,random_seed_20260220
random_03036,random,,-1407,-1243,random_seed_20260220
random_03037,random,,6137,-6740,random_seed_20260220
random_03038,random,,4324,6522,random_seed_20260220
random_03039,random,,-5392,5129,random_seed_20260220
random_03040,random,,-9178,6903,random_seed_20260220
random_03041,random,,-8873,-8941,random_seed_20260220
random_03042,random,,-3451,4338,random_seed_20260220
random_03043,random,,4101,7734,random_seed_20260220
random_03044,random,,-5424,4708,random_seed_20260220
random_03045,random,,-9709,5674,random_seed_20260220
random_03046,random,,3,3623,random_seed_20260220
random_03047,random,,1117,373,random_seed_20260220
random_03048,random,,-2979,-350,random_seed_20260220
random_03049,random,,184,-5269,random_seed_20260220
random_03050,random,,3873,6744,random_seed_20260220
random_03051,random,,1750,-3517,random_seed_20260220
random_03052,random,,-4297,5871,random_seed_20260220
random_03053,random,,2684,4276,random_seed_20260220
random_03054,random,,538,4248,random_seed_20260220
random_03055,random,,-2413,-7950,random_seed_20260220
random_03056,random,,-129,721,random_seed_20260220
random_03057,random,,5400,-9058,random_seed_20260220
random_03058,random,,-8704,7152,random_seed_20260220
random_03059,random,,-6048,4580,random_seed_20260220
random_03060,random,,6998,-5270,random_seed_20260220
random_03061,random,,5054,4739,random_seed_20260220
random_03062,random,,-5203,-2923,random_seed_20260220
random_03063,random,,-9192,9190,random_seed_20260220
random_03064,random,,-9491,-6786,random_seed_20260220
random_03065,random,,3205,5651,random_seed_20260220
random_03066,random,,-2451,-3669,random_seed_20260220
random_03067,random,,-470,-44,random_seed_20260220
random_03068,random,,8645,-8323,random_seed_20260220
random_03069,random,,7406,-6782,random_seed_20260220
random_03070,random,,2260,1529,random_seed_20260220
random_03071,random,,-1278,3679,random_seed_20260220
random_03072,random,,8714,538,random_seed_20260220
random_03073,random,,7004,-3267,random_seed_20260220
random_03074,random,,4903,4317,random_seed_20260220
random_03075,random,,-2823,-7424,random_seed_20260220
random_03076,random,,1563,-7395,random_seed_20260220
random_03077,random,,8685,513,random_seed_20260220
random_03078,random,,5098,-6281,random_seed_20260220
random_03079,random,,-4382,-6796,random_seed_20260220
random_03080,random,,4380,8688,random_seed_20260220
random_03081,random,,-2146,2333,random_seed_20260220
random_03082,random,,5211,3554,random_seed_20260220
random_03083,random,,-222,-9293,random_seed_20260220
random_03084,random,,-7528,5806,random_seed_20260220
random_03085,random,,-4285,7943,random_seed_20260220
random_03086,random,,-9928,-8652,random_seed_20260220
random_03087,random,,-3347,-653,random_seed_20260220
random_03088,random,,5221,6445,random_seed_20260220
random_03089,random,,-2161,7523,random_seed_20260220
random_03090,random,,-4771,1652,random_seed_20260220
random_03091,random,,1432,-404,random_seed_20260220
random_03092,random,,-8239,1294,random_seed_20260220
random_03093,random,,-1748,9274,random_seed_20260220
random_03094,random,,1530,-8813,random_seed_20260220
random_03095,random,,-5093,-6991,random_seed_20260220
random_03096,random,,2893,-8510,random_seed_20260220
random_03097,random,,204,-7451,random_seed_20260220
random_03098,random,,6185,7181,random_seed_20260220
random_03099,random,,-9716,3390,random_seed_20260220
random_03100,random,,2693,-5445,random_seed_20260220
random_03101,random,,-6852,5002,random_seed_20260220
random_03102,random,,-9032,4714,random_seed_20260220
random_03103,random,,5748,-1634,random_seed_20260220
random_03104,random,,-1043,9343,random_seed_20260220
random_03105,random,,7869,494,random_seed_20260220
random_03106,random,,5576,5830,random_seed_20260220
random_03107,random,,-5569,-3046,random_seed_20260220
random_03108,random,,618,5834,random_seed_20260220
random_03109,random,,-9071,6721,random_seed_20260220
random_03110,random,,1649,-1246,random_seed_20260220
random_03111,random,,122,-734,random_seed_20260220
random_03112,random,,-7372,8625,random_seed_20260220
random_03113,random,,7251,-2017,random_seed_20260220
random_03114,random,,3783,696,random_seed_20260220
random_03115,random,,5200,1749,random_seed_20260220
random_03116,random,,-5012,-3840,random_seed_20260220
random_03117,random,,-7453,-4950,random_seed_20260220
random_03118,random,,3843,-6280,random_seed_20260220
random_03119,random,,3259,-9040,random_seed_20260220
random_03120,random,,-5227,3593,random_seed_20260220
random_03121,random,,-3696,3079,random_seed_20260220
random_03122,random,,3145,4951,random_seed_20260220
random_03123,random,,-3860,-5658,random_seed_20260220
random_03124,random,,6935,6699,random_seed_20260220
random_03125,random,,2655,-3247,random_seed_20260220
random_03126,random,,-1322,2161,random_seed_20260220
random_03127,random,,-1531,-7294,random_seed_20260220
random_03128,random,,4010,-8751,random_seed_20260220
random_03129,random,,306,9484,random_seed_20260220
random_03130,random,,-3299,7362,random_seed_20260220
random_03131,random,,3197,2019,random_seed_20260220
random_03132,random,,5824,5523,random_seed_20260220
random_03133,random,,702,3631,random_seed_20260220
random_03134,random,,5667,4275,random_seed_20260220
random_03135,random,,4954,4695,random_seed_20260220
random_03136,random,,-7140,-6479,random_seed_20260220
random_03137,random,,9675,9383,random_seed_20260220
random_03138,random,,-3068,340,random_seed_20260220
random_03139,random,,-809,-9316,random_seed_20260220
random_03140,random,,-3761,6764,random_seed_20260220
random_03141,random,,-1250,397,random_seed_20260220
random_03142,random,,392,-696,random_seed_20260220
random_03143,random,,9835,-7448,random_seed_20260220
random_03144,random,,-97,7592,random_seed_20260220
random_03145,random,,3281,8123,random_seed_20260220
random_03146,random,,-8823,7194,random_seed_20260220
random_03147,random,,-2787,6677,random_seed_20260220
random_03148,random,,-1965,2635,random_seed_20260220
random_03149,random,,-1844,9260,random_seed_20260220
random_03150,random,,4526,6615,random_seed_20260220
random_03151,random,,5610,-3780,random_seed_20260220
random_03152,random,,2230,7583,random_seed_20260220
random_03153,random,,-2998,-1850,random_seed_20260220
random_03154,random,,-8451,6822,random_seed_20260220
random_03155,random,,-7322,-9420,random_seed_20260220
random_03156,random,,-8062,4646,random_seed_20260220
random_03157,random,,5102,9675,random_seed_20260220
random_03158,random,,750,1839,random_seed_20260220
random_03159,random,,773,5550,random_seed_20260220
random_03160,random,,6379,2819,random_seed_20260220
random_03161,random,,2605,356,random_seed_20260220
random_03162,random,,7259,5961,random_seed_20260220
random_03163,random,,-7729,-8934,random_seed_20260220
random_03164,random,,917,3085,random_seed_20260220
random_03165,random,,-8484,-1772,random_seed_20260220
random_03166,random,,254,-9161,random_seed_20260220
random_03167,random,,-5315,3908,random_seed_20260220
random_03168,random,,8227,-8953,random_seed_20260220
random_03169,random,,4756,91,random_seed_20260220
random_03170,random,,9721,-7924,random_seed_20260220
random_03171,random,,-8352,-8949,random_seed_20260220
random_03172,random,,-168,-6269,random_seed_20260220
random_03173,random,,663,9355,random_seed_20260220
random_03174,random,,-5946,-6826,random_seed_20260220
random_03175,random,,4745,4489,random_seed_20260220
random_03176,random,,295,-1758,random_seed_20260220
random_03177,random,,-6892,-3467,random_seed_20260220
random_03178,random,,-9019,-3945,random_seed_20260220
random_03179,random,,2068,-8210,random_seed_20260220
random_03180,random,,1566,6255,random_seed_20260220
random_03181,random,,-5583,-6067,random_seed_20260220
random_03182,random,,-8665,-555,random_seed_20260220
random_03183,random,,6832,-8705,random_seed_20260220
random_03184,random,,-5065,8417,random_seed_20260220
random_03185,random,,9806,2219,random_seed_20260220
random_03186,random,,4113,521,random_seed_20260220
random_03187,random,,-6390,-4860,random_seed_20260220
random_03188,random,,5465,1080,random_seed_20260220
random_03189,random,,-5424,-7859,random_seed_20260220
random_03190,random,,7937,3887,random_seed_20260220
random_03191,random,,6969,-5486,random_seed_20260220
random_03192,random,,6714,4290,random_seed_20260220
random_03193,random,,-7310,9414,random_seed_20260220
random_03194,random,,7051,3992,random_seed_20260220
random_03195,random,,2132,1864,random_seed_20260220
random_03196,random,,-6704,-7736,random_seed_20260220
random_03197,random,,-4941,-1902,random_seed_20260220
random_03198,random,,-1186,-6715,random_seed_20260220
random_03199,random,,1857,-6027,random_seed_20260220
random_03200,random,,-6594,6200,random_seed_20260220
random_03201,random,,3262,489,random_seed_20260220
random_03202,random,,-4568,4236,random_seed_20260220
random_03203,random,,8871,7141,random_seed_20260220
random_03204,random,,9785,6336,random_seed_20260220
random_03205,random,,-7623,7117,random_seed_20260220
random_03206,random,,3714,6387,random_seed_20260220
random_03207,random,,-6477,-9313,random_seed_20260220
random_03208,random,,-2325,7004,random_seed_20260220
random_03209,random,,435,-4431,random_seed_20260220
random_03210,random,,-4883,-7618,random_seed_20260220
random_03211,random,,-6712,6181,random_seed_20260220
random_03212,random,,-2756,8606,random_seed_20260220
random_03213,random,,-4567,2732,random_seed_20260220
random_03214,random,,9258,-182,random_seed_20260220
random_03215,random,,2141,-4677,random_seed_20260220
random_03216,random,,-2437,-3196,random_seed_20260220
random_03217,random,,9315,-3262,random_seed_20260220
random_03218,random,,5632,-6701,random_seed_20260220
random_03219,random,,5998,692,random_seed_20260220
random_03220,random,,8807,7715,random_seed_20260220
random_03221,random,,-1246,-9205,random_seed_20260220
random_03222,random,,-2286,9409,random_seed_20260220
random_03223,random,,1559,8403,random_seed_20260220
random_03224,random,,3765,-189,random_seed_20260220
random_03225,random,,-5606,-1019,random_seed_20260220
random_03226,random,,-966,4648,random_seed_20260220
random_03227,random,,6169,1778,random_seed_20260220
random_03228,random,,2213,6328,random_seed_20260220
random_03229,random,,-5778,-6806,random_seed_20260220
random_03230,random,,-4017,-2342,random_seed_20260220
random_03231,random,,-6918,-2220,random_seed_20260220
random_03232,random,,8833,-3877,random_seed_20260220
random_03233,random,,-9810,-7713,random_seed_20260220
random_03234,random,,-3401,-1134,random_seed_20260220
random_03235,random,,9363,724,random_seed_20260220
random_03236,random,,-1701,8763,random_seed_20260220
random_03237,random,,-8407,7966,random_seed_20260220
random_03238,random,,313,7564,random_seed_20260220
random_03239,random,,3173,4402,random_seed_20260220
random_03240,random,,5684,-7644,random_seed_20260220
random_03241,random,,6099,-7059,random_seed_20260220
random_03242,random,,-580,-4407,random_seed_20260220
random_03243,random,,4683,-690,random_seed_20260220
random_03244,random,,8666,-4622,random_seed_20260220
random_03245,random,,5313,169,random_seed_20260220
random_03246,random,,-4555,-2819,random_seed_20260220
random_03247,random,,-2500,-7586,random_seed_20260220
random_03248,random,,1485,2676,random_seed_20260220
random_03249,random,,3292,5585,random_seed_20260220
random_03250,random,,-9750,-6103,random_seed_20260220
random_03251,random,,4264,-6929,random_seed_20260220
random_03252,random,,5185,6456,random_seed_20260220
random_03253,random,,336,9732,random_seed_20260220
random_03254,random,,6493,-9619,random_seed_20260220
random_03255,random,,-871,5874,random_seed_20260220
random_03256,random,,-3879,-13,random_seed_20260220
random_03257,random,,1145,2459,random_seed_20260220
random_03258,random,,-3145,-9241,random_seed_20260220
random_03259,random,,-7756,1979,random_seed_20260220
random_03260,random,,-8519,-5476,random_seed_20260220
random_03261,random,,6030,4891,random_seed_20260220
random_03262,random,,7927,-5473,random_seed_20260220
random_03263,random,,-788,-501,random_seed_20260220
random_03264,random,,-9941,8560,random_seed_20260220
random_03265,random,,-9845,-8076,random_seed_20260220
random_03266,random,,-2269,-4980,random_seed_20260220
random_03267,random,,6514,7632,random_seed_20260220
random_03268,random,,-3280,4076,random_seed_20260220
random_03269,random,,2161,8069,random_seed_20260220
random_03270,random,,-6728,-5763,random_seed_20260220
random_03271,random,,-7662,-6598,random_seed_20260220
random_03272,random,,-8904,-8011,random_seed_20260220
random_03273,random,,2417,-5399,random_seed_20260220
random_03274,random,,8358,231,random_seed_20260220
random_03275,random,,-1163,-2788,random_seed_20260220
random_03276,random,,-1250,-6390,random_seed_20260220
random_03277,random,,-4179,-2415,random_seed_20260220
random_03278,random,,-2400,8924,random_seed_20260220
random_03279,random,,-717,-8718,random_seed_20260220
random_03280,random,,-8066,-6295,random_seed_20260220
random_03281,random,,-3478,-8233,random_seed_20260220
random_03282,random,,-8326,79,random_seed_20260220
random_03283,random,,763,4270,random_seed_20260220
random_03284,random,,5443,750,random_seed_20260220
random_03285,random,,1169,3593,random_seed_20260220
random_03286,random,,-819,-2039,random_seed_20260220
random_03287,random,,-9193,-5875,random_seed_20260220
random_03288,random,,5391,4310,random_seed_20260220
random_03289,random,,2849,6730,random_seed_20260220
random_03290,random,,-5953,-4566,random_seed_20260220
random_03291,random,,-3339,-9194,random_seed_20260220
random_03292,random,,3340,-1799,random_seed_20260220
random_03293,random,,7605,-8100,random_seed_20260220
random_03294,random,,-4610,-9855,random_seed_20260220
random_03295,random,,-9163,1076,random_seed_20260220
random_03296,random,,2081,9436,random_seed_20260220
random_03297,random,,-1224,-9239,random_seed_20260220
random_03298,random,,4578,2055,random_seed_20260220
random_03299,random,,9661,2090,random_seed_20260220
random_03300,random,,2546,-5503,random_seed_20260220
random_03301,random,,-2496,-6364,random_seed_20260220
random_03302,random,,-8822,-7821,random_seed_20260220
random_03303,random,,2538,-9785,random_seed_20260220
random_03304,random,,-9061,4756,random_seed_20260220
random_03305,random,,8557,3554,random_seed_20260220
random_03306,random,,-5946,8984,random_seed_20260220
random_03307,random,,-8132,-1528,random_seed_20260220
random_03308,random,,-2676,-5563,random_seed_20260220
random_03309,random,,7706,-4224,random_seed_20260220
random_03310,random,,-4418,6995,random_seed_20260220
random_03311,random,,3383,-1411,random_seed_20260220
random_03312,random,,-29,-9376,random_seed_20260220
random_03313,random,,6065,-6362,random_seed_20260220
random_03314,random,,2815,-7891,random_seed_20260220
random_03315,random,,7463,-3647,random_seed_20260220
random_03316,random,,-4012,-6620,random_seed_20260220
random_03317,random,,5957,2723,random_seed_20260220
random_03318,random,,-3966,3849,random_seed_20260220
random_03319,random,,-8248,-2451,random_seed_20260220
random_03320,random,,7094,-8272,random_seed_20260220
random_03321,random,,8840,-6087,random_seed_20260220
random_03322,random,,-6413,4510,random_seed_20260220
random_03323,random,,7722,-4199,random_seed_20260220
random_03324,random,,5280,-4705,random_seed_20260220
random_03325,random,,1214,2656,random_seed_20260220
random_03326,random,,1638,4263,random_seed_20260220
random_03327,random,,2314,6923,random_seed_20260220
random_03328,random,,-2067,-5350,random_seed_20260220
random_03329,random,,657,3794,random_seed_20260220
random_03330,random,,-2325,-4708,random_seed_20260220
random_03331,random,,-6989,6844,random_seed_20260220
random_03332,random,,-9331,-7832,random_seed_20260220
random_03333,random,,-6980,5817,random_seed_20260220
random_03334,random,,4782,1203,random_seed_20260220
random_03335,random,,-3358,-6006,random_seed_20260220
random_03336,random,,-798,6619,random_seed_20260220
random_03337,random,,3258,1696,random_seed_20260220
random_03338,random,,-8783,7424,random_seed_20260220
random_03339,random,,7685,-6291,random_seed_20260220
random_03340,random,,7122,-8630,random_seed_20260220
random_03341,random,,244,1510,random_seed_20260220
random_03342,random,,-6181,-9646,random_seed_20260220
random_03343,random,,-887,7094,random_seed_20260220
random_03344,random,,-4801,8688,random_seed_20260220
random_03345,random,,-9832,-4427,random_seed_20260220
random_03346,random,,8622,-2452,random_seed_20260220
random_03347,random,,-2194,-1758,random_seed_20260220
random_03348,random,,-6467,6434,random_seed_20260220
random_03349,random,,6128,5858,random_seed_20260220
random_03350,random,,4885,-4767,random_seed_20260220
random_03351,random,,5499,-6527,random_seed_20260220
random_03352,random,,-205,-519,random_seed_20260220
random_03353,random,,6249,6866,random_seed_20260220
random_03354,random,,5061,4224,random_seed_20260220
random_03355,random,,2371,-3694,random_seed_20260220
random_03356,random,,5280,-3138,random_seed_20260220
random_03357,random,,-469,7455,random_seed_20260220
random_03358,random,,2793,7326,random_seed_20260220
random_03359,random,,-3764,-1644,random_seed_20260220
random_03360,random,,-7123,-8674,random_seed_20260220
random_03361,random,,1681,-9755,random_seed_20260220
random_03362,random,,1893,-8920,random_seed_20260220
random_03363,random,,2864,9660,random_seed_20260220
random_03364,random,,9413,-567,random_seed_20260220
random_03365,random,,-1154,-3388,random_seed_20260220
random_03366,random,,-7227,8680,random_seed_20260220
random_03367,random,,-3471,1096,random_seed_20260220
random_03368,random,,8739,-1850,random_seed_20260220
random_03369,random,,-6752,3041,random_seed_20260220
random_03370,random,,-3405,-9669,random_seed_20260220
random_03371,random,,2332,339,random_seed_20260220
random_03372,random,,7867,-1242,random_seed_20260220
random_03373,random,,-6703,-5864,random_seed_20260220
random_03374,random,,-9263,-3743,random_seed_20260220
random_03375,random,,-70,-3450,random_seed_20260220
random_03376,random,,8262,-8577,random_seed_20260220
random_03377,random,,-8195,-9299,random_seed_20260220
random_03378,random,,8606,5825,random_seed_20260220
random_03379,random,,6878,3107,random_seed_20260220
random_03380,random,,-1375,-4069,random_seed_20260220
random_03381,random,,2344,9304,random_seed_20260220
random_03382,random,,-2755,-194,random_seed_20260220
random_03383,random,,6837,4511,random_seed_20260220
random_03384,random,,-8191,-5579,random_seed_20260220
random_03385,random,,587,-6831,random_seed_20260220
random_03386,random,,9764,-1535,random_seed_20260220
random_03387,random,,7841,7327,random_seed_20260220
random_03388,random,,5972,-5229,random_seed_20260220
random_03389,random,,5672,-2699,random_seed_20260220
random_03390,random,,-1270,1179,random_seed_20260220
random_03391,random,,717,5581,random_seed_20260220
random_03392,random,,-5688,-1879,random_seed_20260220
random_03393,random,,-3931,4924,random_seed_20260220
random_03394,random,,3575,3083,random_seed_20260220
random_03395,random,,-4920,-8309,random_seed_20260220
random_03396,random,,7553,2641,random_seed_20260220
random_03397,random,,-147,-4322,random_seed_20260220
random_03398,random,,8902,-9296,random_seed_20260220
random_03399,random,,3240,9219,random_seed_20260220
random_03400,random,,2722,-8304,random_seed_20260220
random_03401,random,,8652,8726,random_seed_20260220
random_03402,random,,-8844,-5802,random_seed_20260220
random_03403,random,,-3071,-8685,random_seed_20260220
random_03404,random,,8264,-1328,random_seed_20260220
random_03405,random,,-7827,-6546,random_seed_20260220
random_03406,random,,2141,7251,random_seed_20260220
random_03407,random,,5359,6696,random_seed_20260220
random_03408,random,,3954,-5575,random_seed_20260220
random_03409,random,,-3640,-3128,random_seed_20260220
random_03410,random,,2362,-5746,random_seed_20260220
random_03411,random,,8567,9769,random_seed_20260220
random_03412,random,,8012,-3157,random_seed_20260220
random_03413,random,,4171,-2954,random_seed_20260220
random_03414,random,,-5076,1742,random_seed_20260220
random_03415,random,,2309,7346,random_seed_20260220
random_03416,random,,5027,-6581,random_seed_20260220
random_03417,random,,9865,9943,random_seed_20260220
random_03418,random,,6115,578,random_seed_20260220
random_03419,random,,7055,9415,random_seed_20260220
random_03420,random,,2410,295,random_seed_20260220
random_03421,random,,-9317,753,random_seed_20260220
random_03422,random,,8088,-6758,random_seed_20260220
random_03423,random,,4417,5302,random_seed_20260220
random_03424,random,,9128,-1982,random_seed_20260220
random_03425,random,,4821,-2910,random_seed_20260220
random_03426,random,,3730,-6453,random_seed_20260220
random_03427,random,,520,-6859,random_seed_20260220
random_03428,random,,3578,5577,random_seed_20260220
random_03429,random,,2819,-64,random_seed_20260220
random_03430,random,,4226,2077,random_seed_20260220
random_03431,random,,-3774,2570,random_seed_20260220
random_03432,random,,2796,-8093,random_seed_20260220
random_03433,random,,-1434,-2077,random_seed_20260220
random_03434,random,,6744,9919,random_seed_20260220
random_03435,random,,9790,-2010,random_seed_20260220
random_03436,random,,4471,-2981,random_seed_20260220
random_03437,random,,3910,-851,random_seed_20260220
random_03438,random,,-883,2404,random_seed_20260220
random_03439,random,,485,9585,random_seed_20260220
random_03440,random,,-2999,8980,random_seed_20260220
random_03441,random,,7975,8574,random_seed_20260220
random_03442,random,,7162,-3766,random_seed_20260220
random_03443,random,,-944,-2346,random_seed_20260220
random_03444,random,,6245,-2508,random_seed_20260220
random_03445,random,,-6536,-7020,random_seed_20260220
random_03446,random,,-9211,-2685,random_seed_20260220
random_03447,random,,937,-6176,random_seed_20260220
random_03448,random,,5582,-7688,random_seed_20260220
random_03449,random,,-2910,-1642,random_seed_20260220
random_03450,random,,-4620,-984,random_seed_20260220
random_03451,random,,-5259,-235,random_seed_20260220
random_03452,random,,2193,-4793,random_seed_20260220
random_03453,random,,-5092,2240,random_seed_20260220
random_03454,random,,3601,6734,random_seed_20260220
random_03455,random,,9706,-9021,random_seed_20260220
random_03456,random,,2324,-3348,random_seed_20260220
random_03457,random,,-4680,3070,random_seed_20260220
random_03458,random,,-3912,7416,random_seed_20260220
random_03459,random,,1328,-1222,random_seed_20260220
random_03460,random,,-2523,5156,random_seed_20260220
random_03461,random,,-1344,4815,random_seed_20260220
random_03462,random,,-496,-2466,random_seed_20260220
random_03463,random,,1264,881,random_seed_20260220
random_03464,random,,5800,-3203,random_seed_20260220
random_03465,random,,6564,5191,random_seed_20260220
random_03466,random,,9135,-6056,random_seed_20260220
random_03467,random,,-1257,7270,random_seed_20260220
random_03468,random,,-3815,-6768,random_seed_20260220
random_03469,random,,7987,9079,random_seed_20260220
random_03470,random,,-3960,2743,random_seed_20260220
random_03471,random,,-7156,2620,random_seed_20260220
random_03472,random,,73,-9363,random_seed_20260220
random_03473,random,,-8304,2528,random_seed_20260220
random_03474,random,,-6131,7187,random_seed_20260220
random_03475,random,,8496,-5128,random_seed_20260220
random_03476,random,,2005,3041,random_seed_20260220
random_03477,random,,1147,919,random_seed_20260220
random_03478,random,,3614,3493,random_seed_20260220
random_03479,random,,-8829,-9034,random_seed_20260220
random_03480,random,,-2472,-1929,random_seed_20260220
random_03481,random,,6484,-8728,random_seed_20260220
random_03482,random,,-9396,-1871,random_seed_20260220
random_03483,random,,-4236,4695,random_seed_20260220
random_03484,random,,626,-6011,random_seed_20260220
random_03485,random,,-1400,4786,random_seed_20260220
random_03486,random,,2943,-162,random_seed_20260220
random_03487,random,,1341,7361,random_seed_20260220
random_03488,random,,1527,8578,random_seed_20260220
random_03489,random,,-5638,-8077,random_seed_20260220
random_03490,random,,-2874,-4183,random_seed_20260220
random_03491,random,,-3172,-3235,random_seed_20260220
random_03492,random,,-2227,-489,random_seed_20260220
random_03493,random,,481,-2740,random_seed_20260220
random_03494,random,,-3083,7437,random_seed_20260220
random_03495,random,,-7458,-4076,random_seed_20260220
random_03496,random,,4233,-383,random_seed_20260220
random_03497,random,,-3490,4868,random_seed_20260220
random_03498,random,,5050,2650,random_seed_20260220
random_03499,random,,-2004,-2600,random_seed_20260220
random_03500,random,,3839,-8647,random_seed_20260220
random_03501,random,,3348,89,random_seed_20260220
random_03502,random,,-7590,7932,random_seed_20260220
random_03503,random,,6440,2321,random_seed_20260220
random_03504,random,,2030,-1208,random_seed_20260220
random_03505,random,,3945,-5343,random_seed_20260220
random_03506,random,,1303,6729,random_seed_20260220
random_03507,random,,9766,2335,random_seed_20260220
random_03508,random,,-9691,1695,random_seed_20260220
random_03509,random,,2361,8339,random_seed_20260220
random_03510,random,,4590,943,random_seed_20260220
random_03511,random,,-6586,-6572,random_seed_20260220
random_03512,random,,-7416,-5725,random_seed_20260220
random_03513,random,,-3618,6535,random_seed_20260220
random_03514,random,,-4350,-6952,random_seed_20260220
random_03515,random,,-5899,2193,random_seed_20260220
random_03516,random,,6865,-6371,random_seed_20260220
random_03517,random,,8827,-8296,random_seed_20260220
random_03518,random,,-9118,4298,random_seed_20260220
random_03519,random,,9740,3162,random_seed_20260220
random_03520,random,,-294,2424,random_seed_20260220
random_03521,random,,1620,-4524,random_seed_20260220
random_03522,random,,-5964,5608,random_seed_20260220
random_03523,random,,-3584,2007,random_seed_20260220
random_03524,random,,5671,7329,random_seed_20260220
random_03525,random,,2938,9470,random_seed_20260220
random_03526,random,,1305,3274,random_seed_20260220
random_03527,random,,590,2573,random_seed_20260220
random_03528,random,,9803,-2309,random_seed_20260220
random_03529,random,,1710,-3979,random_seed_20260220
random_03530,random,,2458,3910,random_seed_20260220
random_03531,random,,-7177,-7942,random_seed_20260220
random_03532,random,,-4209,71,random_seed_20260220
random_03533,random,,-385,3738,random_seed_20260220
random_03534,random,,2348,2658,random_seed_20260220
random_03535,random,,711,9232,random_seed_20260220
random_03536,random,,408,7209,random_seed_20260220
random_03537,random,,7106,3294,random_seed_20260220
random_03538,random,,-1272,-2918,random_seed_20260220
random_03539,random,,7005,7109,random_seed_20260220
random_03540,random,,-6266,3489,random_seed_20260220
random_03541,random,,9513,7008,random_seed_20260220
random_03542,random,,-6842,-2244,random_seed_20260220
random_03543,random,,7899,-4086,random_seed_20260220
random_03544,random,,-5552,-3453,random_seed_20260220
random_03545,random,,502,9923,random_seed_20260220
random_03546,random,,-8020,-9081,random_seed_20260220
random_03547,random,,4019,7234,random_seed_20260220
random_03548,random,,-8148,5406,random_seed_20260220
random_03549,random,,-7996,-7523,random_seed_20260220
random_03550,random,,4573,1316,random_seed_20260220
random_03551,random,,-2035,2046,random_seed_20260220
random_03552,random,,-4752,-7452,random_seed_20260220
random_03553,random,,-2100,-6436,random_seed_20260220
random_03554,random,,-8596,-7667,random_seed_20260220
random_03555,random,,633,-8348,random_seed_20260220
random_03556,random,,-1811,5744,random_seed_20260220
random_03557,random,,2070,-1885,random_seed_20260220
random_03558,random,,-8906,2733,random_seed_20260220
random_03559,random,,-4473,-701,random_seed_20260220
random_03560,random,,-6752,354,random_seed_20260220
random_03561,random,,8260,7578,random_seed_20260220
random_03562,random,,-4873,2648,random_seed_20260220
random_03563,random,,-4161,-467,random_seed_20260220
random_03564,random,,9386,4825,random_seed_20260220
random_03565,random,,4922,-4145,random_seed_20260220
random_03566,random,,-4702,6864,random_seed_20260220
random_03567,random,,7154,7074,random_seed_20260220
random_03568,random,,-70,6671,random_seed_20260220
random_03569,random,,-2582,726,random_seed_20260220
random_03570,random,,-5932,-5277,random_seed_20260220
random_03571,random,,-8851,3835,random_seed_20260220
random_03572,random,,-7682,-862,random_seed_20260220
random_03573,random,,-3684,4361,random_seed_20260220
random_03574,random,,3651,-3257,random_seed_20260220
random_03575,random,,7514,-3451,random_seed_20260220
random_03576,random,,3245,6660,random_seed_20260220
random_03577,random,,-1945,-4242,random_seed_20260220
random_03578,random,,8927,-7992,random_seed_20260220
random_03579,random,,-1334,-6442,random_seed_20260220
random_03580,random,,5822,-3651,random_seed_20260220
random_03581,random,,-1370,-9388,random_seed_20260220
random_03582,random,,2717,-8349,random_seed_20260220
random_03583,random,,6009,6002,random_seed_20260220
random_03584,random,,-7554,-8155,random_seed_20260220
random_03585,random,,-89,-882,random_seed_20260220
random_03586,random,,-6710,9809,random_seed_20260220
random_03587,random,,-2326,-275,random_seed_20260220
random_03588,random,,-1361,8667,random_seed_20260220
random_03589,random,,-3742,-7678,random_seed_20260220
random_03590,random,,4684,7895,random_seed_20260220
random_03591,random,,-8201,8991,random_seed_20260220
random_03592,random,,-6281,7908,random_seed_20260220
random_03593,random,,-3225,8923,random_seed_20260220
random_03594,random,,-67,-4640,random_seed_20260220
random_03595,random,,8977,-9878,random_seed_20260220
random_03596,random,,-4715,3103,random_seed_20260220
random_03597,random,,-2249,1458,random_seed_20260220
random_03598,random,,8216,-8356,random_seed_20260220
random_03599,random,,8754,9002,random_seed_20260220
random_03600,random,,-7350,7810,random_seed_20260220
random_03601,random,,-8750,6774,random_seed_20260220
random_03602,random,,-4369,-5576,random_seed_20260220
random_03603,random,,3040,-2244,random_seed_20260220
random_03604,random,,-5063,-2729,random_seed_20260220
random_03605,random,,-8737,4241,random_seed_20260220
random_03606,random,,5858,-1778,random_seed_20260220
random_03607,random,,6787,-4112,random_seed_20260220
random_03608,random,,-7391,-6437,random_seed_20260220
random_03609,random,,61,-8902,random_seed_20260220
random_03610,random,,3467,4961,random_seed_20260220
random_03611,random,,-3762,6567,random_seed_20260220
random_03612,random,,-7721,-8506,random_seed_20260220
random_03613,random,,-6899,-5106,random_seed_20260220
random_03614,random,,-9593,5275,random_seed_20260220
random_03615,random,,-5669,-3513,random_seed_20260220
random_03616,random,,-8511,-1320,random_seed_20260220
random_03617,random,,-4153,-8396,random_seed_20260220
random_03618,random,,-8552,-6323,random_seed_20260220
random_03619,random,,4912,-4785,random_seed_20260220
random_03620,random,,-7909,5432,random_seed_20260220
random_03621,random,,-2618,-1494,random_seed_20260220
random_03622,random,,3002,424,random_seed_20260220
random_03623,random,,3433,7150,random_seed_20260220
random_03624,random,,-967,7737,random_seed_20260220
random_03625,random,,3819,8410,random_seed_20260220
random_03626,random,,8452,-6232,random_seed_20260220
random_03627,random,,-8927,-2390,random_seed_20260220
random_03628,random,,-9179,2060,random_seed_20260220
random_03629,random,,6237,-6814,random_seed_20260220
random_03630,random,,2964,5864,random_seed_20260220
random_03631,random,,-5020,1678,random_seed_20260220
random_03632,random,,-5998,8389,random_seed_20260220
random_03633,random,,6005,-2157,random_seed_20260220
random_03634,random,,-5517,-7829,random_seed_20260220
random_03635,random,,-1880,3315,random_seed_20260220
random_03636,random,,-6765,-457,random_seed_20260220
random_03637,random,,-8981,566,random_seed_20260220
random_03638,random,,-8636,98,random_seed_20260220
random_03639,random,,7080,3945,random_seed_20260220
random_03640,random,,1194,9790,random_seed_20260220
random_03641,random,,-8209,-5720,random_seed_20260220
random_03642,random,,9233,656,random_seed_20260220
random_03643,random,,8558,-2216,random_seed_20260220
random_03644,random,,-982,-1315,random_seed_20260220
random_03645,random,,-1643,-9160,random_seed_20260220
random_03646,random,,9867,994,random_seed_20260220
random_03647,random,,5155,-6161,random_seed_20260220
random_03648,random,,1748,3096,random_seed_20260220
random_03649,random,,-5099,1235,random_seed_20260220
random_03650,random,,-9166,-381,random_seed_20260220
random_03651,random,,2667,-1244,random_seed_20260220
random_03652,random,,-5846,9670,random_seed_20260220
random_03653,random,,6087,-1074,random_seed_20260220
random_03654,random,,-5902,-9898,random_seed_20260220
random_03655,random,,-156,2898,random_seed_20260220
random_03656,random,,-654,4476,random_seed_20260220
random_03657,random,,8213,9761,random_seed_20260220
random_03658,random,,4832,1449,random_seed_20260220
random_03659,random,,-276,4173,random_seed_20260220
random_03660,random,,-1356,-3724,random_seed_20260220
random_03661,random,,5384,-9301,random_seed_20260220
random_03662,random,,-3552,3643,random_seed_20260220
random_03663,random,,-6401,2887,random_seed_20260220
random_03664,random,,-2718,6962,random_seed_20260220
random_03665,random,,-1567,2886,random_seed_20260220
random_03666,random,,7362,9870,random_seed_20260220
random_03667,random,,6835,-2791,random_seed_20260220
random_03668,random,,-7216,-9398,random_seed_20260220
random_03669,random,,-5114,3493,random_seed_20260220
random_03670,random,,6877,-5987,random_seed_20260220
random_03671,random,,-9489,-4247,random_seed_20260220
random_03672,random,,3008,-5895,random_seed_20260220
random_03673,random,,5284,9820,random_seed_20260220
random_03674,random,,-4439,-126,random_seed_20260220
random_03675,random,,-210,-5285,random_seed_20260220
random_03676,random,,8949,-7452,random_seed_20260220
random_03677,random,,-5185,-9025,random_seed_20260220
random_03678,random,,-4962,9637,random_seed_20260220
random_03679,random,,-6090,-1589,random_seed_20260220
random_03680,random,,4528,-7649,random_seed_20260220
random_03681,random,,-501,-703,random_seed_20260220
random_03682,random,,3254,9634,random_seed_20260220
random_03683,random,,-2284,150,random_seed_20260220
random_03684,random,,-1824,-8685,random_seed_20260220
random_03685,random,,-8240,-3043,random_seed_20260220
random_03686,random,,-6997,2313,random_seed_20260220
random_03687,random,,1931,-9060,random_seed_20260220
random_03688,random,,7777,-7862,random_seed_20260220
random_03689,random,,-5859,9547,random_seed_20260220
random_03690,random,,4557,7352,random_seed_20260220
random_03691,random,,301,3552,random_seed_20260220
random_03692,random,,-6561,-4179,random_seed_20260220
random_03693,random,,-2544,6938,random_seed_20260220
random_03694,random,,-8002,-1659,random_seed_20260220
random_03695,random,,-2803,-4493,random_seed_20260220
random_03696,random,,-602,1857,random_seed_20260220
random_03697,random,,5045,-6738,random_seed_20260220
random_03698,random,,5728,-7779,random_seed_20260220
random_03699,random,,9725,-5963,random_seed_20260220
random_03700,random,,-2717,472,random_seed_20260220
random_03701,random,,-9488,717,random_seed_20260220
random_03702,random,,3193,4329,random_seed_20260220
random_03703,random,,263,3505,random_seed_20260220
random_03704,random,,5330,7445,random_seed_20260220
random_03705,random,,2318,-5300,random_seed_20260220
random_03706,random,,5172,-5831,random_seed_20260220
random_03707,random,,-2209,8738,random_seed_20260220
random_03708,random,,7584,-9868,random_seed_20260220
random_03709,random,,7118,6514,random_seed_20260220
random_03710,random,,116,-6880,random_seed_20260220
random_03711,random,,-7395,537,random_seed_20260220
random_03712,random,,3899,-4725,random_seed_20260220
random_03713,random,,498,4195,random_seed_20260220
random_03714,random,,4426,-3227,random_seed_20260220
random_03715,random,,-6841,7957,random_seed_20260220
random_03716,random,,2108,5,random_seed_20260220
random_03717,random,,-7628,-3872,random_seed_20260220
random_03718,random,,-9597,3231,random_seed_20260220
random_03719,random,,2695,-5093,random_seed_20260220
random_03720,random,,7362,-6941,random_seed_20260220
random_03721,random,,753,-9896,random_seed_20260220
random_03722,random,,3252,-3780,random_seed_20260220
random_03723,random,,-9011,7897,random_seed_20260220
random_03724,random,,-1459,-8604,random_seed_20260220
random_03725,random,,-4922,1207,random_seed_20260220
random_03726,random,,-2008,-330,random_seed_20260220
random_03727,random,,-7390,2765,random_seed_20260220
random_03728,random,,-8080,3504,random_seed_20260220
random_03729,random,,-937,-9296,random_seed_20260220
random_03730,random,,-2642,9723,random_seed_20260220
random_03731,random,,2607,-9463,random_seed_20260220
random_03732,random,,7350,5165,random_seed_20260220
random_03733,random,,5522,6296,random_seed_20260220
random_03734,random,,4097,-4767,random_seed_20260220
random_03735,random,,-6774,-1142,random_seed_20260220
random_03736,random,,-5851,-7288,random_seed_20260220
random_03737,random,,2094,4409,random_seed_20260220
random_03738,random,,-1865,7627,random_seed_20260220
random_03739,random,,3819,-2433,random_seed_20260220
random_03740,random,,-4834,-1308,random_seed_20260220
random_03741,random,,9142,7934,random_seed_20260220
random_03742,random,,-7462,1346,random_seed_20260220
random_03743,random,,6542,-6892,random_seed_20260220
random_03744,random,,282,-5202,random_seed_20260220
random_03745,random,,390,-6667,random_seed_20260220
random_03746,random,,2587,-950,random_seed_20260220
random_03747,random,,-114,-2445,random_seed_20260220
random_03748,random,,-7539,6017,random_seed_20260220
random_03749,random,,-2334,-6681,random_seed_20260220
random_03750,random,,2789,-2439,random_seed_20260220
random_03751,random,,3994,-9609,random_seed_20260220
random_03752,random,,2262,8271,random_seed_20260220
random_03753,random,,540,-6874,random_seed_20260220
random_03754,random,,-7819,-9990,random_seed_20260220
random_03755,random,,6359,-1284,random_seed_20260220
random_03756,random,,-7945,8395,random_seed_20260220
random_03757,random,,5833,-4724,random_seed_20260220
random_03758,random,,-1430,-3015,random_seed_20260220
random_03759,random,,2507,-2013,random_seed_20260220
random_03760,random,,3363,1094,random_seed_20260220
random_03761,random,,-2493,2014,random_seed_20260220
random_03762,random,,3477,3027,random_seed_20260220
random_03763,random,,7630,-9456,random_seed_20260220
random_03764,random,,4404,3986,random_seed_20260220
random_03765,random,,-7393,-3285,random_seed_20260220
random_03766,random,,652,1336,random_seed_20260220
random_03767,random,,-7152,4238,random_seed_20260220
random_03768,random,,677,-5754,random_seed_20260220
random_03769,random,,7374,8410,random_seed_20260220
random_03770,random,,4715,9778,random_seed_20260220
random_03771,random,,8905,7160,random_seed_20260220
random_03772,random,,4949,182,random_seed_20260220
random_03773,random,,3535,9530,random_seed_20260220
random_03774,random,,-5890,691,random_seed_20260220
random_03775,random,,7192,-451,random_seed_20260220
random_03776,random,,7121,-1375,random_seed_20260220
random_03777,random,,-4509,5458,random_seed_20260220
random_03778,random,,-2555,500,random_seed_20260220
random_03779,random,,-7026,-5086,random_seed_20260220
random_03780,random,,-827,563,random_seed_20260220
random_03781,random,,4682,-7482,random_seed_20260220
random_03782,random,,-398,6798,random_seed_20260220
random_03783,random,,519,-8800,random_seed_20260220
random_03784,random,,4189,971,random_seed_20260220
random_03785,random,,8187,-380,random_seed_20260220
random_03786,random,,-1811,-2957,random_seed_20260220
random_03787,random,,-9831,-7683,random_seed_20260220
random_03788,random,,3210,-9988,random_seed_20260220
random_03789,random,,-4222,3840,random_seed_20260220
random_03790,random,,7495,-6553,random_seed_20260220
random_03791,random,,-6784,-1196,random_seed_20260220
random_03792,random,,-3749,-5001,random_seed_20260220
random_03793,random,,6723,-2960,random_seed_20260220
random_03794,random,,-3742,-4058,random_seed_20260220
random_03795,random,,1841,-4235,random_seed_20260220
random_03796,random,,-4557,-7865,random_seed_20260220
random_03797,random,,8833,6822,random_seed_20260220
random_03798,random,,-3657,9305,random_seed_20260220
random_03799,random,,970,285,random_seed_20260220
random_03800,random,,-6613,2822,random_seed_20260220
random_03801,random,,5045,-2640,random_seed_20260220
random_03802,random,,5830,-704,random_seed_20260220
random_03803,random,,5866,-2371,random_seed_20260220
random_03804,random,,6722,2567,random_seed_20260220
random_03805,random,,-8212,-3595,random_seed_20260220
random_03806,random,,-7583,-6061,random_seed_20260220
random_03807,random,,-646,-2894,random_seed_20260220
random_03808,random,,-2244,-2584,random_seed_20260220
random_03809,random,,418,7979,random_seed_20260220
random_03810,random,,-9781,-1279,random_seed_20260220
random_03811,random,,-4301,-8930,random_seed_20260220
random_03812,random,,-2116,-9770,random_seed_20260220
random_03813,random,,-358,-8562,random_seed_20260220
random_03814,random,,7954,4606,random_seed_20260220
random_03815,random,,-3700,290,random_seed_20260220
random_03816,random,,4679,-8010,random_seed_20260220
random_03817,random,,9741,-4796,random_seed_20260220
random_03818,random,,5736,-8515,random_seed_20260220
random_03819,random,,3148,-4097,random_seed_20260220
random_03820,random,,8769,5212,random_seed_20260220
random_03821,random,,4306,8170,random_seed_20260220
random_03822,random,,-3362,-9564,random_seed_20260220
random_03823,random,,4789,-5790,random_seed_20260220
random_03824,random,,9175,-3965,random_seed_20260220
random_03825,random,,4818,6540,random_seed_20260220
random_03826,random,,-7882,-2766,random_seed_20260220
random_03827,random,,9554,-5496,random_seed_20260220
random_03828,random,,1169,9588,random_seed_20260220
random_03829,random,,5901,4193,random_seed_20260220
random_03830,random,,8140,-4745,random_seed_20260220
random_03831,random,,2056,6947,random_seed_20260220
random_03832,random,,-2789,-3682,random_seed_20260220
random_03833,random,,-7097,-3099,random_seed_20260220
random_03834,random,,-3121,-1285,random_seed_20260220
random_03835,random,,-7995,-9584,random_seed_20260220
random_03836,random,,1411,5277,random_seed_20260220
random_03837,random,,8428,-2863,random_seed_20260220
random_03838,random,,6603,3420,random_seed_20260220
random_03839,random,,-2256,-8639,random_seed_20260220
random_03840,random,,-3035,-8132,random_seed_20260220
random_03841,random,,-8336,1622,random_seed_20260220
random_03842,random,,-6823,-5470,random_seed_20260220
random_03843,random,,-959,6016,random_seed_20260220
random_03844,random,,-5579,-8240,random_seed_20260220
random_03845,random,,2758,1979,random_seed_20260220
random_03846,random,,8366,-5602,random_seed_20260220
random_03847,random,,-4415,-6508,random_seed_20260220
random_03848,random,,-1584,5372,random_seed_20260220
random_03849,random,,-9198,8907,random_seed_20260220
random_03850,random,,360,-1307,random_seed_20260220
random_03851,random,,1996,9536,random_seed_20260220
random_03852,random,,-7371,3472,random_seed_20260220
random_03853,random,,-7888,-3733,random_seed_20260220
random_03854,random,,454,1093,random_seed_20260220
random_03855,random,,3419,3270,random_seed_20260220
random_03856,random,,-6045,7794,random_seed_20260220
random_03857,random,,2604,5566,random_seed_20260220
random_03858,random,,5095,-8240,random_seed_20260220
random_03859,random,,-9323,-2159,random_seed_20260220
random_03860,random,,5883,-5613,random_seed_20260220
random_03861,random,,5227,235,random_seed_20260220
random_03862,random,,6980,-9472,random_seed_20260220
random_03863,random,,1659,9070,random_seed_20260220
random_03864,random,,-9002,397,random_seed_20260220
random_03865,random,,5390,-1494,random_seed_20260220
random_03866,random,,3609,-6062,random_seed_20260220
random_03867,random,,-470,-8274,random_seed_20260220
random_03868,random,,3751,1275,random_seed_20260220
random_03869,random,,-9020,9149,random_seed_20260220
random_03870,random,,2569,-100,random_seed_20260220
random_03871,random,,-6414,1376,random_seed_20260220
random_03872,random,,7592,6782,random_seed_20260220
random_03873,random,,6360,1363,random_seed_20260220
random_03874,random,,798,-3146,random_seed_20260220
random_03875,random,,5069,4914,random_seed_20260220
random_03876,random,,-6409,214,random_seed_20260220
random_03877,random,,5670,2538,random_seed_20260220
random_03878,random,,2230,9091,random_seed_20260220
random_03879,random,,9389,-92,random_seed_20260220
random_03880,random,,-247,-8825,random_seed_20260220
random_03881,random,,6799,763,random_seed_20260220
random_03882,random,,-9760,-6939,random_seed_20260220
random_03883,random,,2653,6000,random_seed_20260220
random_03884,random,,-3186,607,random_seed_20260220
random_03885,random,,4508,3519,random_seed_20260220
random_03886,random,,-5195,3814,random_seed_20260220
random_03887,random,,-7018,9827,random_seed_20260220
random_03888,random,,1653,-6228,random_seed_20260220
random_03889,random,,-8618,-6565,random_seed_20260220
random_03890,random,,-7649,-5983,random_seed_20260220
random_03891,random,,4456,5523,random_seed_20260220
random_03892,random,,6109,-9467,random_seed_20260220
random_03893,random,,-3366,-792,random_seed_20260220
random_03894,random,,4070,-303,random_seed_20260220
random_03895,random,,8775,-223,random_seed_20260220
random_03896,random,,-4713,-1015,random_seed_20260220
random_03897,random,,8214,-7358,random_seed_20260220
random_03898,random,,-2906,-5896,random_seed_20260220
random_03899,random,,-7077,4415,random_seed_20260220
random_03900,random,,1675,-1357,random_seed_20260220
random_03901,random,,7126,-2370,random_seed_20260220
random_03902,random,,8789,-2215,random_seed_20260220
random_03903,random,,185,7934,random_seed_20260220
random_03904,random,,-1322,-9278,random_seed_20260220
random_03905,random,,-7757,-3452,random_seed_20260220
random_03906,random,,-7131,-1970,random_seed_20260220
random_03907,random,,-832,578,random_seed_20260220
random_03908,random,,-2596,4000,random_seed_20260220
random_03909,random,,-4399,-4883,random_seed_20260220
random_03910,random,,-2379,9097,random_seed_20260220
random_03911,random,,1486,-3567,random_seed_20260220
random_03912,random,,5263,1660,random_seed_20260220
random_03913,random,,-8156,-8145,random_seed_20260220
random_03914,random,,1208,-319,random_seed_20260220
random_03915,random,,5553,-3906,random_seed_20260220
random_03916,random,,1107,-8708,random_seed_20260220
random_03917,random,,5087,-1652,random_seed_20260220
random_03918,random,,8450,1899,random_seed_20260220
random_03919,random,,8781,-3573,random_seed_20260220
random_03920,random,,-9295,9484,random_seed_20260220
random_03921,random,,-3331,1549,random_seed_20260220
random_03922,random,,7169,-4172,random_seed_20260220
random_03923,random,,-7470,-5816,random_seed_20260220
random_03924,random,,5825,-1880,random_seed_20260220
random_03925,random,,5043,1079,random_seed_20260220
random_03926,random,,-4885,-6219,random_seed_20260220
random_03927,random,,7196,-316,random_seed_20260220
random_03928,random,,2161,-2924,random_seed_20260220
random_03929,random,,-548,-2057,random_seed_20260220
random_03930,random,,7611,9423,random_seed_20260220
random_03931,random,,-5757,7317,random_seed_20260220
random_03932,random,,-7683,-6837,random_seed_20260220
random_03933,random,,-371,-2663,random_seed_20260220
random_03934,random,,-2097,-873,random_seed_20260220
random_03935,random,,184,8204,random_seed_20260220
random_03936,random,,-6204,-3030,random_seed_20260220
random_03937,random,,-3820,877,random_seed_20260220
random_03938,random,,4490,1927,random_seed_20260220
random_03939,random,,4441,8083,random_seed_20260220
random_03940,random,,-4194,-498,random_seed_20260220
random_03941,random,,3936,-3103,random_seed_20260220
random_03942,random,,-2356,7287,random_seed_20260220
random_03943,random,,-5922,-2692,random_seed_20260220
random_03944,random,,1680,-7256,random_seed_20260220
random_03945,random,,-1015,1879,random_seed_20260220
random_03946,random,,-3678,4207,random_seed_20260220
random_03947,random,,-3575,5398,random_seed_20260220
random_03948,random,,-3549,-9481,random_seed_20260220
random_03949,random,,2534,-5976,random_seed_20260220
random_03950,random,,-6446,2485,random_seed_20260220
random_03951,random,,-4716,3382,random_seed_20260220
random_03952,random,,-1926,-9057,random_seed_20260220
random_03953,random,,-8425,-6464,random_seed_20260220
random_03954,random,,2239,-6134,random_seed_20260220
random_03955,random,,4381,9663,random_seed_20260220
random_03956,random,,-1856,-4994,random_seed_20260220
random_03957,random,,-7894,9171,random_seed_20260220
random_03958,random,,-4209,1687,random_seed_20260220
random_03959,random,,-8623,-8210,random_seed_20260220
random_03960,random,,5084,6392,random_seed_20260220
random_03961,random,,-5694,-9282,random_seed_20260220
random_03962,random,,1402,7968,random_seed_20260220
random_03963,random,,4427,-3607,random_seed_20260220
random_03964,random,,-3340,-927,random_seed_20260220
random_03965,random,,-4930,8740,random_seed_20260220
random_03966,random,,12,5441,random_seed_20260220
random_03967,random,,4838,1473,random_seed_20260220
random_03968,random,,9505,-8213,random_seed_20260220
random_03969,random,,1092,-4257,random_seed_20260220
random_03970,random,,-7835,9472,random_seed_20260220
random_03971,random,,-7494,-6111,random_seed_20260220
random_03972,random,,-5032,5315,random_seed_20260220
random_03973,random,,2311,477,random_seed_20260220
random_03974,random,,-4758,-8801,random_seed_20260220
random_03975,random,,-8231,3892,random_seed_20260220
random_03976,random,,-920,-4364,random_seed_20260220
random_03977,random,,-357,2459,random_seed_20260220
random_03978,random,,-4717,207,random_seed_20260220
random_03979,random,,9213,6917,random_seed_20260220
random_03980,random,,-1784,-1315,random_seed_20260220
random_03981,random,,-6541,-8693,random_seed_20260220
random_03982,random,,-2358,-8271,random_seed_20260220
random_03983,random,,9698,1067,random_seed_20260220
random_03984,random,,3363,8770,random_seed_20260220
random_03985,random,,2500,4375,random_seed_20260220
random_03986,random,,5289,-7690,random_seed_20260220
random_03987,random,,-1171,-5498,random_seed_20260220
random_03988,random,,-4834,7525,random_seed_20260220
random_03989,random,,7516,980,random_seed_20260220
random_03990,random,,-9839,1237,random_seed_20260220
random_03991,random,,-107,-9480,random_seed_20260220
random_03992,random,,6665,215,random_seed_20260220
random_03993,random,,8810,6029,random_seed_20260220
random_03994,random,,4471,7756,random_seed_20260220
random_03995,random,,-619,-3268,random_seed_20260220
random_03996,random,,2450,3686,random_seed_20260220
random_03997,random,,9838,-5937,random_seed_20260220
random_03998,random,,4501,-4737,random_seed_20260220
random_03999,random,,172,-1522,random_seed_20260220
random_04000,random,,1630,9784,random_seed_20260220
random_04001,random,,-5646,6334,random_seed_20260220
random_04002,random,,650,5986,random_seed_20260220
random_04003,random,,-8517,4925,random_seed_20260220
random_04004,random,,7852,-1056,random_seed_20260220
random_04005,random,,-6915,-2025,random_seed_20260220
random_04006,random,,-90,-2829,random_seed_20260220
random_04007,random,,-1608,9850,random_seed_20260220
random_04008,random,,-729,9877,random_seed_20260220
random_04009,random,,4421,1042,random_seed_20260220
random_04010,random,,3598,7043,random_seed_20260220
random_04011,random,,-5723,-5002,random_seed_20260220
random_04012,random,,9180,-2917,random_seed_20260220
random_04013,random,,3794,7781,random_seed_20260220
random_04014,random,,2571,9524,random_seed_20260220
random_04015,random,,-8747,-2982,random_seed_20260220
random_04016,random,,-6896,-6035,random_seed_20260220
random_04017,random,,4971,-4121,random_seed_20260220
random_04018,random,,-8597,183,random_seed_20260220
random_04019,random,,-3232,6734,random_seed_20260220
random_04020,random,,4676,-8897,random_seed_20260220
random_04021,random,,8918,3530,random_seed_20260220
random_04022,random,,6323,2189,random_seed_20260220
random_04023,random,,-5635,-3910,random_seed_20260220
random_04024,random,,6885,-7451,random_seed_20260220
random_04025,random,,5457,5462,random_seed_20260220
random_04026,random,,-8002,4532,random_seed_20260220
random_04027,random,,377,-2087,random_seed_20260220
random_04028,random,,-1051,-9572,random_seed_20260220
random_04029,random,,-6082,-7096,random_seed_20260220
random_04030,random,,5299,5670,random_seed_20260220
random_04031,random,,-6052,-1460,random_seed_20260220
random_04032,random,,-1380,3084,random_seed_20260220
random_04033,random,,421,-1548,random_seed_20260220
random_04034,random,,-6566,2658,random_seed_20260220
random_04035,random,,1687,-8485,random_seed_20260220
random_04036,random,,577,9307,random_seed_20260220
random_04037,random,,9064,5795,random_seed_20260220
random_04038,random,,9145,-6669,random_seed_20260220
random_04039,random,,4628,-6421,random_seed_20260220
random_04040,random,,-3986,-8292,random_seed_20260220
random_04041,random,,-5021,984,random_seed_20260220
random_04042,random,,-4109,-879,random_seed_20260220
random_04043,random,,-9615,-4051,random_seed_20260220
random_04044,random,,4810,5642,random_seed_20260220
random_04045,random,,6660,-1521,random_seed_20260220
random_04046,random,,9698,-8989,random_seed_20260220
random_04047,random,,-851,9764,random_seed_20260220
random_04048,random,,3808,2043,random_seed_20260220
random_04049,random,,11,5321,random_seed_20260220
random_04050,random,,-4240,-5253,random_seed_20260220
random_04051,random,,9610,1294,random_seed_20260220
random_04052,random,,-1518,7338,random_seed_20260220
random_04053,random,,-5224,392,random_seed_20260220
random_04054,random,,1616,-5690,random_seed_20260220
random_04055,random,,-9624,1838,random_seed_20260220
random_04056,random,,3278,-4682,random_seed_20260220
random_04057,random,,-1288,3877,random_seed_20260220
random_04058,random,,3478,-2422,random_seed_20260220
random_04059,random,,-2349,1656,random_seed_20260220
random_04060,random,,-3565,-6932,random_seed_20260220
random_04061,random,,5959,5589,random_seed_20260220
random_04062,random,,3776,-784,random_seed_20260220
random_04063,random,,-6563,1251,random_seed_20260220
random_04064,random,,5133,-5514,random_seed_20260220
random_04065,random,,-9023,-6409,random_seed_20260220
random_04066,random,,-8352,4670,random_seed_20260220
random_04067,random,,6781,7137,random_seed_20260220
random_04068,random,,-1550,-4220,random_seed_20260220
random_04069,random,,-9501,2106,random_seed_20260220
random_04070,random,,953,-4604,random_seed_20260220
random_04071,random,,3206,-405,random_seed_20260220
random_04072,random,,-2780,8358,random_seed_20260220
random_04073,random,,7025,3985,random_seed_20260220
random_04074,random,,-2159,-5900,random_seed_20260220
random_04075,random,,-6361,-7,random_seed_20260220
random_04076,random,,9714,3629,random_seed_20260220
random_04077,random,,4908,2215,random_seed_20260220
random_04078,random,,-3680,7307,random_seed_20260220
random_04079,random,,-3919,-3153,random_seed_20260220
random_04080,random,,-6107,-2703,random_seed_20260220
random_04081,random,,-8019,-1186,random_seed_20260220
random_04082,random,,-8847,-9125,random_seed_20260220
random_04083,random,,-5944,-7255,random_seed_20260220
random_04084,random,,3757,-9823,random_seed_20260220
random_04085,random,,8132,-2339,random_seed_20260220
random_04086,random,,4943,-2302,random_seed_20260220
random_04087,random,,8280,9603,random_seed_20260220
random_04088,random,,-7641,9736,random_seed_20260220
random_04089,random,,8359,-2357,random_seed_20260220
random_04090,random,,2038,2295,random_seed_20260220
random_04091,random,,5003,3488,random_seed_20260220
random_04092,random,,-7336,-7648,random_seed_20260220
random_04093,random,,-318,-5980,random_seed_20260220
random_04094,random,,-3865,338,random_seed_20260220
random_04095,random,,8318,8643,random_seed_20260220
random_04096,random,,9065,8360,random_seed_20260220
random_04097,random,,3214,-574,random_seed_20260220
random_04098,random,,8361,9836,random_seed_20260220
random_04099,random,,-2665,8800,random_seed_20260220
random_04100,random,,5450,-1244,random_seed_20260220
random_04101,random,,7813,5567,random_seed_20260220
random_04102,random,,4053,4850,random_seed_20260220
random_04103,random,,-2371,-7331,random_seed_20260220
random_04104,random,,7204,-6854,random_seed_20260220
random_04105,random,,8487,-861,random_seed_20260220
random_04106,random,,5074,-7067,random_seed_20260220
random_04107,random,,9143,-3873,random_seed_20260220
random_04108,random,,-1971,-5649,random_seed_20260220
random_04109,random,,7322,-534,random_seed_20260220
random_04110,random,,5948,-8620,random_seed_20260220
random_04111,random,,-8406,-3120,random_seed_20260220
random_04112,random,,-6521,7634,random_seed_20260220
random_04113,random,,-3386,-7991,random_seed_20260220
random_04114,random,,-1698,7436,random_seed_20260220
random_04115,random,,1293,-7595,random_seed_20260220
random_04116,random,,-1589,-4105,random_seed_20260220
random_04117,random,,-5478,-7778,random_seed_20260220
random_04118,random,,-6131,-2539,random_seed_20260220
random_04119,random,,-7272,-9103,random_seed_20260220
random_04120,random,,5865,-1665,random_seed_20260220
random_04121,random,,-5644,-4973,random_seed_20260220
random_04122,random,,-2320,-9580,random_seed_20260220
random_04123,random,,-1231,-2851,random_seed_20260220
random_04124,random,,-3709,-570,random_seed_20260220
random_04125,random,,-5475,-1296,random_seed_20260220
random_04126,random,,-7523,2916,random_seed_20260220
random_04127,random,,-6748,-6891,random_seed_20260220
random_04128,random,,5094,-2301,random_seed_20260220
random_04129,random,,3694,-8648,random_seed_20260220
random_04130,random,,-7249,8249,random_seed_20260220
random_04131,random,,-3179,-1187,random_seed_20260220
random_04132,random,,-9392,7366,random_seed_20260220
random_04133,random,,-753,4727,random_seed_20260220
random_04134,random,,3105,-1486,random_seed_20260220
random_04135,random,,7279,1232,random_seed_20260220
random_04136,random,,234,-9260,random_seed_20260220
random_04137,random,,-5687,-6275,random_seed_20260220
random_04138,random,,-5078,-5254,random_seed_20260220
random_04139,random,,-6685,1895,random_seed_20260220
random_04140,random,,8374,-8494,random_seed_20260220
random_04141,random,,-4314,-6339,random_seed_20260220
random_04142,random,,-9747,6422,random_seed_20260220
random_04143,random,,-8545,8414,random_seed_20260220
random_04144,random,,205,4801,random_seed_20260220
random_04145,random,,-9872,9783,random_seed_20260220
random_04146,random,,-5051,5516,random_seed_20260220
random_04147,random,,-2202,9499,random_seed_20260220
random_04148,random,,459,-3265,random_seed_20260220
random_04149,random,,-8327,6049,random_seed_20260220
random_04150,random,,8347,6486,random_seed_20260220
random_04151,random,,3625,-8988,random_seed_20260220
random_04152,random,,-4066,9316,random_seed_20260220
random_04153,random,,372,342,random_seed_20260220
random_04154,random,,-1594,-305,random_seed_20260220
random_04155,random,,9203,4261,random_seed_20260220
random_04156,random,,-4466,3611,random_seed_20260220
random_04157,random,,-6549,-5110,random_seed_20260220
random_04158,random,,9023,7064,random_seed_20260220
random_04159,random,,1548,6323,random_seed_20260220
random_04160,random,,-7765,5099,random_seed_20260220
random_04161,random,,-4723,7257,random_seed_20260220
random_04162,random,,6344,8034,random_seed_20260220
random_04163,random,,-4565,-2792,random_seed_20260220
random_04164,random,,-6073,-1830,random_seed_20260220
random_04165,random,,2869,-2521,random_seed_20260220
random_04166,random,,5348,-6144,random_seed_20260220
random_04167,random,,6181,4109,random_seed_20260220
random_04168,random,,-2051,-208,random_seed_20260220
random_04169,random,,-4242,7587,random_seed_20260220
random_04170,random,,-5133,-5668,random_seed_20260220
random_04171,random,,-1575,-4600,random_seed_20260220
random_04172,random,,6798,-483,random_seed_20260220
random_04173,random,,-7112,-5737,random_seed_20260220
random_04174,random,,-9073,-8869,random_seed_20260220
random_04175,random,,3944,4164,random_seed_20260220
random_04176,random,,-7850,9075,random_seed_20260220
random_04177,random,,-1999,2407,random_seed_20260220
random_04178,random,,-1550,9099,random_seed_20260220
random_04179,random,,-9763,-407,random_seed_20260220
random_04180,random,,2512,-3963,random_seed_20260220
random_04181,random,,4682,-1424,random_seed_20260220
random_04182,random,,8040,-8579,random_seed_20260220
random_04183,random,,7659,4155,random_seed_20260220
random_04184,random,,9524,-4264,random_seed_20260220
random_04185,random,,-4595,9216,random_seed_20260220
random_04186,random,,2983,8058,random_seed_20260220
random_04187,random,,-3798,-2844,random_seed_20260220
random_04188,random,,4858,3859,random_seed_20260220
random_04189,random,,4328,8555,random_seed_20260220
random_04190,random,,547,-6479,random_seed_20260220
random_04191,random,,1449,-9481,random_seed_20260220
random_04192,random,,9110,-7030,random_seed_20260220
random_04193,random,,-3731,2280,random_seed_20260220
random_04194,random,,-2828,6253,random_seed_20260220
random_04195,random,,-1312,2467,random_seed_20260220
random_04196,random,,-7427,-3658,random_seed_20260220
random_04197,random,,-2239,231,random_seed_20260220
random_04198,random,,-7393,7103,random_seed_20260220
random_04199,random,,-1527,8187,random_seed_20260220
random_04200,random,,-833,6307,random_seed_20260220
random_04201,random,,-3241,-9012,random_seed_20260220
random_04202,random,,-6231,4327,random_seed_20260220
random_04203,random,,4066,-1422,random_seed_20260220
random_04204,random,,366,257,random_seed_20260220
random_04205,random,,7902,7459,random_seed_20260220
random_04206,random,,-7126,-7747,random_seed_20260220
random_04207,random,,7828,8115,random_seed_20260220
random_04208,random,,-9533,-6989,random_seed_20260220
random_04209,random,,4362,2811,random_seed_20260220
random_04210,random,,-7997,4013,random_seed_20260220
random_04211,random,,8811,-9005,random_seed_20260220
random_04212,random,,-9538,8868,random_seed_20260220
random_04213,random,,-2676,-8427,random_seed_20260220
random_04214,random,,1723,4285,random_seed_20260220
random_04215,random,,6406,-3208,random_seed_20260220
random_04216,random,,-1832,2297,random_seed_20260220
random_04217,random,,7135,2023,random_seed_20260220
random_04218,random,,5830,-5354,random_seed_20260220
random_04219,random,,-884,4162,random_seed_20260220
random_04220,random,,4239,-3561,random_seed_20260220
random_04221,random,,8744,5707,random_seed_20260220
random_04222,random,,-8720,-6960,random_seed_20260220
random_04223,random,,-9396,-4760,random_seed_20260220
random_04224,random,,7831,-9483,random_seed_20260220
random_04225,random,,-5814,-917,random_seed_20260220
random_04226,random,,-2860,-9325,random_seed_20260220
random_04227,random,,8740,-4993,random_seed_20260220
random_04228,random,,8734,-5488,random_seed_20260220
random_04229,random,,-5607,7075,random_seed_20260220
random_04230,random,,-8033,-9836,random_seed_20260220
random_04231,random,,-5426,-3780,random_seed_20260220
random_04232,random,,4983,1760,random_seed_20260220
random_04233,random,,-5366,9283,random_seed_20260220
random_04234,random,,-1325,-4676,random_seed_20260220
random_04235,random,,4307,-2391,random_seed_20260220
random_04236,random,,-2264,-4651,random_seed_20260220
random_04237,random,,-9694,3672,random_seed_20260220
random_04238,random,,-8978,-3400,random_seed_20260220
random_04239,random,,-5576,2983,random_seed_20260220
random_04240,random,,-7438,2936,random_seed_20260220
random_04241,random,,-7435,8878,random_seed_20260220
random_04242,random,,-6436,1985,random_seed_20260220
random_04243,random,,-286,4986,random_seed_20260220
random_04244,random,,8088,5778,random_seed_20260220
random_04245,random,,6545,1808,random_seed_20260220
random_04246,random,,-8839,737,random_seed_20260220
random_04247,random,,5387,-7043,random_seed_20260220
random_04248,random,,-5416,3889,random_seed_20260220
random_04249,random,,-309,9471,random_seed_20260220
random_04250,random,,-7728,6838,random_seed_20260220
random_04251,random,,-4185,-3810,random_seed_20260220
random_04252,random,,2040,-9276,random_seed_20260220
random_04253,random,,5357,-7181,random_seed_20260220
random_04254,random,,-9838,8463,random_seed_20260220
random_04255,random,,403,-6172,random_seed_20260220
random_04256,random,,1277,126,random_seed_20260220
random_04257,random,,-6242,-9874,random_seed_20260220
random_04258,random,,2398,-9950,random_seed_20260220
random_04259,random,,-8817,3334,random_seed_20260220
random_04260,random,,6652,97,random_seed_20260220
random_04261,random,,-7760,-9236,random_seed_20260220
random_04262,random,,3020,-432,random_seed_20260220
random_04263,random,,-1948,3510,random_seed_20260220
random_04264,random,,-8138,-4450,random_seed_20260220
random_04265,random,,-1597,7798,random_seed_20260220
random_04266,random,,-7198,-2998,random_seed_20260220
random_04267,random,,9015,5927,random_seed_20260220
random_04268,random,,-5463,3569,random_seed_20260220
random_04269,random,,-2011,-3834,random_seed_20260220
random_04270,random,,-5808,7590,random_seed_20260220
random_04271,random,,4750,-4183,random_seed_20260220
random_04272,random,,-7232,3698,random_seed_20260220
random_04273,random,,-5670,3539,random_seed_20260220
random_04274,random,,1851,-3921,random_seed_20260220
random_04275,random,,-8336,-9939,random_seed_20260220
random_04276,random,,2951,-5239,random_seed_20260220
random_04277,random,,405,1434,random_seed_20260220
random_04278,random,,9553,-5822,random_seed_20260220
random_04279,random,,2280,1213,random_seed_20260220
random_04280,random,,-45,9905,random_seed_20260220
random_04281,random,,2102,1471,random_seed_20260220
random_04282,random,,6759,5073,random_seed_20260220
random_04283,random,,4491,5579,random_seed_20260220
random_04284,random,,-7665,-7613,random_seed_20260220
random_04285,random,,2094,6317,random_seed_20260220
random_04286,random,,6364,-7690,random_seed_20260220
random_04287,random,,217,-9855,random_seed_20260220
random_04288,random,,-9965,5334,random_seed_20260220
random_04289,random,,-5591,886,random_seed_20260220
random_04290,random,,1959,-5548,random_seed_20260220
random_04291,random,,-4245,-3468,random_seed_20260220
random_04292,random,,-4730,9934,random_seed_20260220
random_04293,random,,4302,9769,random_seed_20260220
random_04294,random,,-1298,8228,random_seed_20260220
random_04295,random,,4074,-55,random_seed_20260220
random_04296,random,,6088,1312,random_seed_20260220
random_04297,random,,68,3335,random_seed_20260220
random_04298,random,,965,-8345,random_seed_20260220
random_04299,random,,2596,-9666,random_seed_20260220
random_04300,random,,-8513,9142,random_seed_20260220
random_04301,random,,-9401,-2325,random_seed_20260220
random_04302,random,,-440,646,random_seed_20260220
random_04303,random,,-8467,-3520,random_seed_20260220
random_04304,random,,1091,-1811,random_seed_20260220
random_04305,random,,7408,-7586,random_seed_20260220
random_04306,random,,-2560,-1233,random_seed_20260220
random_04307,random,,-3921,-6491,random_seed_20260220
random_04308,random,,-5291,-4804,random_seed_20260220
random_04309,random,,-4427,-4142,random_seed_20260220
random_04310,random,,642,-6434,random_seed_20260220
random_04311,random,,-2837,873,random_seed_20260220
random_04312,random,,-785,56,random_seed_20260220
random_04313,random,,-6764,-8353,random_seed_20260220
random_04314,random,,-1350,-9123,random_seed_20260220
random_04315,random,,8920,7742,random_seed_20260220
random_04316,random,,8679,-2376,random_seed_20260220
random_04317,random,,-653,-527,random_seed_20260220
random_04318,random,,2643,-6354,random_seed_20260220
random_04319,random,,8190,-1006,random_seed_20260220
random_04320,random,,3335,-377,random_seed_20260220
random_04321,random,,-8617,-1973,random_seed_20260220
random_04322,random,,-6823,-8534,random_seed_20260220
random_04323,random,,5360,-3282,random_seed_20260220
random_04324,random,,-5170,3841,random_seed_20260220
random_04325,random,,-6504,-7985,random_seed_20260220
random_04326,random,,-5706,-8079,random_seed_20260220
random_04327,random,,-2146,3128,random_seed_20260220
random_04328,random,,-4637,901,random_seed_20260220
random_04329,random,,8005,3662,random_seed_20260220
random_04330,random,,-3603,2515,random_seed_20260220
random_04331,random,,3688,-6442,random_seed_20260220
random_04332,random,,7914,4141,random_seed_20260220
random_04333,random,,7229,-4225,random_seed_20260220
random_04334,random,,8788,-2086,random_seed_20260220
random_04335,random,,-7464,6112,random_seed_20260220
random_04336,random,,2392,9239,random_seed_20260220
random_04337,random,,-4634,-2345,random_seed_20260220
random_04338,random,,-5585,-7410,random_seed_20260220
random_04339,random,,-5504,-2606,random_seed_20260220
random_04340,random,,4067,-7759,random_seed_20260220
random_04341,random,,1470,5981,random_seed_20260220
random_04342,random,,344,9522,random_seed_20260220
random_04343,random,,-1382,-5342,random_seed_20260220
random_04344,random,,1588,6441,random_seed_20260220
random_04345,random,,-9555,-1272,random_seed_20260220
random_04346,random,,-3844,-6158,random_seed_20260220
random_04347,random,,2364,8618,random_seed_20260220
random_04348,random,,6155,787,random_seed_20260220
random_04349,random,,6330,4938,random_seed_20260220
random_04350,random,,-4380,-4042,random_seed_20260220
random_04351,random,,-9872,6475,random_seed_20260220
random_04352,random,,-6468,-5215,random_seed_20260220
random_04353,random,,1813,6231,random_seed_20260220
random_04354,random,,-66,9927,random_seed_20260220
random_04355,random,,-9244,6355,random_seed_20260220
random_04356,random,,-1766,-9189,random_seed_20260220
random_04357,random,,-1854,-2310,random_seed_20260220
random_04358,random,,4313,2555,random_seed_20260220
random_04359,random,,2083,-8259,random_seed_20260220
random_04360,random,,4663,5244,random_seed_20260220
random_04361,random,,-9005,7988,random_seed_20260220
random_04362,random,,9989,-606,random_seed_20260220
random_04363,random,,7958,-6585,random_seed_20260220
random_04364,random,,-7648,-3997,random_seed_20260220
random_04365,random,,-4459,2490,random_seed_20260220
random_04366,random,,-6907,3967,random_seed_20260220
random_04367,random,,-3411,-6623,random_seed_20260220
random_04368,random,,-5467,-6268,random_seed_20260220
random_04369,random,,-1008,667,random_seed_20260220
random_04370,random,,-4727,2441,random_seed_20260220
random_04371,random,,9952,-369,random_seed_20260220
random_04372,random,,-8319,-4681,random_seed_20260220
random_04373,random,,-822,-507,random_seed_20260220
random_04374,random,,-6737,9172,random_seed_20260220
random_04375,random,,-3808,8912,random_seed_20260220
random_04376,random,,-7481,-8671,random_seed_20260220
random_04377,random,,586,4881,random_seed_20260220
random_04378,random,,-956,-8699,random_seed_20260220
random_04379,random,,-1098,9357,random_seed_20260220
random_04380,random,,-696,7728,random_seed_20260220
random_04381,random,,9270,1867,random_seed_20260220
random_04382,random,,4396,-905,random_seed_20260220
random_04383,random,,637,1480,random_seed_20260220
random_04384,random,,4163,7205,random_seed_20260220
random_04385,random,,1733,333,random_seed_20260220
random_04386,random,,-1909,3038,random_seed_20260220
random_04387,random,,987,-5754,random_seed_20260220
random_04388,random,,9729,-4105,random_seed_20260220
random_04389,random,,7025,120,random_seed_20260220
random_04390,random,,-2064,2151,random_seed_20260220
random_04391,random,,-6396,-9204,random_seed_20260220
random_04392,random,,-5892,3831,random_seed_20260220
random_04393,random,,7821,-1411,random_seed_20260220
random_04394,random,,7244,-3307,random_seed_20260220
random_04395,random,,2879,-3730,random_seed_20260220
random_04396,random,,238,5520,random_seed_20260220
random_04397,random,,-8553,8162,random_seed_20260220
random_04398,random,,3308,-8074,random_seed_20260220
random_04399,random,,-2280,6290,random_seed_20260220
random_04400,random,,1217,-1397,random_seed_20260220
random_04401,random,,3740,3303,random_seed_20260220
random_04402,random,,-9974,-6004,random_seed_20260220
random_04403,random,,2085,-7821,random_seed_20260220
random_04404,random,,-6886,-3987,random_seed_20260220
random_04405,random,,2955,7631,random_seed_20260220
random_04406,random,,-9338,1067,random_seed_20260220
random_04407,random,,1626,8705,random_seed_20260220
random_04408,random,,-7696,-2671,random_seed_20260220
random_04409,random,,-704,8604,random_seed_20260220
random_04410,random,,-4999,6610,random_seed_20260220
random_04411,random,,9451,-1865,random_seed_20260220
random_04412,random,,-9765,9486,random_seed_20260220
random_04413,random,,-2613,-7952,random_seed_20260220
random_04414,random,,8322,-7761,random_seed_20260220
random_04415,random,,-5535,3873,random_seed_20260220
random_04416,random,,-5823,7395,random_seed_20260220
random_04417,random,,7106,8756,random_seed_20260220
random_04418,random,,4297,-9200,random_seed_20260220
random_04419,random,,-955,-8636,random_seed_20260220
random_04420,random,,2985,-4606,random_seed_20260220
random_04421,random,,6655,679,random_seed_20260220
random_04422,random,,681,-2820,random_seed_20260220
random_04423,random,,-1317,8249,random_seed_20260220
random_04424,random,,7217,8393,random_seed_20260220
random_04425,random,,-2930,-4247,random_seed_20260220
random_04426,random,,7861,6454,random_seed_20260220
random_04427,random,,574,6983,random_seed_20260220
random_04428,random,,4181,9093,random_seed_20260220
random_04429,random,,-7235,7843,random_seed_20260220
random_04430,random,,9668,-6894,random_seed_20260220
random_04431,random,,9266,9857,random_seed_20260220
random_04432,random,,-8824,8483,random_seed_20260220
random_04433,random,,-3405,-8338,random_seed_20260220
random_04434,random,,7324,-4553,random_seed_20260220
random_04435,random,,-4062,-444,random_seed_20260220
random_04436,random,,-2609,-9129,random_seed_20260220
random_04437,random,,2899,-9699,random_seed_20260220
random_04438,random,,-8188,6849,random_seed_20260220
random_04439,random,,-9933,1389,random_seed_20260220
random_04440,random,,-7662,-9503,random_seed_20260220
random_04441,random,,9213,-708,random_seed_20260220
random_04442,random,,-7760,9960,random_seed_20260220
random_04443,random,,-6242,-3912,random_seed_20260220
random_04444,random,,5893,5159,random_seed_20260220
random_04445,random,,-236,3372,random_seed_20260220
random_04446,random,,5903,5258,random_seed_20260220
random_04447,random,,-522,2254,random_seed_20260220
random_04448,random,,-7420,-5575,random_seed_20260220
random_04449,random,,-6608,-1402,random_seed_20260220
random_04450,random,,-1651,-9690,random_seed_20260220
random_04451,random,,-638,-5416,random_seed_20260220
random_04452,random,,-5145,-1090,random_seed_20260220
random_04453,random,,-546,-8814,random_seed_20260220
random_04454,random,,-474,-6057,random_seed_20260220
random_04455,random,,-1529,-5094,random_seed_20260220
random_04456,random,,-5231,-7491,random_seed_20260220
random_04457,random,,-1302,-5490,random_seed_20260220
random_04458,random,,8110,-9102,random_seed_20260220
random_04459,random,,5380,-9402,random_seed_20260220
random_04460,random,,-2147,9137,random_seed_20260220
random_04461,random,,-1204,751,random_seed_20260220
random_04462,random,,-9455,1152,random_seed_20260220
random_04463,random,,430,-9083,random_seed_20260220
random_04464,random,,-6651,-5295,random_seed_20260220
random_04465,random,,5847,3306,random_seed_20260220
random_04466,random,,-7785,2342,random_seed_20260220
random_04467,random,,-4576,1421,random_seed_20260220
random_04468,random,,8298,-2289,random_seed_20260220
random_04469,random,,-875,-6578,random_seed_20260220
random_04470,random,,-6382,913,random_seed_20260220
random_04471,random,,-1345,543,random_seed_20260220
random_04472,random,,-325,5080,random_seed_20260220
random_04473,random,,-3701,-2889,random_seed_20260220
random_04474,random,,2516,-5458,random_seed_20260220
random_04475,random,,9118,-3152,random_seed_20260220
random_04476,random,,5281,4833,random_seed_20260220
random_04477,random,,7481,1738,random_seed_20260220
random_04478,random,,-247,-8612,random_seed_20260220
random_04479,random,,4673,-8463,random_seed_20260220
random_04480,random,,-6495,-9256,random_seed_20260220
random_04481,random,,-6073,7880,random_seed_20260220
random_04482,random,,-9168,9035,random_seed_20260220
random_04483,random,,-364,5029,random_seed_20260220
random_04484,random,,-2667,3487,random_seed_20260220
random_04485,random,,2181,5952,random_seed_20260220
random_04486,random,,124,-6125,random_seed_20260220
random_04487,random,,-8960,-8568,random_seed_20260220
random_04488,random,,-7605,-4136,random_seed_20260220
random_04489,random,,-1629,-2784,random_seed_20260220
random_04490,random,,4773,1826,random_seed_20260220
random_04491,random,,-6887,2588,random_seed_20260220
random_04492,random,,1352,-9350,random_seed_20260220
random_04493,random,,1682,-4426,random_seed_20260220
random_04494,random,,-6484,1787,random_seed_20260220
random_04495,random,,6468,7695,random_seed_20260220
random_04496,random,,-2094,-8524,random_seed_20260220
random_04497,random,,8678,6549,random_seed_20260220
random_04498,random,,-5358,-1050,random_seed_20260220
random_04499,random,,-7918,6276,random_seed_20260220
random_04500,random,,-8225,9248,random_seed_20260220
random_04501,random,,-9253,9866,random_seed_20260220
random_04502,random,,5036,-4606,random_seed_20260220
random_04503,random,,-5993,-2017,random_seed_20260220
random_04504,random,,-9059,-6965,random_seed_20260220
random_04505,random,,2602,-6531,random_seed_20260220
random_04506,random,,-669,-7544,random_seed_20260220
random_04507,random,,-6061,-7202,random_seed_20260220
random_04508,random,,-3270,9642,random_seed_20260220
random_04509,random,,4247,-7090,random_seed_20260220
random_04510,random,,9586,-4219,random_seed_20260220
random_04511,random,,-4595,9129,random_seed_20260220
random_04512,random,,7299,8717,random_seed_20260220
random_04513,random,,-2617,4438,random_seed_20260220
random_04514,random,,-832,9602,random_seed_20260220
random_04515,random,,2330,4849,random_seed_20260220
random_04516,random,,6490,-1749,random_seed_20260220
random_04517,random,,-4911,-7419,random_seed_20260220
random_04518,random,,7074,9328,random_seed_20260220
random_04519,random,,4315,8423,random_seed_20260220
random_04520,random,,-3294,-4737,random_seed_20260220
random_04521,random,,7963,-6007,random_seed_20260220
random_04522,random,,-3223,-3598,random_seed_20260220
random_04523,random,,-8564,897,random_seed_20260220
random_04524,random,,-7984,6164,random_seed_20260220
random_04525,random,,-8892,-7712,random_seed_20260220
random_04526,random,,-3200,-6935,random_seed_20260220
random_04527,random,,2748,8736,random_seed_20260220
random_04528,random,,-2883,-1803,random_seed_20260220
random_04529,random,,-8,-830,random_seed_20260220
random_04530,random,,-3949,-6143,random_seed_20260220
random_04531,random,,3719,544,random_seed_20260220
random_04532,random,,2692,3107,random_seed_20260220
random_04533,random,,5341,4303,random_seed_20260220
random_04534,random,,-5375,9470,random_seed_20260220
random_04535,random,,8252,-3534,random_seed_20260220
random_04536,random,,-4149,3464,random_seed_20260220
random_04537,random,,-4615,-398,random_seed_20260220
random_04538,random,,4208,-2459,random_seed_20260220
random_04539,random,,-9236,-1955,random_seed_20260220
random_04540,random,,-4429,9759,random_seed_20260220
random_04541,random,,-9072,5895,random_seed_20260220
random_04542,random,,29,-5819,random_seed_20260220
random_04543,random,,-3948,4093,random_seed_20260220
random_04544,random,,-9519,-328,random_seed_20260220
random_04545,random,,-3982,-9648,random_seed_20260220
random_04546,random,,-7012,8844,random_seed_20260220
random_04547,random,,848,8833,random_seed_20260220
random_04548,random,,-5549,-2230,random_seed_20260220
random_04549,random,,-3804,3914,random_seed_20260220
random_04550,random,,-8536,9292,random_seed_20260220
random_04551,random,,-9031,-883,random_seed_20260220
random_04552,random,,-934,7492,random_seed_20260220
random_04553,random,,5825,-5126,random_seed_20260220
random_04554,random,,7467,9744,random_seed_20260220
random_04555,random,,1230,2336,random_seed_20260220
random_04556,random,,-5455,6074,random_seed_20260220
random_04557,random,,6841,2029,random_seed_20260220
random_04558,random,,-5657,2820,random_seed_20260220
random_04559,random,,3510,7861,random_seed_20260220
random_04560,random,,3044,6489,random_seed_20260220
random_04561,random,,9384,4222,random_seed_20260220
random_04562,random,,9277,5014,random_seed_20260220
random_04563,random,,-4716,3075,random_seed_20260220
random_04564,random,,8921,9418,random_seed_20260220
random_04565,random,,-5965,6178,random_seed_20260220
random_04566,random,,-10,5128,random_seed_20260220
random_04567,random,,-4090,-2921,random_seed_20260220
random_04568,random,,3322,4923,random_seed_20260220
random_04569,random,,-8898,-159,random_seed_20260220
random_04570,random,,1100,-282,random_seed_20260220
random_04571,random,,-700,-6940,random_seed_20260220
random_04572,random,,-229,-9483,random_seed_20260220
random_04573,random,,-3380,-5880,random_seed_20260220
random_04574,random,,-2609,-5218,random_seed_20260220
random_04575,random,,3943,-9850,random_seed_20260220
random_04576,random,,5081,2671,random_seed_20260220
random_04577,random,,2340,-8239,random_seed_20260220
random_04578,random,,2325,-488,random_seed_20260220
random_04579,random,,4448,-5728,random_seed_20260220
random_04580,random,,-1392,7621,random_seed_20260220
random_04581,random,,7573,-7669,random_seed_20260220
random_04582,random,,-3490,-3704,random_seed_20260220
random_04583,random,,5076,6987,random_seed_20260220
random_04584,random,,-1117,1055,random_seed_20260220
random_04585,random,,-9117,-3536,random_seed_20260220
random_04586,random,,-5442,3983,random_seed_20260220
random_04587,random,,-9918,7807,random_seed_20260220
random_04588,random,,-2593,7439,random_seed_20260220
random_04589,random,,3815,-2888,random_seed_20260220
random_04590,random,,1289,6696,random_seed_20260220
random_04591,random,,1990,6364,random_seed_20260220
random_04592,random,,-8863,4899,random_seed_20260220
random_04593,random,,2264,9518,random_seed_20260220
random_04594,random,,-4958,-8040,random_seed_20260220
random_04595,random,,9687,-4493,random_seed_20260220
random_04596,random,,8176,-8226,random_seed_20260220
random_04597,random,,-1199,321,random_seed_20260220
random_04598,random,,-1914,4950,random_seed_20260220
random_04599,random,,5879,-5717,random_seed_20260220
random_04600,random,,8485,-2229,random_seed_20260220
random_04601,random,,7871,-8685,random_seed_20260220
random_04602,random,,5610,2542,random_seed_20260220
random_04603,random,,3885,-5854,random_seed_20260220
random_04604,random,,-7839,-4579,random_seed_20260220
random_04605,random,,3328,-4551,random_seed_20260220
random_04606,random,,-2313,-3832,random_seed_20260220
random_04607,random,,-6519,-3432,random_seed_20260220
random_04608,random,,1313,1397,random_seed_20260220
random_04609,random,,6605,-1223,random_seed_20260220
random_04610,random,,-1594,7695,random_seed_20260220
random_04611,random,,2801,-4762,random_seed_20260220
random_04612,random,,2204,-1109,random_seed_20260220
random_04613,random,,5113,1438,random_seed_20260220
random_04614,random,,605,-1030,random_seed_20260220
random_04615,random,,-7751,-832,random_seed_20260220
random_04616,random,,-466,-5499,random_seed_20260220
random_04617,random,,922,-9660,random_seed_20260220
random_04618,random,,3070,9511,random_seed_20260220
random_04619,random,,-463,1716,random_seed_20260220
random_04620,random,,-5709,6781,random_seed_20260220
random_04621,random,,-7473,-1487,random_seed_20260220
random_04622,random,,2403,915,random_seed_20260220
random_04623,random,,-92,-5395,random_seed_20260220
random_04624,random,,-3333,4328,random_seed_20260220
random_04625,random,,1759,8464,random_seed_20260220
random_04626,random,,-354,-4990,random_seed_20260220
random_04627,random,,2463,6050,random_seed_20260220
random_04628,random,,-8932,-6546,random_seed_20260220
random_04629,random,,7191,3619,random_seed_20260220
random_04630,random,,-2803,-6079,random_seed_20260220
random_04631,random,,1932,-187,random_seed_20260220
random_04632,random,,-2901,3156,random_seed_20260220
random_04633,random,,-4805,-4195,random_seed_20260220
random_04634,random,,5447,4908,random_seed_20260220
random_04635,random,,9348,-7479,random_seed_20260220
random_04636,random,,-1460,7608,random_seed_20260220
random_04637,random,,-4941,7641,random_seed_20260220
random_04638,random,,7329,-2962,random_seed_20260220
random_04639,random,,6426,-799,random_seed_20260220
random_04640,random,,280,-3293,random_seed_20260220
random_04641,random,,8909,9942,random_seed_20260220
random_04642,random,,-8211,5303,random_seed_20260220
random_04643,random,,9433,1760,random_seed_20260220
random_04644,random,,-3650,-8810,random_seed_20260220
random_04645,random,,5718,-709,random_seed_20260220
random_04646,random,,-3828,9362,random_seed_20260220
random_04647,random,,-9669,-5045,random_seed_20260220
random_04648,random,,9265,7991,random_seed_20260220
random_04649,random,,5849,-8313,random_seed_20260220
random_04650,random,,-4134,-5468,random_seed_20260220
random_04651,random,,-7049,2337,random_seed_20260220
random_04652,random,,2332,4963,random_seed_20260220
random_04653,random,,-7463,-4971,random_seed_20260220
random_04654,random,,-6259,-4491,random_seed_20260220
random_04655,random,,-8853,3806,random_seed_20260220
random_04656,random,,776,4296,random_seed_20260220
random_04657,random,,2194,-6180,random_seed_20260220
random_04658,random,,7264,1043,random_seed_20260220
random_04659,random,,6628,4094,random_seed_20260220
random_04660,random,,-1471,6457,random_seed_20260220
random_04661,random,,-7210,4208,random_seed_20260220
random_04662,random,,-232,-5051,random_seed_20260220
random_04663,random,,5213,2908,random_seed_20260220
random_04664,random,,7829,1802,random_seed_20260220
random_04665,random,,6590,-9934,random_seed_20260220
random_04666,random,,5856,-8339,random_seed_20260220
random_04667,random,,-5596,1018,random_seed_20260220
random_04668,random,,1205,8500,random_seed_20260220
random_04669,random,,5485,-4189,random_seed_20260220
random_04670,random,,-4253,8521,random_seed_20260220
random_04671,random,,5109,3969,random_seed_20260220
random_04672,random,,8403,-6598,random_seed_20260220
random_04673,random,,1761,-8425,random_seed_20260220
random_04674,random,,-7219,-4234,random_seed_20260220
random_04675,random,,4498,-4198,random_seed_20260220
random_04676,random,,4913,-3261,random_seed_20260220
random_04677,random,,8760,3137,random_seed_20260220
random_04678,random,,8461,-7521,random_seed_20260220
random_04679,random,,1950,970,random_seed_20260220
random_04680,random,,-8612,2072,random_seed_20260220
random_04681,random,,7994,8571,random_seed_20260220
random_04682,random,,4905,-9712,random_seed_20260220
random_04683,random,,4720,2821,random_seed_20260220
random_04684,random,,-6890,1646,random_seed_20260220
random_04685,random,,-7853,5001,random_seed_20260220
random_04686,random,,9019,-9440,random_seed_20260220
random_04687,random,,6384,4365,random_seed_20260220
random_04688,random,,7057,4465,random_seed_20260220
random_04689,random,,-3108,-9637,random_seed_20260220
random_04690,random,,-6723,-9509,random_seed_20260220
random_04691,random,,2622,-1571,random_seed_20260220
random_04692,random,,-6523,6987,random_seed_20260220
random_04693,random,,4746,3983,random_seed_20260220
random_04694,random,,-433,3529,random_seed_20260220
random_04695,random,,8714,3600,random_seed_20260220
random_04696,random,,5505,-6590,random_seed_20260220
random_04697,random,,-7429,9817,random_seed_20260220
random_04698,random,,-7442,1046,random_seed_20260220
random_04699,random,,-6202,7285,random_seed_20260220
random_04700,random,,-9432,-4131,random_seed_20260220
random_04701,random,,-2351,-7074,random_seed_20260220
random_04702,random,,1568,-1652,random_seed_20260220
random_04703,random,,-3082,1976,random_seed_20260220
random_04704,random,,-1993,-2714,random_seed_20260220
random_04705,random,,-1098,1151,random_seed_20260220
random_04706,random,,-8779,-5205,random_seed_20260220
random_04707,random,,644,6274,random_seed_20260220
random_04708,random,,-7460,9887,random_seed_20260220
random_04709,random,,6122,-1708,random_seed_20260220
random_04710,random,,-4419,-6558,random_seed_20260220
random_04711,random,,-3399,-1619,random_seed_20260220
random_04712,random,,3608,-1705,random_seed_20260220
random_04713,random,,9511,-8743,random_seed_20260220
random_04714,random,,-9127,739,random_seed_20260220
random_04715,random,,-510,817,random_seed_20260220
random_04716,random,,5721,6172,random_seed_20260220
random_04717,random,,-6841,8025,random_seed_20260220
random_04718,random,,5866,-9995,random_seed_20260220
random_04719,random,,3755,3087,random_seed_20260220
random_04720,random,,3586,-9827,random_seed_20260220
random_04721,random,,-8766,-7559,random_seed_20260220
random_04722,random,,7220,9280,random_seed_20260220
random_04723,random,,6158,3012,random_seed_20260220
random_04724,random,,5133,-8926,random_seed_20260220
random_04725,random,,5241,-5292,random_seed_20260220
random_04726,random,,-7699,-1074,random_seed_20260220
random_04727,random,,42,4424,random_seed_20260220
random_04728,random,,8657,32,random_seed_20260220
random_04729,random,,8906,1915,random_seed_20260220
random_04730,random,,8871,-9567,random_seed_20260220
random_04731,random,,8758,5468,random_seed_20260220
random_04732,random,,7914,2095,random_seed_20260220
random_04733,random,,7699,8886,random_seed_20260220
random_04734,random,,2400,7652,random_seed_20260220
random_04735,random,,-5616,8353,random_seed_20260220
random_04736,random,,3340,-8789,random_seed_20260220
random_04737,random,,1301,-815,random_seed_20260220
random_04738,random,,-2141,-3481,random_seed_20260220
random_04739,random,,-8078,482,random_seed_20260220
random_04740,random,,9421,-9167,random_seed_20260220
random_04741,random,,-7464,-6627,random_seed_20260220
random_04742,random,,1279,2250,random_seed_20260220
random_04743,random,,-1016,6060,random_seed_20260220
random_04744,random,,7163,-7482,random_seed_20260220
random_04745,random,,369,-5588,random_seed_20260220
random_04746,random,,6149,1725,random_seed_20260220
random_04747,random,,5143,-8807,random_seed_20260220
random_04748,random,,-4469,-3771,random_seed_20260220
random_04749,random,,-9858,4009,random_seed_20260220
random_04750,random,,7547,-2738,random_seed_20260220
random_04751,random,,-6039,-3068,random_seed_20260220
random_04752,random,,-8503,9838,random_seed_20260220
random_04753,random,,9657,3295,random_seed_20260220
random_04754,random,,3966,-2015,random_seed_20260220
random_04755,random,,-8049,-7800,random_seed_20260220
random_04756,random,,8046,-2318,random_seed_20260220
random_04757,random,,6559,-9786,random_seed_20260220
random_04758,random,,-9523,5768,random_seed_20260220
random_04759,random,,3762,-3772,random_seed_20260220
random_04760,random,,-1810,-6941,random_seed_20260220
random_04761,random,,-2788,914,random_seed_20260220
random_04762,random,,4372,8352,random_seed_20260220
random_04763,random,,-5853,4452,random_seed_20260220
random_04764,random,,-8366,9103,random_seed_20260220
random_04765,random,,-710,-5538,random_seed_20260220
random_04766,random,,4445,4930,random_seed_20260220
random_04767,random,,8461,-2989,random_seed_20260220
random_04768,random,,4673,3481,random_seed_20260220
random_04769,random,,9598,7450,random_seed_20260220
random_04770,random,,3038,-1246,random_seed_20260220
random_04771,random,,4313,879,random_seed_20260220
random_04772,random,,-5569,682,random_seed_20260220
random_04773,random,,1735,5312,random_seed_20260220
random_04774,random,,-2141,1023,random_seed_20260220
random_04775,random,,-8681,9678,random_seed_20260220
random_04776,random,,-8014,-3702,random_seed_20260220
random_04777,random,,-1572,-1545,random_seed_20260220
random_04778,random,,7833,6044,random_seed_20260220
random_04779,random,,900,-888,random_seed_20260220
random_04780,random,,-2626,9874,random_seed_20260220
random_04781,random,,3704,-4902,random_seed_20260220
random_04782,random,,-4921,-7978,random_seed_20260220
random_04783,random,,4220,8584,random_seed_20260220
random_04784,random,,1908,-8884,random_seed_20260220
random_04785,random,,-752,2393,random_seed_20260220
random_04786,random,,1651,-7590,random_seed_20260220
random_04787,random,,-425,8798,random_seed_20260220
random_04788,random,,2643,79,random_seed_20260220
random_04789,random,,4643,-2929,random_seed_20260220
random_04790,random,,5565,4888,random_seed_20260220
random_04791,random,,-1669,-9577,random_seed_20260220
random_04792,random,,-6733,-5012,random_seed_20260220
random_04793,random,,-1886,-7385,random_seed_20260220
random_04794,random,,-339,146,random_seed_20260220
random_04795,random,,-2819,-4587,random_seed_20260220
random_04796,random,,1899,6055,random_seed_20260220
random_04797,random,,3728,-2449,random_seed_20260220
random_04798,random,,5695,3744,random_seed_20260220
random_04799,random,,2435,-9956,random_seed_20260220
random_04800,random,,7397,-5516,random_seed_20260220
random_04801,random,,-3866,-32,random_seed_20260220
random_04802,random,,7234,3905,random_seed_20260220
random_04803,random,,-4296,-780,random_seed_20260220
random_04804,random,,-7036,-4883,random_seed_20260220
random_04805,random,,3788,5781,random_seed_20260220
random_04806,random,,2746,8844,random_seed_20260220
random_04807,random,,2003,-511,random_seed_20260220
random_04808,random,,-9158,-1428,random_seed_20260220
random_04809,random,,-7620,-9182,random_seed_20260220
random_04810,random,,7603,-8312,random_seed_20260220
random_04811,random,,7659,2077,random_seed_20260220
random_04812,random,,-6411,-6569,random_seed_20260220
random_04813,random,,9424,2084,random_seed_20260220
random_04814,random,,238,7053,random_seed_20260220
random_04815,random,,3251,8756,random_seed_20260220
random_04816,random,,449,-1814,random_seed_20260220
random_04817,random,,-9121,-826,random_seed_20260220
random_04818,random,,7575,-2157,random_seed_20260220
random_04819,random,,-1623,-4370,random_seed_20260220
random_04820,random,,3462,-6080,random_seed_20260220
random_04821,random,,-4016,-9528,random_seed_20260220
random_04822,random,,4912,-8296,random_seed_20260220
random_04823,random,,-760,6934,random_seed_20260220
random_04824,random,,-729,7601,random_seed_20260220
random_04825,random,,-1424,-8486,random_seed_20260220
random_04826,random,,-2556,6830,random_seed_20260220
random_04827,random,,-2253,4092,random_seed_20260220
random_04828,random,,1332,-5063,random_seed_20260220
random_04829,random,,3589,1033,random_seed_20260220
random_04830,random,,1413,-8952,random_seed_20260220
random_04831,random,,6464,-1999,random_seed_20260220
random_04832,random,,-8585,-2116,random_seed_20260220
random_04833,random,,5551,-5375,random_seed_20260220
random_04834,random,,-1147,5451,random_seed_20260220
random_04835,random,,-7046,9704,random_seed_20260220
random_04836,random,,-2849,-4585,random_seed_20260220
random_04837,random,,-4103,8197,random_seed_20260220
random_04838,random,,5557,-8368,random_seed_20260220
random_04839,random,,-6593,-755,random_seed_20260220
random_04840,random,,-1773,8326,random_seed_20260220
random_04841,random,,2032,2697,random_seed_20260220
random_04842,random,,5329,-9143,random_seed_20260220
random_04843,random,,-5682,-601,random_seed_20260220
random_04844,random,,-396,-6241,random_seed_20260220
random_04845,random,,7410,6250,random_seed_20260220
random_04846,random,,2661,-8348,random_seed_20260220
random_04847,random,,-1785,-7349,random_seed_20260220
random_04848,random,,-2397,534,random_seed_20260220
random_04849,random,,7690,6335,random_seed_20260220
random_04850,random,,-8187,2305,random_seed_20260220
random_04851,random,,4687,-9953,random_seed_20260220
random_04852,random,,912,8331,random_seed_20260220
random_04853,random,,3732,-2396,random_seed_20260220
random_04854,random,,-2624,1278,random_seed_20260220
random_04855,random,,-8194,-9981,random_seed_20260220
random_04856,random,,-6386,-6452,random_seed_20260220
random_04857,random,,4999,-1495,random_seed_20260220
random_04858,random,,-4172,3377,random_seed_20260220
random_04859,random,,-7902,-3215,random_seed_20260220
random_04860,random,,3096,-5163,random_seed_20260220
random_04861,random,,4742,-6113,random_seed_20260220
random_04862,random,,-1615,-76,random_seed_20260220
random_04863,random,,-9778,1040,random_seed_20260220
random_04864,random,,7100,-2670,random_seed_20260220
random_04865,random,,1112,8980,random_seed_20260220
random_04866,random,,4158,3177,random_seed_20260220
random_04867,random,,8960,-4571,random_seed_20260220
random_04868,random,,-6594,-100,random_seed_20260220
random_04869,random,,-3175,-4002,random_seed_20260220
random_04870,random,,-9413,-2163,random_seed_20260220
random_04871,random,,4816,-6336,random_seed_20260220
random_04872,random,,-1432,4165,random_seed_20260220
random_04873,random,,-9304,1901,random_seed_20260220
random_04874,random,,-7305,-3747,random_seed_20260220
random_04875,random,,993,-6135,random_seed_20260220
random_04876,random,,5660,-4182,random_seed_20260220
random_04877,random,,9272,-9245,random_seed_20260220
random_04878,random,,328,-8441,random_seed_20260220
random_04879,random,,5789,-2482,random_seed_20260220
random_04880,random,,4864,-8606,random_seed_20260220
random_04881,random,,364,-6745,random_seed_20260220
random_04882,random,,7681,-7909,random_seed_20260220
random_04883,random,,3707,-5434,random_seed_20260220
random_04884,random,,-9295,-9176,random_seed_20260220
random_04885,random,,8926,-2728,random_seed_20260220
random_04886,random,,-1845,5633,random_seed_20260220
random_04887,random,,1834,657,random_seed_20260220
random_04888,random,,-9881,-6653,random_seed_20260220
random_04889,random,,4343,-8403,random_seed_20260220
random_04890,random,,4546,-8537,random_seed_20260220
random_04891,random,,5722,8639,random_seed_20260220
random_04892,random,,-4613,-147,random_seed_20260220
random_04893,random,,6125,4199,random_seed_20260220
random_04894,random,,-1284,-4512,random_seed_20260220
random_04895,random,,4763,-1452,random_seed_20260220
random_04896,random,,8981,8599,random_seed_20260220
random_04897,random,,8438,-1977,random_seed_20260220
random_04898,random,,-998,-2913,random_seed_20260220
random_04899,random,,4391,-7514,random_seed_20260220
random_04900,random,,9556,-8895,random_seed_20260220
random_04901,random,,4922,-4815,random_seed_20260220
random_04902,random,,2020,895,random_seed_20260220
random_04903,random,,-6704,1076,random_seed_20260220
random_04904,random,,6276,1426,random_seed_20260220
random_04905,random,,-2423,-4952,random_seed_20260220
random_04906,random,,-3228,-3506,random_seed_20260220
random_04907,random,,1365,1047,random_seed_20260220
random_04908,random,,-1046,-2911,random_seed_20260220
random_04909,random,,-4809,-6689,random_seed_20260220
random_04910,random,,-1753,-3896,random_seed_20260220
random_04911,random,,-7552,-475,random_seed_20260220
random_04912,random,,2602,7144,random_seed_20260220
random_04913,random,,-888,-9974,random_seed_20260220
random_04914,random,,-3325,-3162,random_seed_20260220
random_04915,random,,-4992,-2477,random_seed_20260220
random_04916,random,,-3822,-6952,random_seed_20260220
random_04917,random,,5885,-2855,random_seed_20260220
random_04918,random,,-7669,9451,random_seed_20260220
random_04919,random,,-6498,816,random_seed_20260220
random_04920,random,,-8207,494,random_seed_20260220
random_04921,random,,3500,7852,random_seed_20260220
random_04922,random,,-8738,3736,random_seed_20260220
random_04923,random,,6137,5930,random_seed_20260220
random_04924,random,,9705,9059,random_seed_20260220
random_04925,random,,-4625,2062,random_seed_20260220
random_04926,random,,-7388,-6436,random_seed_20260220
random_04927,random,,3513,5915,random_seed_20260220
random_04928,random,,-6916,-761,random_seed_20260220
random_04929,random,,-8281,9898,random_seed_20260220
random_04930,random,,-3108,5687,random_seed_20260220
random_04931,random,,4945,7944,random_seed_20260220
random_04932,random,,8787,9912,random_seed_20260220
random_04933,random,,783,-3273,random_seed_20260220
random_04934,random,,1363,2558,random_seed_20260220
random_04935,random,,-7818,-348,random_seed_20260220
random_04936,random,,1302,6430,random_seed_20260220
random_04937,random,,-845,6288,random_seed_20260220
random_04938,random,,-3208,6759,random_seed_20260220
random_04939,random,,6798,-1740,random_seed_20260220
random_04940,random,,-9704,5759,random_seed_20260220
random_04941,random,,8059,-8519,random_seed_20260220
random_04942,random,,9538,-4154,random_seed_20260220
random_04943,random,,6152,6304,random_seed_20260220
random_04944,random,,-5,-8794,random_seed_20260220
random_04945,random,,-7136,6835,random_seed_20260220
random_04946,random,,-4673,-3125,random_seed_20260220
random_04947,random,,-8664,-4609,random_seed_20260220
random_04948,random,,6714,-7268,random_seed_20260220
random_04949,random,,-3519,1259,random_seed_20260220
random_04950,random,,-4303,233,random_seed_20260220
random_04951,random,,-3723,-5044,random_seed_20260220
random_04952,random,,-3133,5607,random_seed_20260220
random_04953,random,,-7156,-7099,random_seed_20260220
random_04954,random,,7344,8520,random_seed_20260220
random_04955,random,,536,6976,random_seed_20260220
random_04956,random,,-392,-8598,random_seed_20260220
random_04957,random,,170,1723,random_seed_20260220
random_04958,random,,5894,4408,random_seed_20260220
random_04959,random,,-2918,2145,random_seed_20260220
random_04960,random,,2592,-7026,random_seed_20260220
random_04961,random,,8158,-562,random_seed_20260220
random_04962,random,,6696,-3035,random_seed_20260220
random_04963,random,,616,1220,random_seed_20260220
random_04964,random,,9281,9777,random_seed_20260220
random_04965,random,,-8280,7702,random_seed_20260220
random_04966,random,,-7344,-235,random_seed_20260220
random_04967,random,,4087,-9584,random_seed_20260220
random_04968,random,,510,9929,random_seed_20260220
random_04969,random,,-3986,-8164,random_seed_20260220
random_04970,random,,-5922,-1717,random_seed_20260220
random_04971,random,,2084,-1054,random_seed_20260220
random_04972,random,,-2470,973,random_seed_20260220
random_04973,random,,6914,-8775,random_seed_20260220
random_04974,random,,-4517,-8655,random_seed_20260220
random_04975,random,,-9559,-4202,random_seed_20260220
random_04976,random,,-5899,6308,random_seed_20260220
random_04977,random,,-8230,4067,random_seed_20260220
random_04978,random,,7130,2693,random_seed_20260220
random_04979,random,,-6804,7825,random_seed_20260220
random_04980,random,,119,-6045,random_seed_20260220
random_04981,random,,607,1297,random_seed_20260220
random_04982,random,,-1892,-3346,random_seed_20260220
random_04983,random,,-4130,-353,random_seed_20260220
random_04984,random,,-9845,-4102,random_seed_20260220
random_04985,random,,-7407,9019,random_seed_20260220
random_04986,random,,5347,-3644,random_seed_20260220
random_04987,random,,-8329,-9509,random_seed_20260220
random_04988,random,,-2475,-2610,random_seed_20260220
random_04989,random,,-8847,7910,random_seed_20260220
random_04990,random,,-4982,9806,random_seed_20260220
random_04991,random,,8961,-9203,random_seed_20260220
random_04992,random,,5498,-11,random_seed_20260220
random_04993,random,,3138,-8967,random_seed_20260220
random_04994,random,,6014,-5768,random_seed_20260220
random_04995,random,,1116,-9868,random_seed_20260220
random_04996,random,,-5216,-5953,random_seed_20260220
random_04997,random,,8760,4485,random_seed_20260220
random_04998,random,,-4880,8617,random_seed_20260220
random_04999,random,,-9142,-3104,random_seed_20260220
random_05000,random,,3225,-9464,random_seed_20260220
random_05001,random,,-8878,-3191,random_seed_20260220
random_05002,random,,-1538,-1506,random_seed_20260220
random_05003,random,,9055,1555,random_seed_20260220
random_05004,random,,-7306,-1073,random_seed_20260220
random_05005,random,,-7852,-9983,random_seed_20260220
random_05006,random,,9638,9467,random_seed_20260220
random_05007,random,,4396,-274,random_seed_20260220
random_05008,random,,8913,684,random_seed_20260220
random_05009,random,,-6568,2228,random_seed_20260220
random_05010,random,,-2193,-1572,random_seed_20260220
random_05011,random,,-5390,-6518,random_seed_20260220
random_05012,random,,-6957,-6744,random_seed_20260220
random_05013,random,,-7717,3538,random_seed_20260220
random_05014,random,,-3643,-3844,random_seed_20260220
random_05015,random,,9655,-8851,random_seed_20260220
random_05016,random,,7636,-8669,random_seed_20260220
random_05017,random,,6256,-7622,random_seed_20260220
random_05018,random,,-2939,9162,random_seed_20260220
random_05019,random,,-5376,7301,random_seed_20260220
random_05020,random,,6738,-791,random_seed_20260220
random_05021,random,,236,5389,random_seed_20260220
random_05022,random,,248,-3725,random_seed_20260220
random_05023,random,,9501,218,random_seed_20260220
random_05024,random,,-8572,-6674,random_seed_20260220
random_05025,random,,-7863,9679,random_seed_20260220
random_05026,random,,-2103,-973,random_seed_20260220
random_05027,random,,-380,385,random_seed_20260220
random_05028,random,,1039,4117,random_seed_20260220
random_05029,random,,1193,4985,random_seed_20260220
random_05030,random,,-7051,9631,random_seed_20260220
random_05031,random,,-9752,-2488,random_seed_20260220
random_05032,random,,-9624,8036,random_seed_20260220
random_05033,random,,-3460,-9926,random_seed_20260220
random_05034,random,,5472,-309,random_seed_20260220
random_05035,random,,5641,3107,random_seed_20260220
random_05036,random,,4098,3047,random_seed_20260220
random_05037,random,,-4128,-5776,random_seed_20260220
random_05038,random,,-7811,416,random_seed_20260220
random_05039,random,,1062,4165,random_seed_20260220
random_05040,random,,-6341,-2554,random_seed_20260220
random_05041,random,,-6752,4331,random_seed_20260220
random_05042,random,,-6532,-1815,random_seed_20260220
random_05043,random,,6645,7729,random_seed_20260220
random_05044,random,,-3496,-2049,random_seed_20260220
random_05045,random,,1419,-4986,random_seed_20260220
random_05046,random,,-6246,3969,random_seed_20260220
random_05047,random,,-8085,-7790,random_seed_20260220
random_05048,random,,581,5307,random_seed_20260220
random_05049,random,,2848,-1495,random_seed_20260220
random_05050,random,,-1156,-5257,random_seed_20260220
random_05051,random,,-8221,-6501,random_seed_20260220
random_05052,random,,-3564,1837,random_seed_20260220
random_05053,random,,-4485,866,random_seed_20260220
random_05054,random,,7668,-961,random_seed_20260220
random_05055,random,,-9126,-4279,random_seed_20260220
random_05056,random,,-3570,-9928,random_seed_20260220
random_05057,random,,-3403,7785,random_seed_20260220
random_05058,random,,8899,-7091,random_seed_20260220
random_05059,random,,-2423,-3026,random_seed_20260220
random_05060,random,,-7999,-1184,random_seed_20260220
random_05061,random,,-5278,-6141,random_seed_20260220
random_05062,random,,2476,-2853,random_seed_20260220
random_05063,random,,-6872,-2739,random_seed_20260220
random_05064,random,,-2223,-9294,random_seed_20260220
random_05065,random,,834,-5753,random_seed_20260220
random_05066,random,,4703,-254,random_seed_20260220
random_05067,random,,9361,-2450,random_seed_20260220
random_05068,random,,9929,9236,random_seed_20260220
random_05069,random,,-9723,-6938,random_seed_20260220
random_05070,random,,-3967,2151,random_seed_20260220
random_05071,random,,4417,-9569,random_seed_20260220
random_05072,random,,-2865,7711,random_seed_20260220
random_05073,random,,-5155,-1887,random_seed_20260220
random_05074,random,,-3041,1615,random_seed_20260220
random_05075,random,,1510,-8826,random_seed_20260220
random_05076,random,,-6085,3949,random_seed_20260220
random_05077,random,,-7896,523,random_seed_20260220
random_05078,random,,6863,-8888,random_seed_20260220
random_05079,random,,1922,-606,random_seed_20260220
random_05080,random,,-7126,3013,random_seed_20260220
random_05081,random,,-45,6011,random_seed_20260220
random_05082,random,,8071,3578,random_seed_20260220
random_05083,random,,-4403,-9560,random_seed_20260220
random_05084,random,,-2743,3878,random_seed_20260220
random_05085,random,,-5412,7773,random_seed_20260220
random_05086,random,,-4146,-6780,random_seed_20260220
random_05087,random,,5122,256,random_seed_20260220
random_05088,random,,2435,-9792,random_seed_20260220
random_05089,random,,-9530,-9166,random_seed_20260220
random_05090,random,,-4970,3799,random_seed_20260220
random_05091,random,,-9790,7445,random_seed_20260220
random_05092,random,,6741,3509,random_seed_20260220
random_05093,random,,1694,-385,random_seed_20260220
random_05094,random,,5149,6641,random_seed_20260220
random_05095,random,,5225,7323,random_seed_20260220
random_05096,random,,5774,-6970,random_seed_20260220
random_05097,random,,-9816,-538,random_seed_20260220
random_05098,random,,-8759,9096,random_seed_20260220
random_05099,random,,5768,-1492,random_seed_20260220
random_05100,random,,6824,5834,random_seed_20260220
random_05101,random,,9858,6833,random_seed_20260220
random_05102,random,,4958,4097,random_seed_20260220
random_05103,random,,3236,7846,random_seed_20260220
random_05104,random,,-8373,7450,random_seed_20260220
random_05105,random,,2361,-8926,random_seed_20260220
random_05106,random,,-5566,5980,random_seed_20260220
random_05107,random,,-370,3079,random_seed_20260220
random_05108,random,,-2489,4344,random_seed_20260220
random_05109,random,,-3713,3802,random_seed_20260220
random_05110,random,,-2818,498,random_seed_20260220
random_05111,random,,840,7002,random_seed_20260220
random_05112,random,,-5288,-2553,random_seed_20260220
random_05113,random,,-1484,-1171,random_seed_20260220
random_05114,random,,-474,9687,random_seed_20260220
random_05115,random,,8982,-7133,random_seed_20260220
random_05116,random,,5683,-3711,random_seed_20260220
random_05117,random,,5318,-8578,random_seed_20260220
random_05118,random,,2644,-2034,random_seed_20260220
random_05119,random,,8097,-7618,random_seed_20260220
random_05120,random,,3191,-3741,random_seed_20260220
random_05121,random,,-6031,2585,random_seed_20260220
random_05122,random,,-7820,3790,random_seed_20260220
random_05123,random,,8038,-3816,random_seed_20260220
random_05124,random,,1735,4992,random_seed_20260220
random_05125,random,,-1435,1925,random_seed_20260220
random_05126,random,,9857,2984,random_seed_20260220
random_05127,random,,979,1638,random_seed_20260220
random_05128,random,,33,5621,random_seed_20260220
random_05129,random,,-384,3296,random_seed_20260220
random_05130,random,,-9933,-4146,random_seed_20260220
random_05131,random,,2951,-7024,random_seed_20260220
random_05132,random,,2861,9364,random_seed_20260220
random_05133,random,,5697,-2128,random_seed_20260220
random_05134,random,,2114,3636,random_seed_20260220
random_05135,random,,7781,4040,random_seed_20260220
random_05136,random,,5656,5771,random_seed_20260220
random_05137,random,,-1507,-8614,random_seed_20260220
random_05138,random,,3507,2986,random_seed_20260220
random_05139,random,,-4911,-4630,random_seed_20260220
random_05140,random,,-3242,394,random_seed_20260220
random_05141,random,,-6454,8844,random_seed_20260220
random_05142,random,,-486,-2905,random_seed_20260220
random_05143,random,,-5353,7107,random_seed_20260220
random_05144,random,,-1343,-4676,random_seed_20260220
random_05145,random,,-7650,8332,random_seed_20260220
random_05146,random,,-5486,-4387,random_seed_20260220
random_05147,random,,-2126,-8321,random_seed_20260220
random_05148,random,,8429,5034,random_seed_20260220
random_05149,random,,5001,-4997,random_seed_20260220
random_05150,random,,2516,2125,random_seed_20260220
random_05151,random,,-4678,-8653,random_seed_20260220
random_05152,random,,2229,-9105,random_seed_20260220
random_05153,random,,27,-8457,random_seed_20260220
random_05154,random,,-1497,5665,random_seed_20260220
random_05155,random,,-9063,4306,random_seed_20260220
random_05156,random,,-5910,2633,random_seed_20260220
random_05157,random,,-8222,-4870,random_seed_20260220
random_05158,random,,5650,8840,random_seed_20260220
random_05159,random,,-9728,2746,random_seed_20260220
random_05160,random,,-4259,607,random_seed_20260220
random_05161,random,,-9126,-4166,random_seed_20260220
random_05162,random,,6780,9748,random_seed_20260220
random_05163,random,,3575,448,random_seed_20260220
random_05164,random,,6321,-261,random_seed_20260220
random_05165,random,,8358,7488,random_seed_20260220
random_05166,random,,1826,3182,random_seed_20260220
random_05167,random,,7106,9018,random_seed_20260220
random_05168,random,,7519,1096,random_seed_20260220
random_05169,random,,4266,5498,random_seed_20260220
random_05170,random,,5252,-9056,random_seed_20260220
random_05171,random,,-9143,-7647,random_seed_20260220
random_05172,random,,6693,8965,random_seed_20260220
random_05173,random,,-5602,6777,random_seed_20260220
random_05174,random,,-9703,1489,random_seed_20260220
random_05175,random,,-2032,-2153,random_seed_20260220
random_05176,random,,-6413,-2818,random_seed_20260220
random_05177,random,,-3391,-2135,random_seed_20260220
random_05178,random,,5183,-1704,random_seed_20260220
random_05179,random,,216,-370,random_seed_20260220
random_05180,random,,7111,5132,random_seed_20260220
random_05181,random,,295,195,random_seed_20260220
random_05182,random,,7404,-2048,random_seed_20260220
random_05183,random,,-8691,-5916,random_seed_20260220
random_05184,random,,7700,9960,random_seed_20260220
random_05185,random,,-5444,553,random_seed_20260220
random_05186,random,,3211,-7172,random_seed_20260220
random_05187,random,,2925,-5025,random_seed_20260220
random_05188,random,,-4769,-781,random_seed_20260220
random_05189,random,,7573,-9935,random_seed_20260220
random_05190,random,,6674,-3599,random_seed_20260220
random_05191,random,,2570,-7613,random_seed_20260220
random_05192,random,,-5383,1001,random_seed_20260220
random_05193,random,,-5371,7813,random_seed_20260220
random_05194,random,,-721,1332,random_seed_20260220
random_05195,random,,-6229,-6670,random_seed_20260220
random_05196,random,,8943,-4717,random_seed_20260220
random_05197,random,,7283,-5415,random_seed_20260220
random_05198,random,,23,1917,random_seed_20260220
random_05199,random,,-6066,-5979,random_seed_20260220
random_05200,random,,5786,-7745,random_seed_20260220
random_05201,random,,-5772,7929,random_seed_20260220
random_05202,random,,2656,-4438,random_seed_20260220
random_05203,random,,-6349,-9627,random_seed_20260220
random_05204,random,,9316,9065,random_seed_20260220
random_05205,random,,8318,7148,random_seed_20260220
random_05206,random,,-7608,-9422,random_seed_20260220
random_05207,random,,304,-2574,random_seed_20260220
random_05208,random,,1095,4572,random_seed_20260220
random_05209,random,,-972,-3300,random_seed_20260220
random_05210,random,,4850,-8609,random_seed_20260220
random_05211,random,,-7694,-7785,random_seed_20260220
random_05212,random,,-4382,-2397,random_seed_20260220
random_05213,random,,2708,-265,random_seed_20260220
random_05214,random,,-9067,8061,random_seed_20260220
random_05215,random,,7054,5284,random_seed_20260220
random_05216,random,,3942,-2206,random_seed_20260220
random_05217,random,,1427,2992,random_seed_20260220
random_05218,random,,-7140,1121,random_seed_20260220
random_05219,random,,605,-1669,random_seed_20260220
random_05220,random,,-1457,-8557,random_seed_20260220
random_05221,random,,2083,6073,random_seed_20260220
random_05222,random,,4275,1660,random_seed_20260220
random_05223,random,,-7693,9521,random_seed_20260220
random_05224,random,,-2266,-9738,random_seed_20260220
random_05225,random,,9152,-2928,random_seed_20260220
random_05226,random,,8049,3659,random_seed_20260220
random_05227,random,,8566,-830,random_seed_20260220
random_05228,random,,4961,-88,random_seed_20260220
random_05229,random,,4241,2026,random_seed_20260220
random_05230,random,,-2388,6621,random_seed_20260220
random_05231,random,,7663,-220,random_seed_20260220
random_05232,random,,-745,9395,random_seed_20260220
random_05233,random,,5187,4285,random_seed_20260220
random_05234,random,,-9033,-9857,random_seed_20260220
random_05235,random,,-5774,133,random_seed_20260220
random_05236,random,,-3684,-482,random_seed_20260220
random_05237,random,,2876,-3833,random_seed_20260220
random_05238,random,,795,-1038,random_seed_20260220
random_05239,random,,8724,-5707,random_seed_20260220
random_05240,random,,8750,-6955,random_seed_20260220
random_05241,random,,2196,2606,random_seed_20260220
random_05242,random,,3767,-5089,random_seed_20260220
random_05243,random,,5268,2778,random_seed_20260220
random_05244,random,,-1173,1639,random_seed_20260220
random_05245,random,,9248,7359,random_seed_20260220
random_05246,random,,9320,-9479,random_seed_20260220
random_05247,random,,-2790,354,random_seed_20260220
random_05248,random,,2376,-68,random_seed_20260220
random_05249,random,,4502,-9128,random_seed_20260220
random_05250,random,,277,-5530,random_seed_20260220
random_05251,random,,-6202,6656,random_seed_20260220
random_05252,random,,2238,-2356,random_seed_20260220
random_05253,random,,-160,3755,random_seed_20260220
random_05254,random,,6995,-2794,random_seed_20260220
random_05255,random,,1782,8471,random_seed_20260220
random_05256,random,,4893,-7663,random_seed_20260220
random_05257,random,,-5563,-4427,random_seed_20260220
random_05258,random,,5513,3011,random_seed_20260220
random_05259,random,,-7852,2337,random_seed_20260220
random_05260,random,,8265,6286,random_seed_20260220
random_05261,random,,7182,-313,random_seed_20260220
random_05262,random,,-7392,-7762,random_seed_20260220
random_05263,random,,-971,6710,random_seed_20260220
random_05264,random,,6446,-7885,random_seed_20260220
random_05265,random,,6253,-669,random_seed_20260220
random_05266,random,,1812,9218,random_seed_20260220
random_05267,random,,5090,1857,random_seed_20260220
random_05268,random,,-4179,-5845,random_seed_20260220
random_05269,random,,-4653,-2128,random_seed_20260220
random_05270,random,,1642,9829,random_seed_20260220
random_05271,random,,-9435,5047,random_seed_20260220
random_05272,random,,-5685,1370,random_seed_20260220
random_05273,random,,346,1854,random_seed_20260220
random_05274,random,,440,-6317,random_seed_20260220
random_05275,random,,-3201,-1095,random_seed_20260220
random_05276,random,,-8600,5633,random_seed_20260220
random_05277,random,,-8992,-1987,random_seed_20260220
random_05278,random,,8029,-1367,random_seed_20260220
random_05279,random,,-7384,-515,random_seed_20260220
random_05280,random,,9547,2460,random_seed_20260220
random_05281,random,,5192,-6850,random_seed_20260220
random_05282,random,,9663,-949,random_seed_20260220
random_05283,random,,8319,-95,random_seed_20260220
random_05284,random,,9771,7950,random_seed_20260220
random_05285,random,,9717,-5768,random_seed_20260220
random_05286,random,,5701,2402,random_seed_20260220
random_05287,random,,-9279,-3107,random_seed_20260220
random_05288,random,,464,-9398,random_seed_20260220
random_05289,random,,-8655,9792,random_seed_20260220
random_05290,random,,-2165,-3112,random_seed_20260220
random_05291,random,,-4371,5128,random_seed_20260220
random_05292,random,,2073,5622,random_seed_20260220
random_05293,random,,-942,-7597,random_seed_20260220
random_05294,random,,-5949,-7577,random_seed_20260220
random_05295,random,,-3162,-8339,random_seed_20260220
random_05296,random,,-3415,1737,random_seed_20260220
random_05297,random,,9534,5883,random_seed_20260220
random_05298,random,,-5415,9354,random_seed_20260220
random_05299,random,,3422,-3,random_seed_20260220
random_05300,random,,-4919,8375,random_seed_20260220
random_05301,random,,2712,6355,random_seed_20260220
random_05302,random,,-903,-4986,random_seed_20260220
random_05303,random,,9994,-2940,random_seed_20260220
random_05304,random,,-7905,-8515,random_seed_20260220
random_05305,random,,-1446,-9427,random_seed_20260220
random_05306,random,,-2514,-7783,random_seed_20260220
random_05307,random,,8820,6957,random_seed_20260220
random_05308,random,,2160,-1469,random_seed_20260220
random_05309,random,,9045,490,random_seed_20260220
random_05310,random,,1444,1836,random_seed_20260220
random_05311,random,,-371,9367,random_seed_20260220
random_05312,random,,-9929,-9394,random_seed_20260220
random_05313,random,,1457,-1500,random_seed_20260220
random_05314,random,,4491,-2688,random_seed_20260220
random_05315,random,,18,-3452,random_seed_20260220
random_05316,random,,1994,-2157,random_seed_20260220
random_05317,random,,5881,-4403,random_seed_20260220
random_05318,random,,-3655,5637,random_seed_20260220
random_05319,random,,5402,-9501,random_seed_20260220
random_05320,random,,6943,-167,random_seed_20260220
random_05321,random,,-3819,-297,random_seed_20260220
random_05322,random,,-6392,9986,random_seed_20260220
random_05323,random,,6377,5428,random_seed_20260220
random_05324,random,,9505,5193,random_seed_20260220
random_05325,random,,-4132,-9724,random_seed_20260220
random_05326,random,,-3940,2850,random_seed_20260220
random_05327,random,,8317,-4001,random_seed_20260220
random_05328,random,,8872,-2858,random_seed_20260220
random_05329,random,,-2023,-4058,random_seed_20260220
random_05330,random,,8992,-5490,random_seed_20260220
random_05331,random,,-3760,5072,random_seed_20260220
random_05332,random,,-5508,-9249,random_seed_20260220
random_05333,random,,-8987,767,random_seed_20260220
random_05334,random,,-3796,-6064,random_seed_20260220
random_05335,random,,-7834,-1605,random_seed_20260220
random_05336,random,,-2760,4683,random_seed_20260220
random_05337,random,,6402,-5552,random_seed_20260220
random_05338,random,,3073,3488,random_seed_20260220
random_05339,random,,4008,902,random_seed_20260220
random_05340,random,,-6628,-7098,random_seed_20260220
random_05341,random,,-3239,9006,random_seed_20260220
random_05342,random,,-7716,9874,random_seed_20260220
random_05343,random,,-2419,-452,random_seed_20260220
random_05344,random,,-6965,-1877,random_seed_20260220
random_05345,random,,-1955,1375,random_seed_20260220
random_05346,random,,4857,-693,random_seed_20260220
random_05347,random,,2192,6514,random_seed_20260220
random_05348,random,,-9669,6667,random_seed_20260220
random_05349,random,,4602,-8298,random_seed_20260220
random_05350,random,,-9067,-8641,random_seed_20260220
random_05351,random,,8595,-6558,random_seed_20260220
random_05352,random,,-1060,126,random_seed_20260220
random_05353,random,,5043,2313,random_seed_20260220
random_05354,random,,-3819,-9822,random_seed_20260220
random_05355,random,,-6881,-1191,random_seed_20260220
random_05356,random,,-7363,-7944,random_seed_20260220
random_05357,random,,6782,-5838,random_seed_20260220
random_05358,random,,-9780,1645,random_seed_20260220
random_05359,random,,419,2776,random_seed_20260220
random_05360,random,,-8265,8147,random_seed_20260220
random_05361,random,,-6086,4011,random_seed_20260220
random_05362,random,,1143,-4735,random_seed_20260220
random_05363,random,,-1799,-4474,random_seed_20260220
random_05364,random,,9039,-950,random_seed_20260220
random_05365,random,,2046,-4423,random_seed_20260220
random_05366,random,,796,6264,random_seed_20260220
random_05367,random,,-9793,7465,random_seed_20260220
random_05368,random,,6344,4295,random_seed_20260220
random_05369,random,,8014,1423,random_seed_20260220
random_05370,random,,3473,-5041,random_seed_20260220
random_05371,random,,-4619,-348,random_seed_20260220
random_05372,random,,-5072,-6149,random_seed_20260220
random_05373,random,,-5299,-4683,random_seed_20260220
random_05374,random,,-5429,-4593,random_seed_20260220
random_05375,random,,-9825,5390,random_seed_20260220
random_05376,random,,602,-1902,random_seed_20260220
random_05377,random,,6914,-4415,random_seed_20260220
random_05378,random,,-91,-7872,random_seed_20260220
random_05379,random,,-4856,9696,random_seed_20260220
random_05380,random,,-3584,-2255,random_seed_20260220
random_05381,random,,-7913,-6294,random_seed_20260220
random_05382,random,,3445,-6093,random_seed_20260220
random_05383,random,,-8114,8127,random_seed_20260220
random_05384,random,,-232,-8863,random_seed_20260220
random_05385,random,,-9407,7342,random_seed_20260220
random_05386,random,,-1424,1423,random_seed_20260220
random_05387,random,,249,9334,random_seed_20260220
random_05388,random,,-9875,-6372,random_seed_20260220
random_05389,random,,5487,-8224,random_seed_20260220
random_05390,random,,-1089,6476,random_seed_20260220
random_05391,random,,5231,-5708,random_seed_20260220
random_05392,random,,22,-1966,random_seed_20260220
random_05393,random,,-2960,4075,random_seed_20260220
random_05394,random,,-6357,8434,random_seed_20260220
random_05395,random,,-8835,8492,random_seed_20260220
random_05396,random,,2833,7455,random_seed_20260220
random_05397,random,,2072,-6686,random_seed_20260220
random_05398,random,,8758,-5466,random_seed_20260220
random_05399,random,,5222,-7154,random_seed_20260220
random_05400,random,,-9482,-2841,random_seed_20260220
random_05401,random,,2886,9770,random_seed_20260220
random_05402,random,,-7552,-461,random_seed_20260220
random_05403,random,,741,775,random_seed_20260220
random_05404,random,,8482,-1533,random_seed_20260220
random_05405,random,,-7228,-6554,random_seed_20260220
random_05406,random,,6819,6608,random_seed_20260220
random_05407,random,,6726,-5959,random_seed_20260220
random_05408,random,,8932,-4179,random_seed_20260220
random_05409,random,,6031,9442,random_seed_20260220
random_05410,random,,-5093,-4629,random_seed_20260220
random_05411,random,,-4092,-7593,random_seed_20260220
random_05412,random,,-2534,8555,random_seed_20260220
random_05413,random,,598,8210,random_seed_20260220
random_05414,random,,9104,-7123,random_seed_20260220
random_05415,random,,-4214,-7104,random_seed_20260220
random_05416,random,,1260,6712,random_seed_20260220
random_05417,random,,874,330,random_seed_20260220
random_05418,random,,3544,-2293,random_seed_20260220
random_05419,random,,-9469,-3802,random_seed_20260220
random_05420,random,,4666,-9371,random_seed_20260220
random_05421,random,,4962,-1162,random_seed_20260220
random_05422,random,,-5914,9770,random_seed_20260220
random_05423,random,,6589,2139,random_seed_20260220
random_05424,random,,8532,1189,random_seed_20260220
random_05425,random,,-8093,26,random_seed_20260220
random_05426,random,,2647,-3778,random_seed_20260220
random_05427,random,,-2131,-9158,random_seed_20260220
random_05428,random,,4925,9306,random_seed_20260220
random_05429,random,,8392,4453,random_seed_20260220
random_05430,random,,-4672,-9632,random_seed_20260220
random_05431,random,,-9686,-5445,random_seed_20260220
random_05432,random,,-7905,3937,random_seed_20260220
random_05433,random,,4840,6816,random_seed_20260220
random_05434,random,,-8199,1451,random_seed_20260220
random_05435,random,,5138,8102,random_seed_20260220
random_05436,random,,-5807,-5889,random_seed_20260220
random_05437,random,,-5927,4358,random_seed_20260220
random_05438,random,,5082,5605,random_seed_20260220
random_05439,random,,-3415,3548,random_seed_20260220
random_05440,random,,9188,-6336,random_seed_20260220
random_05441,random,,1013,-1144,random_seed_20260220
random_05442,random,,5528,2619,random_seed_20260220
random_05443,random,,-9091,-3357,random_seed_20260220
random_05444,random,,-7439,6884,random_seed_20260220
random_05445,random,,-6097,-5833,random_seed_20260220
random_05446,random,,9057,-2978,random_seed_20260220
random_05447,random,,5642,-822,random_seed_20260220
random_05448,random,,-6764,3091,random_seed_20260220
random_05449,random,,-7516,-664,random_seed_20260220
random_05450,random,,-5638,-9574,random_seed_20260220
random_05451,random,,1941,4492,random_seed_20260220
random_05452,random,,-7326,-5385,random_seed_20260220
random_05453,random,,3198,-4990,random_seed_20260220
random_05454,random,,-8153,-5018,random_seed_20260220
random_05455,random,,3667,7978,random_seed_20260220
random_05456,random,,7195,5263,random_seed_20260220
random_05457,random,,-3415,9051,random_seed_20260220
random_05458,random,,-4346,9210,random_seed_20260220
random_05459,random,,6444,-6436,random_seed_20260220
random_05460,random,,2107,3062,random_seed_20260220
random_05461,random,,5109,3747,random_seed_20260220
random_05462,random,,7078,6825,random_seed_20260220
random_05463,random,,8261,-1427,random_seed_20260220
random_05464,random,,4530,-2179,random_seed_20260220
random_05465,random,,537,-6739,random_seed_20260220
random_05466,random,,-4678,-5945,random_seed_20260220
random_05467,random,,-1722,2174,random_seed_20260220
random_05468,random,,8327,-2691,random_seed_20260220
random_05469,random,,-6596,-8944,random_seed_20260220
random_05470,random,,-5909,2423,random_seed_20260220
random_05471,random,,-7377,4029,random_seed_20260220
random_05472,random,,-6714,-2793,random_seed_20260220
random_05473,random,,-6041,9817,random_seed_20260220
random_05474,random,,-3523,-574,random_seed_20260220
random_05475,random,,6562,-8426,random_seed_20260220
random_05476,random,,3802,6677,random_seed_20260220
random_05477,random,,6551,9293,random_seed_20260220
random_05478,random,,-1808,4943,random_seed_20260220
random_05479,random,,5908,-5396,random_seed_20260220
random_05480,random,,-3360,8744,random_seed_20260220
random_05481,random,,-8472,-4028,random_seed_20260220
random_05482,random,,1942,-1598,random_seed_20260220
random_05483,random,,6447,-860,random_seed_20260220
random_05484,random,,-7791,3921,random_seed_20260220
random_05485,random,,-7086,7428,random_seed_20260220
random_05486,random,,5656,-9428,random_seed_20260220
random_05487,random,,-6218,9851,random_seed_20260220
random_05488,random,,-2401,-4407,random_seed_20260220
random_05489,random,,1516,-4154,random_seed_20260220
random_05490,random,,-2178,-3192,random_seed_20260220
random_05491,random,,5550,-7067,random_seed_20260220
random_05492,random,,8464,-9951,random_seed_20260220
random_05493,random,,2772,-6623,random_seed_20260220
random_05494,random,,6830,8114,random_seed_20260220
random_05495,random,,5161,-2284,random_seed_20260220
random_05496,random,,6030,476,random_seed_20260220
random_05497,random,,6091,-4637,random_seed_20260220
random_05498,random,,-1894,-9958,random_seed_20260220
random_05499,random,,-9469,-6249,random_seed_20260220
random_05500,random,,-4783,8076,random_seed_20260220
random_05501,random,,4365,-1558,random_seed_20260220
random_05502,random,,-5215,5892,random_seed_20260220
random_05503,random,,9281,580,random_seed_20260220
random_05504,random,,-5698,-100,random_seed_20260220
random_05505,random,,-9238,-8487,random_seed_20260220
random_05506,random,,-4414,7988,random_seed_20260220
random_05507,random,,-5830,6485,random_seed_20260220
random_05508,random,,4393,750,random_seed_20260220
random_05509,random,,5528,-8708,random_seed_20260220
random_05510,random,,-5240,-3889,random_seed_20260220
random_05511,random,,9832,-2410,random_seed_20260220
random_05512,random,,3495,-4213,random_seed_20260220
random_05513,random,,-9464,7933,random_seed_20260220
random_05514,random,,-9596,2765,random_seed_20260220
random_05515,random,,5457,3636,random_seed_20260220
random_05516,random,,-2928,6961,random_seed_20260220
random_05517,random,,-4327,-796,random_seed_20260220
random_05518,random,,9498,-4602,random_seed_20260220
random_05519,random,,1443,7517,random_seed_20260220
random_05520,random,,-9953,-4165,random_seed_20260220
random_05521,random,,-3203,49,random_seed_20260220
random_05522,random,,-7664,510,random_seed_20260220
random_05523,random,,2462,-2828,random_seed_20260220
random_05524,random,,-8132,1837,random_seed_20260220
random_05525,random,,-6697,7712,random_seed_20260220
random_05526,random,,-2421,-4908,random_seed_20260220
random_05527,random,,7040,-8118,random_seed_20260220
random_05528,random,,6022,3017,random_seed_20260220
random_05529,random,,-2740,5149,random_seed_20260220
random_05530,random,,7812,-1600,random_seed_20260220
random_05531,random,,3183,7088,random_seed_20260220
random_05532,random,,-4102,-3625,random_seed_20260220
random_05533,random,,-4650,-5773,random_seed_20260220
random_05534,random,,-5227,-8718,random_seed_20260220
random_05535,random,,-6046,848,random_seed_20260220
random_05536,random,,-6652,401,random_seed_20260220
random_05537,random,,-3456,-2261,random_seed_20260220
random_05538,random,,-3884,1815,random_seed_20260220
random_05539,random,,9824,-1419,random_seed_20260220
random_05540,random,,1899,-2638,random_seed_20260220
random_05541,random,,1651,4337,random_seed_20260220
random_05542,random,,-7955,196,random_seed_20260220
random_05543,random,,5778,-6744,random_seed_20260220
random_05544,random,,-1218,-9686,random_seed_20260220
random_05545,random,,1080,8788,random_seed_20260220
random_05546,random,,8108,-7252,random_seed_20260220
random_05547,random,,5841,830,random_seed_20260220
random_05548,random,,1842,911,random_seed_20260220
random_05549,random,,-1279,-3218,random_seed_20260220
random_05550,random,,3605,8529,random_seed_20260220
random_05551,random,,2267,2572,random_seed_20260220
random_05552,random,,-9405,7271,random_seed_20260220
random_05553,random,,8722,-5189,random_seed_20260220
random_05554,random,,-3492,-2503,random_seed_20260220
random_05555,random,,8705,861,random_seed_20260220
random_05556,random,,1023,4925,random_seed_20260220
random_05557,random,,-6434,4425,random_seed_20260220
random_05558,random,,1758,6596,random_seed_20260220
random_05559,random,,7153,-8778,random_seed_20260220
random_05560,random,,3139,4728,random_seed_20260220
random_05561,random,,2346,-9507,random_seed_20260220
random_05562,random,,-4870,7356,random_seed_20260220
random_05563,random,,-9308,-3744,random_seed_20260220
random_05564,random,,-1081,6831,random_seed_20260220
random_05565,random,,8755,-3509,random_seed_20260220
random_05566,random,,8628,6234,random_seed_20260220
random_05567,random,,-5316,-1064,random_seed_20260220
random_05568,random,,-8456,1689,random_seed_20260220
random_05569,random,,-5547,494,random_seed_20260220
random_05570,random,,-9093,-5156,random_seed_20260220
random_05571,random,,3927,-4637,random_seed_20260220
random_05572,random,,-6899,-8304,random_seed_20260220
random_05573,random,,8113,-591,random_seed_20260220
random_05574,random,,-6095,1997,random_seed_20260220
random_05575,random,,6909,7289,random_seed_20260220
random_05576,random,,-5098,-1850,random_seed_20260220
random_05577,random,,-8841,6787,random_seed_20260220
random_05578,random,,2397,-1284,random_seed_20260220
random_05579,random,,-927,2282,random_seed_20260220
random_05580,random,,-4782,6771,random_seed_20260220
random_05581,random,,8073,-1260,random_seed_20260220
random_05582,random,,6603,7771,random_seed_20260220
random_05583,random,,6415,8474,random_seed_20260220
random_05584,random,,-7232,-6234,random_seed_20260220
random_05585,random,,5364,-6817,random_seed_20260220
random_05586,random,,-9099,-9488,random_seed_20260220
random_05587,random,,-3507,1408,random_seed_20260220
random_05588,random,,-6280,-2970,random_seed_20260220
random_05589,random,,1164,-256,random_seed_20260220
random_05590,random,,-312,5195,random_seed_20260220
random_05591,random,,6556,2171,random_seed_20260220
random_05592,random,,4150,-2672,random_seed_20260220
random_05593,random,,-119,9026,random_seed_20260220
random_05594,random,,-8440,-9075,random_seed_20260220
random_05595,random,,7496,585,random_seed_20260220
random_05596,random,,-1653,-8300,random_seed_20260220
random_05597,random,,-966,-8411,random_seed_20260220
random_05598,random,,884,2011,random_seed_20260220
random_05599,random,,9216,5883,random_seed_20260220
random_05600,random,,-6644,-6303,random_seed_20260220
random_05601,random,,2522,1320,random_seed_20260220
random_05602,random,,769,3584,random_seed_20260220
random_05603,random,,-3424,-6513,random_seed_20260220
random_05604,random,,-9975,-307,random_seed_20260220
random_05605,random,,-8132,-4546,random_seed_20260220
random_05606,random,,-4280,5544,random_seed_20260220
random_05607,random,,4287,-9499,random_seed_20260220
random_05608,random,,-2652,-8295,random_seed_20260220
random_05609,random,,-327,-267,random_seed_20260220
random_05610,random,,-6863,-9848,random_seed_20260220
random_05611,random,,5731,2036,random_seed_20260220
random_05612,random,,-2971,-4439,random_seed_20260220
random_05613,random,,-4800,-9512,random_seed_20260220
random_05614,random,,-8342,3976,random_seed_20260220
random_05615,random,,5816,-7495,random_seed_20260220
random_05616,random,,-9220,-3017,random_seed_20260220
random_05617,random,,-8670,-6644,random_seed_20260220
random_05618,random,,-7319,-4427,random_seed_20260220
random_05619,random,,6982,-7410,random_seed_20260220
random_05620,random,,-5976,-8866,random_seed_20260220
random_05621,random,,5708,2363,random_seed_20260220
random_05622,random,,4695,-321,random_seed_20260220
random_05623,random,,9576,4624,random_seed_20260220
random_05624,random,,-5452,9902,random_seed_20260220
random_05625,random,,-9414,-5971,random_seed_20260220
random_05626,random,,3021,2387,random_seed_20260220
random_05627,random,,6339,615,random_seed_20260220
random_05628,random,,6988,-6562,random_seed_20260220
random_05629,random,,1893,5982,random_seed_20260220
random_05630,random,,4497,4744,random_seed_20260220
random_05631,random,,9373,-8,random_seed_20260220
random_05632,random,,5887,4240,random_seed_20260220
random_05633,random,,6589,-4431,random_seed_20260220
random_05634,random,,254,5475,random_seed_20260220
random_05635,random,,3251,9926,random_seed_20260220
random_05636,random,,-4726,-8363,random_seed_20260220
random_05637,random,,6770,-4116,random_seed_20260220
random_05638,random,,3090,-7212,random_seed_20260220
random_05639,random,,7742,5033,random_seed_20260220
random_05640,random,,-5040,2494,random_seed_20260220
random_05641,random,,209,-809,random_seed_20260220
random_05642,random,,-5357,-7345,random_seed_20260220
random_05643,random,,2269,8113,random_seed_20260220
random_05644,random,,-2895,-6183,random_seed_20260220
random_05645,random,,-7436,-5158,random_seed_20260220
random_05646,random,,8605,1595,random_seed_20260220
random_05647,random,,4836,-1745,random_seed_20260220
random_05648,random,,-3501,8808,random_seed_20260220
random_05649,random,,-9163,-5016,random_seed_20260220
random_05650,random,,9737,8444,random_seed_20260220
random_05651,random,,-2011,-8737,random_seed_20260220
random_05652,random,,-5152,-2327,random_seed_20260220
random_05653,random,,-849,-7003,random_seed_20260220
random_05654,random,,6819,1985,random_seed_20260220
random_05655,random,,-9908,5482,random_seed_20260220
random_05656,random,,-9486,-5785,random_seed_20260220
random_05657,random,,1798,-5939,random_seed_20260220
random_05658,random,,-3019,6558,random_seed_20260220
random_05659,random,,-5592,9386,random_seed_20260220
random_05660,random,,-6958,-8168,random_seed_20260220
random_05661,random,,-3466,3266,random_seed_20260220
random_05662,random,,7522,-7172,random_seed_20260220
random_05663,random,,-8553,-4473,random_seed_20260220
random_05664,random,,844,1729,random_seed_20260220
random_05665,random,,6365,7436,random_seed_20260220
random_05666,random,,8793,4378,random_seed_20260220
random_05667,random,,6044,1408,random_seed_20260220
random_05668,random,,-5651,3817,random_seed_20260220
random_05669,random,,-576,-1245,random_seed_20260220
random_05670,random,,-8420,408,random_seed_20260220
random_05671,random,,-6551,-4128,random_seed_20260220
random_05672,random,,-1707,-8534,random_seed_20260220
random_05673,random,,-229,-4175,random_seed_20260220
random_05674,random,,-3027,4233,random_seed_20260220
random_05675,random,,9518,-6561,random_seed_20260220
random_05676,random,,-8190,-1560,random_seed_20260220
random_05677,random,,-394,4048,random_seed_20260220
random_05678,random,,-7371,-181,random_seed_20260220
random_05679,random,,1665,9500,random_seed_20260220
random_05680,random,,-6753,4931,random_seed_20260220
random_05681,random,,4263,3754,random_seed_20260220
random_05682,random,,5356,-288,random_seed_20260220
random_05683,random,,8739,-2642,random_seed_20260220
random_05684,random,,-6398,-5148,random_seed_20260220
random_05685,random,,798,1421,random_seed_20260220
random_05686,random,,-7767,-5957,random_seed_20260220
random_05687,random,,8891,-902,random_seed_20260220
random_05688,random,,5876,1266,random_seed_20260220
random_05689,random,,-9231,6407,random_seed_20260220
random_05690,random,,-2254,4019,random_seed_20260220
random_05691,random,,4404,7094,random_seed_20260220
random_05692,random,,6028,7402,random_seed_20260220
random_05693,random,,504,-3241,random_seed_20260220
random_05694,random,,8938,4148,random_seed_20260220
random_05695,random,,-4169,-1820,random_seed_20260220
random_05696,random,,-4473,-5132,random_seed_20260220
random_05697,random,,-7093,643,random_seed_20260220
random_05698,random,,-7433,4442,random_seed_20260220
random_05699,random,,719,-6706,random_seed_20260220
random_05700,random,,1278,-6502,random_seed_20260220
random_05701,random,,-319,-9075,random_seed_20260220
random_05702,random,,-1048,8804,random_seed_20260220
random_05703,random,,-533,7171,random_seed_20260220
random_05704,random,,2619,-3670,random_seed_20260220
random_05705,random,,-2431,1190,random_seed_20260220
random_05706,random,,2184,-6200,random_seed_20260220
random_05707,random,,1805,-521,random_seed_20260220
random_05708,random,,-7373,4696,random_seed_20260220
random_05709,random,,6405,-7585,random_seed_20260220
random_05710,random,,-7824,7309,random_seed_20260220
random_05711,random,,-1410,-8293,random_seed_20260220
random_05712,random,,3892,-4990,random_seed_20260220
random_05713,random,,-3149,9567,random_seed_20260220
random_05714,random,,8322,-7749,random_seed_20260220
random_05715,random,,-7370,-4571,random_seed_20260220
random_05716,random,,2826,-9188,random_seed_20260220
random_05717,random,,6473,-6693,random_seed_20260220
random_05718,random,,4928,-1836,random_seed_20260220
random_05719,random,,4400,945,random_seed_20260220
random_05720,random,,-8854,5097,random_seed_20260220
random_05721,random,,-4195,-1709,random_seed_20260220
random_05722,random,,-5659,-5925,random_seed_20260220
random_05723,random,,-7261,7055,random_seed_20260220
random_05724,random,,7963,6868,random_seed_20260220
random_05725,random,,-3518,-3619,random_seed_20260220
random_05726,random,,-1182,6594,random_seed_20260220
random_05727,random,,-5031,-6368,random_seed_20260220
random_05728,random,,592,9881,random_seed_20260220
random_05729,random,,-358,-3032,random_seed_20260220
random_05730,random,,-8933,-5480,random_seed_20260220
random_05731,random,,5545,8115,random_seed_20260220
random_05732,random,,-8303,-6369,random_seed_20260220
random_05733,random,,-3909,-725,random_seed_20260220
random_05734,random,,1821,2530,random_seed_20260220
random_05735,random,,9997,116,random_seed_20260220
random_05736,random,,-516,449,random_seed_20260220
random_05737,random,,2257,-5092,random_seed_20260220
random_05738,random,,1315,-5581,random_seed_20260220
random_05739,random,,-8951,1761,random_seed_20260220
random_05740,random,,584,-5139,random_seed_20260220
random_05741,random,,5651,357,random_seed_20260220
random_05742,random,,8712,3420,random_seed_20260220
random_05743,random,,-1830,3123,random_seed_20260220
random_05744,random,,8432,-9050,random_seed_20260220
random_05745,random,,143,-1495,random_seed_20260220
random_05746,random,,-5532,6843,random_seed_20260220
random_05747,random,,-4364,4290,random_seed_20260220
random_05748,random,,7233,-7548,random_seed_20260220
random_05749,random,,3905,-7245,random_seed_20260220
random_05750,random,,-7276,5069,random_seed_20260220
random_05751,random,,674,-5336,random_seed_20260220
random_05752,random,,5056,-1565,random_seed_20260220
random_05753,random,,6991,3976,random_seed_20260220
random_05754,random,,8790,-6748,random_seed_20260220
random_05755,random,,9194,7146,random_seed_20260220
random_05756,random,,-627,2221,random_seed_20260220
random_05757,random,,1572,-2111,random_seed_20260220
random_05758,random,,3129,-6352,random_seed_20260220
random_05759,random,,-2219,3284,random_seed_20260220
random_05760,random,,2989,-591,random_seed_20260220
random_05761,random,,4299,7898,random_seed_20260220
random_05762,random,,-4279,1401,random_seed_20260220
random_05763,random,,-5308,-8168,random_seed_20260220
random_05764,random,,5324,2139,random_seed_20260220
random_05765,random,,-6454,-6996,random_seed_20260220
random_05766,random,,9865,1636,random_seed_20260220
random_05767,random,,8334,-1355,random_seed_20260220
random_05768,random,,-5648,1393,random_seed_20260220
random_05769,random,,-4950,5355,random_seed_20260220
random_05770,random,,5195,-7070,random_seed_20260220
random_05771,random,,-11,1571,random_seed_20260220
random_05772,random,,7197,1438,random_seed_20260220
random_05773,random,,925,556,random_seed_20260220
random_05774,random,,-7714,-7641,random_seed_20260220
random_05775,random,,-6643,3217,random_seed_20260220
random_05776,random,,-4461,997,random_seed_20260220
random_05777,random,,1769,-7072,random_seed_20260220
random_05778,random,,-8949,8421,random_seed_20260220
random_05779,random,,3060,-315,random_seed_20260220
random_05780,random,,1672,1777,random_seed_20260220
random_05781,random,,-8250,-3886,random_seed_20260220
random_05782,random,,-1481,6976,random_seed_20260220
random_05783,random,,3476,6118,random_seed_20260220
random_05784,random,,-9719,3550,random_seed_20260220
random_05785,random,,2789,-2345,random_seed_20260220
random_05786,random,,6034,-6530,random_seed_20260220
random_05787,random,,-7389,8730,random_seed_20260220
random_05788,random,,-1748,1508,random_seed_20260220
random_05789,random,,3999,722,random_seed_20260220
random_05790,random,,4838,-6275,random_seed_20260220
random_05791,random,,-998,330,random_seed_20260220
random_05792,random,,8607,270,random_seed_20260220
random_05793,random,,4793,-9627,random_seed_20260220
random_05794,random,,-7766,-2325,random_seed_20260220
random_05795,random,,-8901,8719,random_seed_20260220
random_05796,random,,7801,-455,random_seed_20260220
random_05797,random,,5287,2154,random_seed_20260220
random_05798,random,,3751,843,random_seed_20260220
random_05799,random,,9249,-6430,random_seed_20260220
random_05800,random,,-5702,-2628,random_seed_20260220
random_05801,random,,3782,-1324,random_seed_20260220
random_05802,random,,460,-7000,random_seed_20260220
random_05803,random,,8852,3187,random_seed_20260220
random_05804,random,,-4132,-6607,random_seed_20260220
random_05805,random,,-1829,1358,random_seed_20260220
random_05806,random,,-8926,826,random_seed_20260220
random_05807,random,,533,-5988,random_seed_20260220
random_05808,random,,3521,3196,random_seed_20260220
random_05809,random,,-8953,7628,random_seed_20260220
random_05810,random,,2645,3821,random_seed_20260220
random_05811,random,,-8423,802,random_seed_20260220
random_05812,random,,-6915,6533,random_seed_20260220
random_05813,random,,-6912,-1990,random_seed_20260220
random_05814,random,,-1859,-6138,random_seed_20260220
random_05815,random,,-4946,1721,random_seed_20260220
random_05816,random,,2880,2667,random_seed_20260220
random_05817,random,,-3020,5765,random_seed_20260220
random_05818,random,,-910,6485,random_seed_20260220
random_05819,random,,8941,-9411,random_seed_20260220
random_05820,random,,1872,-1554,random_seed_20260220
random_05821,random,,3187,9509,random_seed_20260220
random_05822,random,,7714,204,random_seed_20260220
random_05823,random,,4831,6699,random_seed_20260220
random_05824,random,,1851,8647,random_seed_20260220
random_05825,random,,3530,-2229,random_seed_20260220
random_05826,random,,5721,-8193,random_seed_20260220
random_05827,random,,3290,-5013,random_seed_20260220
random_05828,random,,-3279,-5222,random_seed_20260220
random_05829,random,,-6658,-3399,random_seed_20260220
random_05830,random,,2772,1444,random_seed_20260220
random_05831,random,,533,7124,random_seed_20260220
random_05832,random,,-2192,534,random_seed_20260220
random_05833,random,,-6733,-6830,random_seed_20260220
random_05834,random,,-6504,-6999,random_seed_20260220
random_05835,random,,7871,-750,random_seed_20260220
random_05836,random,,207,-5412,random_seed_20260220
random_05837,random,,9309,-2324,random_seed_20260220
random_05838,random,,3884,5899,random_seed_20260220
random_05839,random,,-4002,-6706,random_seed_20260220
random_05840,random,,8006,6475,random_seed_20260220
random_05841,random,,-8412,4073,random_seed_20260220
random_05842,random,,-80,-4710,random_seed_20260220
random_05843,random,,-7299,9262,random_seed_20260220
random_05844,random,,9358,2269,random_seed_20260220
random_05845,random,,-6332,1904,random_seed_20260220
random_05846,random,,9578,-7085,random_seed_20260220
random_05847,random,,4237,-6711,random_seed_20260220
random_05848,random,,4040,-1270,random_seed_20260220
random_05849,random,,-1257,-6383,random_seed_20260220
random_05850,random,,6404,8499,random_seed_20260220
random_05851,random,,5792,9191,random_seed_20260220
random_05852,random,,-5003,-7377,random_seed_20260220
random_05853,random,,3971,2181,random_seed_20260220
random_05854,random,,-2535,9148,random_seed_20260220
random_05855,random,,8064,-9552,random_seed_20260220
random_05856,random,,-8501,6819,random_seed_20260220
random_05857,random,,6691,-7626,random_seed_20260220
random_05858,random,,7748,-9068,random_seed_20260220
random_05859,random,,2695,7214,random_seed_20260220
random_05860,random,,-504,-7030,random_seed_20260220
random_05861,random,,-7863,2210,random_seed_20260220
random_05862,random,,-9127,-2138,random_seed_20260220
random_05863,random,,8947,-5224,random_seed_20260220
random_05864,random,,-6391,743,random_seed_20260220
random_05865,random,,-2653,6481,random_seed_20260220
random_05866,random,,8499,-6913,random_seed_20260220
random_05867,random,,7025,-9783,random_seed_20260220
random_05868,random,,4448,8989,random_seed_20260220
random_05869,random,,-9694,-1321,random_seed_20260220
random_05870,random,,-9783,6852,random_seed_20260220
random_05871,random,,-5159,2739,random_seed_20260220
random_05872,random,,8972,-571,random_seed_20260220
random_05873,random,,-8370,-4094,random_seed_20260220
random_05874,random,,-7462,-2549,random_seed_20260220
random_05875,random,,8381,7042,random_seed_20260220
random_05876,random,,2244,1218,random_seed_20260220
random_05877,random,,8943,-1802,random_seed_20260220
random_05878,random,,3971,-6800,random_seed_20260220
random_05879,random,,-8556,1052,random_seed_20260220
random_05880,random,,-5322,-5866,random_seed_20260220
random_05881,random,,-5010,2670,random_seed_20260220
random_05882,random,,-7575,5628,random_seed_20260220
random_05883,random,,8894,-997,random_seed_20260220
random_05884,random,,-6916,2365,random_seed_20260220
random_05885,random,,1663,-3716,random_seed_20260220
random_05886,random,,-1975,-774,random_seed_20260220
random_05887,random,,7296,948,random_seed_20260220
random_05888,random,,3347,1978,random_seed_20260220
random_05889,random,,3628,8126,random_seed_20260220
random_05890,random,,1845,-9323,random_seed_20260220
random_05891,random,,-7430,-2305,random_seed_20260220
random_05892,random,,-4758,8823,random_seed_20260220
random_05893,random,,2201,-5676,random_seed_20260220
random_05894,random,,1510,-5069,random_seed_20260220
random_05895,random,,6235,-1549,random_seed_20260220
random_05896,random,,-132,9922,random_seed_20260220
random_05897,random,,-6020,7559,random_seed_20260220
random_05898,random,,-4179,-8153,random_seed_20260220
random_05899,random,,-4020,-5655,random_seed_20260220
random_05900,random,,8948,84,random_seed_20260220
random_05901,random,,7575,-4692,random_seed_20260220
random_05902,random,,9843,8613,random_seed_20260220
random_05903,random,,-1631,6336,random_seed_20260220
random_05904,random,,-642,-8854,random_seed_20260220
random_05905,random,,3172,-2925,random_seed_20260220
random_05906,random,,-3432,-3228,random_seed_20260220
random_05907,random,,3534,5797,random_seed_20260220
random_05908,random,,-935,6295,random_seed_20260220
random_05909,random,,4429,6001,random_seed_20260220
random_05910,random,,-907,2958,random_seed_20260220
random_05911,random,,-1350,-9436,random_seed_20260220
random_05912,random,,-38,5948,random_seed_20260220
random_05913,random,,7820,-7601,random_seed_20260220
random_05914,random,,-15,-5789,random_seed_20260220
random_05915,random,,3854,-8185,random_seed_20260220
random_05916,random,,-6699,9637,random_seed_20260220
random_05917,random,,-9547,3772,random_seed_20260220
random_05918,random,,5290,-2326,random_seed_20260220
random_05919,random,,5170,-2838,random_seed_20260220
random_05920,random,,-9901,9361,random_seed_20260220
random_05921,random,,9487,-4044,random_seed_20260220
random_05922,random,,-9295,260,random_seed_20260220
random_05923,random,,9399,-5257,random_seed_20260220
random_05924,random,,-5127,-1413,random_seed_20260220
random_05925,random,,5720,-7779,random_seed_20260220
random_05926,random,,-4828,831,random_seed_20260220
random_05927,random,,-8680,-9368,random_seed_20260220
random_05928,random,,2716,-5245,random_seed_20260220
random_05929,random,,9277,460,random_seed_20260220
random_05930,random,,-584,1733,random_seed_20260220
random_05931,random,,81,-6124,random_seed_20260220
random_05932,random,,-9957,658,random_seed_20260220
random_05933,random,,3913,832,random_seed_20260220
random_05934,random,,2042,4712,random_seed_20260220
random_05935,random,,127,6571,random_seed_20260220
random_05936,random,,-1057,9911,random_seed_20260220
random_05937,random,,2025,9260,random_seed_20260220
random_05938,random,,908,3739,random_seed_20260220
random_05939,random,,4675,-2875,random_seed_20260220
random_05940,random,,-8862,43,random_seed_20260220
random_05941,random,,7593,4642,random_seed_20260220
random_05942,random,,1976,3741,random_seed_20260220
random_05943,random,,9588,-2594,random_seed_20260220
random_05944,random,,574,-7227,random_seed_20260220
random_05945,random,,4973,-4873,random_seed_20260220
random_05946,random,,9418,6808,random_seed_20260220
random_05947,random,,-3453,3658,random_seed_20260220
random_05948,random,,-9081,-5354,random_seed_20260220
random_05949,random,,-5138,-5829,random_seed_20260220
random_05950,random,,-9804,-5909,random_seed_20260220
random_05951,random,,6466,-4331,random_seed_20260220
random_05952,random,,-9062,7961,random_seed_20260220
random_05953,random,,-7240,3420,random_seed_20260220
random_05954,random,,-6419,-3483,random_seed_20260220
random_05955,random,,3663,-5427,random_seed_20260220
random_05956,random,,-6000,2619,random_seed_20260220
random_05957,random,,-1434,4530,random_seed_20260220
random_05958,random,,-7047,1109,random_seed_20260220
random_05959,random,,-673,-5933,random_seed_20260220
random_05960,random,,-2104,-5801,random_seed_20260220
random_05961,random,,9899,9020,random_seed_20260220
random_05962,random,,-476,9545,random_seed_20260220
random_05963,random,,-255,64,random_seed_20260220
random_05964,random,,2862,-8284,random_seed_20260220
random_05965,random,,-7797,-5720,random_seed_20260220
random_05966,random,,4228,-7450,random_seed_20260220
random_05967,random,,-1265,8173,random_seed_20260220
random_05968,random,,3608,6439,random_seed_20260220
random_05969,random,,-5575,-9845,random_seed_20260220
random_05970,random,,8545,2355,random_seed_20260220
random_05971,random,,-3295,4614,random_seed_20260220
random_05972,random,,6103,-3365,random_seed_20260220
random_05973,random,,3902,-5365,random_seed_20260220
random_05974,random,,431,3447,random_seed_20260220
random_05975,random,,71,6792,random_seed_20260220
random_05976,random,,119,7170,random_seed_20260220
random_05977,random,,-9309,-9251,random_seed_20260220
random_05978,random,,-1928,7387,random_seed_20260220
random_05979,random,,-5522,-797,random_seed_20260220
random_05980,random,,-6340,-6174,random_seed_20260220
random_05981,random,,-312,-8938,random_seed_20260220
random_05982,random,,507,-6035,random_seed_20260220
random_05983,random,,7372,-887,random_seed_20260220
random_05984,random,,-8584,-186,random_seed_20260220
random_05985,random,,3619,5248,random_seed_20260220
random_05986,random,,-3882,8302,random_seed_20260220
random_05987,random,,-8796,2691,random_seed_20260220
random_05988,random,,4556,3962,random_seed_20260220
random_05989,random,,-192,-5470,random_seed_20260220
random_05990,random,,-399,-766,random_seed_20260220
random_05991,random,,-2421,1854,random_seed_20260220
random_05992,random,,-116,-7100,random_seed_20260220
random_05993,random,,8652,-2534,random_seed_20260220
random_05994,random,,8797,-8949,random_seed_20260220
random_05995,random,,-6352,-1220,random_seed_20260220
random_05996,random,,-4354,4098,random_seed_20260220
random_05997,random,,-1006,-1026,random_seed_20260220
random_05998,random,,6161,-5102,random_seed_20260220
random_05999,random,,4326,-9868,random_seed_20260220
random_06000,random,,7069,-5543,random_seed_20260220
random_06001,random,,-8697,-651,random_seed_20260220
random_06002,random,,-432,-845,random_seed_20260220
random_06003,random,,-6477,5525,random_seed_20260220
random_06004,random,,-5154,8250,random_seed_20260220
random_06005,random,,9250,-8462,random_seed_20260220
random_06006,random,,-6617,-804,random_seed_20260220
random_06007,random,,-1404,-1247,random_seed_20260220
random_06008,random,,9772,-5138,random_seed_20260220
random_06009,random,,-5544,1744,random_seed_20260220
random_06010,random,,9278,1087,random_seed_20260220
random_06011,random,,-9188,-8713,random_seed_20260220
random_06012,random,,8304,7149,random_seed_20260220
random_06013,random,,3900,-2484,random_seed_20260220
random_06014,random,,-6379,-3048,random_seed_20260220
random_06015,random,,1161,1671,random_seed_20260220
random_06016,random,,1126,-4722,random_seed_20260220
random_06017,random,,8353,9848,random_seed_20260220
random_06018,random,,-2509,2920,random_seed_20260220
random_06019,random,,-9362,6969,random_seed_20260220
random_06020,random,,-5624,-1793,random_seed_20260220
random_06021,random,,-918,373,random_seed_20260220
random_06022,random,,-1262,4208,random_seed_20260220
random_06023,random,,-9401,-2706,random_seed_20260220
random_06024,random,,-6012,9018,random_seed_20260220
random_06025,random,,-83,-4420,random_seed_20260220
random_06026,random,,-5120,-7460,random_seed_20260220
random_06027,random,,1453,-8116,random_seed_20260220
random_06028,random,,-4134,-9570,random_seed_20260220
random_06029,random,,-2362,-7635,random_seed_20260220
random_06030,random,,1258,-1173,random_seed_20260220
random_06031,random,,-1131,-2348,random_seed_20260220
random_06032,random,,-3533,1727,random_seed_20260220
random_06033,random,,5287,8359,random_seed_20260220
random_06034,random,,1402,-2006,random_seed_20260220
random_06035,random,,2087,3818,random_seed_20260220
random_06036,random,,7171,-8930,random_seed_20260220
random_06037,random,,684,-3641,random_seed_20260220
random_06038,random,,4815,9691,random_seed_20260220
random_06039,random,,2887,182,random_seed_20260220
random_06040,random,,1153,9385,random_seed_20260220
random_06041,random,,697,2239,random_seed_20260220
random_06042,random,,-7739,4146,random_seed_20260220
random_06043,random,,6285,-5367,random_seed_20260220
random_06044,random,,-1322,2616,random_seed_20260220
random_06045,random,,8769,-4718,random_seed_20260220
random_06046,random,,-473,2572,random_seed_20260220
random_06047,random,,-1710,-4214,random_seed_20260220
random_06048,random,,3249,3067,random_seed_20260220
random_06049,random,,9734,-3940,random_seed_20260220
random_06050,random,,7710,-6089,random_seed_20260220
random_06051,random,,271,-2195,random_seed_20260220
random_06052,random,,-9408,-7848,random_seed_20260220
random_06053,random,,-9758,5429,random_seed_20260220
random_06054,random,,-5062,6817,random_seed_20260220
random_06055,random,,7713,6679,random_seed_20260220
random_06056,random,,4848,1527,random_seed_20260220
random_06057,random,,7973,998,random_seed_20260220
random_06058,random,,-8552,-1365,random_seed_20260220
random_06059,random,,-8610,3099,random_seed_20260220
random_06060,random,,5323,-2665,random_seed_20260220
random_06061,random,,1331,-172,random_seed_20260220
random_06062,random,,4662,3107,random_seed_20260220
random_06063,random,,-6576,-9872,random_seed_20260220
random_06064,random,,9035,9483,random_seed_20260220
random_06065,random,,8548,768,random_seed_20260220
random_06066,random,,-4942,-7651,random_seed_20260220
random_06067,random,,-7879,-9619,random_seed_20260220
random_06068,random,,2672,5658,random_seed_20260220
random_06069,random,,-4613,-6991,random_seed_20260220
random_06070,random,,-5058,9851,random_seed_20260220
random_06071,random,,-4892,8867,random_seed_20260220
random_06072,random,,-5088,4637,random_seed_20260220
random_06073,random,,-1037,-1123,random_seed_20260220
random_06074,random,,9712,-6124,random_seed_20260220
random_06075,random,,4209,-6539,random_seed_20260220
random_06076,random,,8992,4918,random_seed_20260220
random_06077,random,,2271,-3701,random_seed_20260220
random_06078,random,,-5946,-5362,random_seed_20260220
random_06079,random,,-8203,7565,random_seed_20260220
random_06080,random,,9319,-2339,random_seed_20260220
random_06081,random,,20,-8348,random_seed_20260220
random_06082,random,,1351,-6317,random_seed_20260220
random_06083,random,,-9245,6125,random_seed_20260220
random_06084,random,,9691,7516,random_seed_20260220
random_06085,random,,1376,-7155,random_seed_20260220
random_06086,random,,-3790,4204,random_seed_20260220
random_06087,random,,516,184,random_seed_20260220
random_06088,random,,4643,-3342,random_seed_20260220
random_06089,random,,55,-9859,random_seed_20260220
random_06090,random,,-1350,-214,random_seed_20260220
random_06091,random,,-8790,-2035,random_seed_20260220
random_06092,random,,-5012,8289,random_seed_20260220
random_06093,random,,-3851,4633,random_seed_20260220
random_06094,random,,6267,1007,random_seed_20260220
random_06095,random,,-2491,614,random_seed_20260220
random_06096,random,,6438,3109,random_seed_20260220
random_06097,random,,-6749,7089,random_seed_20260220
random_06098,random,,3614,-5169,random_seed_20260220
random_06099,random,,-3480,-8585,random_seed_20260220
random_06100,random,,-3254,-2826,random_seed_20260220
random_06101,random,,9388,2525,random_seed_20260220
random_06102,random,,9592,6588,random_seed_20260220
random_06103,random,,-111,-9730,random_seed_20260220
random_06104,random,,4495,-5284,random_seed_20260220
random_06105,random,,-5345,-554,random_seed_20260220
random_06106,random,,-4453,434,random_seed_20260220
random_06107,random,,-4908,7351,random_seed_20260220
random_06108,random,,8731,-7812,random_seed_20260220
random_06109,random,,-5764,-673,random_seed_20260220
random_06110,random,,1320,-486,random_seed_20260220
random_06111,random,,-1187,8606,random_seed_20260220
random_06112,random,,8580,-1614,random_seed_20260220
random_06113,random,,-641,1846,random_seed_20260220
random_06114,random,,-834,-2290,random_seed_20260220
random_06115,random,,-5634,-8952,random_seed_20260220
random_06116,random,,-8545,-2566,random_seed_20260220
random_06117,random,,7188,-4031,random_seed_20260220
random_06118,random,,-8544,6254,random_seed_20260220
random_06119,random,,-3871,7110,random_seed_20260220
random_06120,random,,8222,-4435,random_seed_20260220
random_06121,random,,-43,626,random_seed_20260220
random_06122,random,,428,9993,random_seed_20260220
random_06123,random,,4942,8071,random_seed_20260220
random_06124,random,,4829,-4492,random_seed_20260220
random_06125,random,,-9047,9542,random_seed_20260220
random_06126,random,,-4901,-2904,random_seed_20260220
random_06127,random,,9127,-7552,random_seed_20260220
random_06128,random,,6190,6682,random_seed_20260220
random_06129,random,,7285,2537,random_seed_20260220
random_06130,random,,7009,-3038,random_seed_20260220
random_06131,random,,-8610,-352,random_seed_20260220
random_06132,random,,-5369,8082,random_seed_20260220
random_06133,random,,-777,6475,random_seed_20260220
random_06134,random,,2640,-6757,random_seed_20260220
random_06135,random,,9716,9065,random_seed_20260220
random_06136,random,,-8520,926,random_seed_20260220
random_06137,random,,-9140,1011,random_seed_20260220
random_06138,random,,1059,-1941,random_seed_20260220
random_06139,random,,5728,-1112,random_seed_20260220
random_06140,random,,6326,6369,random_seed_20260220
random_06141,random,,-226,3546,random_seed_20260220
random_06142,random,,8515,-4309,random_seed_20260220
random_06143,random,,-6437,2445,random_seed_20260220
random_06144,random,,-3972,1754,random_seed_20260220
random_06145,random,,-8877,6127,random_seed_20260220
random_06146,random,,-3151,-6961,random_seed_20260220
random_06147,random,,8250,247,random_seed_20260220
random_06148,random,,-2986,6555,random_seed_20260220
random_06149,random,,-1853,9554,random_seed_20260220
random_06150,random,,9097,-7399,random_seed_20260220
random_06151,random,,-2653,-2619,random_seed_20260220
random_06152,random,,6997,-1257,random_seed_20260220
random_06153,random,,9038,-7424,random_seed_20260220
random_06154,random,,5080,5110,random_seed_20260220
random_06155,random,,4388,8103,random_seed_20260220
random_06156,random,,2972,-202,random_seed_20260220
random_06157,random,,-12,-2370,random_seed_20260220
random_06158,random,,-6000,-1259,random_seed_20260220
random_06159,random,,-8453,-2725,random_seed_20260220
random_06160,random,,6847,7144,random_seed_20260220
random_06161,random,,-2184,-4150,random_seed_20260220
random_06162,random,,591,-833,random_seed_20260220
random_06163,random,,-6770,699,random_seed_20260220
random_06164,random,,7225,-726,random_seed_20260220
random_06165,random,,1813,-1300,random_seed_20260220
random_06166,random,,-5767,-9912,random_seed_20260220
random_06167,random,,-2535,-8616,random_seed_20260220
random_06168,random,,3825,3359,random_seed_20260220
random_06169,random,,9213,6490,random_seed_20260220
random_06170,random,,-7457,4257,random_seed_20260220
random_06171,random,,4039,-2717,random_seed_20260220
random_06172,random,,4261,4758,random_seed_20260220
random_06173,random,,-3220,2003,random_seed_20260220
random_06174,random,,6805,-533,random_seed_20260220
random_06175,random,,-597,-9476,random_seed_20260220
random_06176,random,,-6316,-5401,random_seed_20260220
random_06177,random,,77,8849,random_seed_20260220
random_06178,random,,-9093,7827,random_seed_20260220
random_06179,random,,-8007,-974,random_seed_20260220
random_06180,random,,-1835,8623,random_seed_20260220
random_06181,random,,7149,8906,random_seed_20260220
random_06182,random,,-483,49,random_seed_20260220
random_06183,random,,7553,-4793,random_seed_20260220
random_06184,random,,-4888,-2649,random_seed_20260220
random_06185,random,,-3727,9918,random_seed_20260220
random_06186,random,,6678,-245,random_seed_20260220
random_06187,random,,5978,-991,random_seed_20260220
random_06188,random,,7989,-2063,random_seed_20260220
random_06189,random,,-5370,2424,random_seed_20260220
random_06190,random,,2371,7037,random_seed_20260220
random_06191,random,,-8576,2532,random_seed_20260220
random_06192,random,,-9537,-5127,random_seed_20260220
random_06193,random,,-4997,-9580,random_seed_20260220
random_06194,random,,4656,-6213,random_seed_20260220
random_06195,random,,-9509,601,random_seed_20260220
random_06196,random,,7338,2154,random_seed_20260220
random_06197,random,,4305,-4588,random_seed_20260220
random_06198,random,,6698,-7791,random_seed_20260220
random_06199,random,,1907,-692,random_seed_20260220
random_06200,random,,4514,-7646,random_seed_20260220
random_06201,random,,5509,-6506,random_seed_20260220
random_06202,random,,-29,3988,random_seed_20260220
random_06203,random,,-3775,-9726,random_seed_20260220
random_06204,random,,1470,-7500,random_seed_20260220
random_06205,random,,459,6251,random_seed_20260220
random_06206,random,,2813,-3273,random_seed_20260220
random_06207,random,,9763,-3812,random_seed_20260220
random_06208,random,,7457,-1467,random_seed_20260220
random_06209,random,,-1644,-8662,random_seed_20260220
random_06210,random,,-8123,-8596,random_seed_20260220
random_06211,random,,7126,512,random_seed_20260220
random_06212,random,,6376,5118,random_seed_20260220
random_06213,random,,9559,-8305,random_seed_20260220
random_06214,random,,-7691,3265,random_seed_20260220
random_06215,random,,-8054,-3855,random_seed_20260220
random_06216,random,,-4309,-9112,random_seed_20260220
random_06217,random,,3708,8414,random_seed_20260220
random_06218,random,,2166,-2909,random_seed_20260220
random_06219,random,,7051,-3078,random_seed_20260220
random_06220,random,,-3948,1305,random_seed_20260220
random_06221,random,,3999,9390,random_seed_20260220
random_06222,random,,193,-721,random_seed_20260220
random_06223,random,,718,3282,random_seed_20260220
random_06224,random,,2622,-8860,random_seed_20260220
random_06225,random,,7582,1375,random_seed_20260220
random_06226,random,,-8477,3279,random_seed_20260220
random_06227,random,,-9701,-275,random_seed_20260220
random_06228,random,,-3333,-3257,random_seed_20260220
random_06229,random,,-135,6443,random_seed_20260220
random_06230,random,,-4958,-1233,random_seed_20260220
random_06231,random,,9175,702,random_seed_20260220
random_06232,random,,-3863,-7888,random_seed_20260220
random_06233,random,,-4683,-7230,random_seed_20260220
random_06234,random,,-3535,3882,random_seed_20260220
random_06235,random,,-1678,-7886,random_seed_20260220
random_06236,random,,6160,-1836,random_seed_20260220
random_06237,random,,-2406,-2915,random_seed_20260220
random_06238,random,,-9721,-2765,random_seed_20260220
random_06239,random,,6012,1120,random_seed_20260220
random_06240,random,,-3722,8876,random_seed_20260220
random_06241,random,,2737,-5260,random_seed_20260220
random_06242,random,,2091,-7442,random_seed_20260220
random_06243,random,,-8265,223,random_seed_20260220
random_06244,random,,9407,1186,random_seed_20260220
random_06245,random,,-5023,3714,random_seed_20260220
random_06246,random,,7540,9436,random_seed_20260220
random_06247,random,,-622,-1732,random_seed_20260220
random_06248,random,,-2787,4634,random_seed_20260220
random_06249,random,,2052,9716,random_seed_20260220
random_06250,random,,-6205,8987,random_seed_20260220
random_06251,random,,-5576,4032,random_seed_20260220
random_06252,random,,-8119,7593,random_seed_20260220
random_06253,random,,-5545,4009,random_seed_20260220
random_06254,random,,6015,-5662,random_seed_20260220
random_06255,random,,-4247,-9434,random_seed_20260220
random_06256,random,,594,-6772,random_seed_20260220
random_06257,random,,1690,-5715,random_seed_20260220
random_06258,random,,2978,2309,random_seed_20260220
random_06259,random,,-3550,-4220,random_seed_20260220
random_06260,random,,-7501,-5923,random_seed_20260220
random_06261,random,,-3273,2321,random_seed_20260220
random_06262,random,,-6989,-1447,random_seed_20260220
random_06263,random,,-5519,-2476,random_seed_20260220
random_06264,random,,1222,-2995,random_seed_20260220
random_06265,random,,-3995,-6569,random_seed_20260220
random_06266,random,,-6612,-48,random_seed_20260220
random_06267,random,,-9693,2510,random_seed_20260220
random_06268,random,,1756,8755,random_seed_20260220
random_06269,random,,-5489,-5871,random_seed_20260220
random_06270,random,,3888,-8745,random_seed_20260220
random_06271,random,,4296,-9667,random_seed_20260220
random_06272,random,,-8819,677,random_seed_20260220
random_06273,random,,-887,166,random_seed_20260220
random_06274,random,,-619,-3563,random_seed_20260220
random_06275,random,,3903,6047,random_seed_20260220
random_06276,random,,2887,3197,random_seed_20260220
random_06277,random,,-510,-6420,random_seed_20260220
random_06278,random,,5938,4016,random_seed_20260220
random_06279,random,,-7376,6590,random_seed_20260220
random_06280,random,,2694,3893,random_seed_20260220
random_06281,random,,8270,-6994,random_seed_20260220
random_06282,random,,408,-4882,random_seed_20260220
random_06283,random,,-5130,9671,random_seed_20260220
random_06284,random,,-6209,9784,random_seed_20260220
random_06285,random,,-2370,8000,random_seed_20260220
random_06286,random,,7537,-9664,random_seed_20260220
random_06287,random,,-5021,-1967,random_seed_20260220
random_06288,random,,-5468,3288,random_seed_20260220
random_06289,random,,7269,1781,random_seed_20260220
random_06290,random,,-8632,4597,random_seed_20260220
random_06291,random,,5107,847,random_seed_20260220
random_06292,random,,-7287,8874,random_seed_20260220
random_06293,random,,-2808,8028,random_seed_20260220
random_06294,random,,5895,-1293,random_seed_20260220
random_06295,random,,4327,-8799,random_seed_20260220
random_06296,random,,8588,-5965,random_seed_20260220
random_06297,random,,9560,1616,random_seed_20260220
random_06298,random,,7489,-4842,random_seed_20260220
random_06299,random,,-6771,-568,random_seed_20260220
random_06300,random,,-205,-8443,random_seed_20260220
random_06301,random,,3497,3939,random_seed_20260220
random_06302,random,,-9745,6164,random_seed_20260220
random_06303,random,,3426,256,random_seed_20260220
random_06304,random,,7650,9826,random_seed_20260220
random_06305,random,,-7784,-2747,random_seed_20260220
random_06306,random,,-7633,4003,random_seed_20260220
random_06307,random,,-6998,2040,random_seed_20260220
random_06308,random,,-6960,-3097,random_seed_20260220
random_06309,random,,-3768,-5017,random_seed_20260220
random_06310,random,,6044,-1120,random_seed_20260220
random_06311,random,,-7850,9217,random_seed_20260220
random_06312,random,,4224,-7784,random_seed_20260220
random_06313,random,,2609,-9775,random_seed_20260220
random_06314,random,,467,2806,random_seed_20260220
random_06315,random,,-1604,-9144,random_seed_20260220
random_06316,random,,-5179,-5078,random_seed_20260220
random_06317,random,,-7304,-3740,random_seed_20260220
random_06318,random,,1752,-9308,random_seed_20260220
random_06319,random,,686,6077,random_seed_20260220
random_06320,random,,-8732,9922,random_seed_20260220
random_06321,random,,-6474,-327,random_seed_20260220
random_06322,random,,8777,-667,random_seed_20260220
random_06323,random,,-498,-9490,random_seed_20260220
random_06324,random,,1173,-81,random_seed_20260220
random_06325,random,,9809,4921,random_seed_20260220
random_06326,random,,-6071,8677,random_seed_20260220
random_06327,random,,-1171,-7602,random_seed_20260220
random_06328,random,,-3692,-2170,random_seed_20260220
random_06329,random,,-9918,-3865,random_seed_20260220
random_06330,random,,-7304,8937,random_seed_20260220
random_06331,random,,-7081,3684,random_seed_20260220
random_06332,random,,5764,-3622,random_seed_20260220
random_06333,random,,-6422,6166,random_seed_20260220
random_06334,random,,-4098,-5713,random_seed_20260220
random_06335,random,,-5838,4616,random_seed_20260220
random_06336,random,,-865,-8859,random_seed_20260220
random_06337,random,,2515,-5860,random_seed_20260220
random_06338,random,,4696,-7669,random_seed_20260220
random_06339,random,,2568,-2612,random_seed_20260220
random_06340,random,,-6926,1062,random_seed_20260220
random_06341,random,,9399,9885,random_seed_20260220
random_06342,random,,3524,-5945,random_seed_20260220
random_06343,random,,-610,9073,random_seed_20260220
random_06344,random,,-8267,6882,random_seed_20260220
random_06345,random,,1632,-1727,random_seed_20260220
random_06346,random,,-980,3732,random_seed_20260220
random_06347,random,,4140,6635,random_seed_20260220
random_06348,random,,9624,-6990,random_seed_20260220
random_06349,random,,1997,5229,random_seed_20260220
random_06350,random,,4153,-7613,random_seed_20260220
random_06351,random,,-3110,8920,random_seed_20260220
random_06352,random,,6719,9924,random_seed_20260220
random_06353,random,,-6854,9693,random_seed_20260220
random_06354,random,,7572,9633,random_seed_20260220
random_06355,random,,-2321,-9603,random_seed_20260220
random_06356,random,,-4087,7985,random_seed_20260220
random_06357,random,,1757,-23,random_seed_20260220
random_06358,random,,3437,2129,random_seed_20260220
random_06359,random,,1291,-4889,random_seed_20260220
random_06360,random,,3649,3141,random_seed_20260220
random_06361,random,,9825,807,random_seed_20260220
random_06362,random,,-8681,-8273,random_seed_20260220
random_06363,random,,5924,-2546,random_seed_20260220
random_06364,random,,-2809,5421,random_seed_20260220
random_06365,random,,922,-5334,random_seed_20260220
random_06366,random,,8889,-484,random_seed_20260220
random_06367,random,,4842,-7182,random_seed_20260220
random_06368,random,,9359,-4975,random_seed_20260220
random_06369,random,,431,-2459,random_seed_20260220
random_06370,random,,1534,-1046,random_seed_20260220
random_06371,random,,-2818,2162,random_seed_20260220
random_06372,random,,4397,-5278,random_seed_20260220
random_06373,random,,-5637,2030,random_seed_20260220
random_06374,random,,-4824,-8510,random_seed_20260220
random_06375,random,,4541,2116,random_seed_20260220
random_06376,random,,-7344,1003,random_seed_20260220
random_06377,random,,-5932,-865,random_seed_20260220
random_06378,random,,8838,9227,random_seed_20260220
random_06379,random,,9573,-6942,random_seed_20260220
random_06380,random,,5167,7509,random_seed_20260220
random_06381,random,,-3482,5083,random_seed_20260220
random_06382,random,,-5788,-4384,random_seed_20260220
random_06383,random,,1217,2936,random_seed_20260220
random_06384,random,,-4789,4071,random_seed_20260220
random_06385,random,,4769,-5134,random_seed_20260220
random_06386,random,,5647,7723,random_seed_20260220
random_06387,random,,-8201,-570,random_seed_20260220
random_06388,random,,7145,3572,random_seed_20260220
random_06389,random,,7933,8614,random_seed_20260220
random_06390,random,,-8567,9437,random_seed_20260220
random_06391,random,,-8978,7797,random_seed_20260220
random_06392,random,,-5970,2601,random_seed_20260220
random_06393,random,,2930,6608,random_seed_20260220
random_06394,random,,-4618,2340,random_seed_20260220
random_06395,random,,-8457,1716,random_seed_20260220
random_06396,random,,5547,8596,random_seed_20260220
random_06397,random,,-9384,-9941,random_seed_20260220
random_06398,random,,0,-1542,random_seed_20260220
random_06399,random,,771,3124,random_seed_20260220
random_06400,random,,4490,219,random_seed_20260220
random_06401,random,,-1156,9133,random_seed_20260220
random_06402,random,,3559,3997,random_seed_20260220
random_06403,random,,-8084,7931,random_seed_20260220
random_06404,random,,4663,-9787,random_seed_20260220
random_06405,random,,9883,-5584,random_seed_20260220
random_06406,random,,280,-4398,random_seed_20260220
random_06407,random,,-5628,8305,random_seed_20260220
random_06408,random,,1453,-3866,random_seed_20260220
random_06409,random,,-4205,-2830,random_seed_20260220
random_06410,random,,2176,3087,random_seed_20260220
random_06411,random,,4741,-9695,random_seed_20260220
random_06412,random,,-8317,-44,random_seed_20260220
random_06413,random,,-2935,2797,random_seed_20260220
random_06414,random,,6931,-957,random_seed_20260220
random_06415,random,,-1918,-8183,random_seed_20260220
random_06416,random,,-9194,7115,random_seed_20260220
random_06417,random,,-6348,-5526,random_seed_20260220
random_06418,random,,-9953,-7739,random_seed_20260220
random_06419,random,,-6833,3354,random_seed_20260220
random_06420,random,,2353,-7865,random_seed_20260220
random_06421,random,,1632,-6631,random_seed_20260220
random_06422,random,,-3286,7793,random_seed_20260220
random_06423,random,,4097,-4434,random_seed_20260220
random_06424,random,,-3928,-4360,random_seed_20260220
random_06425,random,,-4905,-7832,random_seed_20260220
random_06426,random,,-3205,2496,random_seed_20260220
random_06427,random,,-2980,8055,random_seed_20260220
random_06428,random,,-132,-6330,random_seed_20260220
random_06429,random,,-1746,-7574,random_seed_20260220
random_06430,random,,-8882,-8819,random_seed_20260220
random_06431,random,,5279,8371,random_seed_20260220
random_06432,random,,-2857,-3564,random_seed_20260220
random_06433,random,,-3935,1606,random_seed_20260220
random_06434,random,,5965,6524,random_seed_20260220
random_06435,random,,-8427,-8943,random_seed_20260220
random_06436,random,,5380,-4789,random_seed_20260220
random_06437,random,,8783,398,random_seed_20260220
random_06438,random,,3930,8018,random_seed_20260220
random_06439,random,,-8915,4696,random_seed_20260220
random_06440,random,,-6006,6804,random_seed_20260220
random_06441,random,,3977,3353,random_seed_20260220
random_06442,random,,9853,7333,random_seed_20260220
random_06443,random,,-7061,2947,random_seed_20260220
random_06444,random,,-5502,9550,random_seed_20260220
random_06445,random,,-427,-6778,random_seed_20260220
random_06446,random,,-423,8923,random_seed_20260220
random_06447,random,,303,6493,random_seed_20260220
random_06448,random,,-4376,-8052,random_seed_20260220
random_06449,random,,-7547,4365,random_seed_20260220
random_06450,random,,3293,-2690,random_seed_20260220
random_06451,random,,8146,-6610,random_seed_20260220
random_06452,random,,-3576,-490,random_seed_20260220
random_06453,random,,-8049,-1227,random_seed_20260220
random_06454,random,,-4045,5484,random_seed_20260220
random_06455,random,,3774,444,random_seed_20260220
random_06456,random,,-4935,-6671,random_seed_20260220
random_06457,random,,-9716,2537,random_seed_20260220
random_06458,random,,-3874,1695,random_seed_20260220
random_06459,random,,9593,-453,random_seed_20260220
random_06460,random,,8384,-2041,random_seed_20260220
random_06461,random,,3313,-8957,random_seed_20260220
random_06462,random,,-2075,3827,random_seed_20260220
random_06463,random,,-1449,-4756,random_seed_20260220
random_06464,random,,-3564,5591,random_seed_20260220
random_06465,random,,1008,4667,random_seed_20260220
random_06466,random,,-115,-8049,random_seed_20260220
random_06467,random,,-7482,-9569,random_seed_20260220
random_06468,random,,-2238,6879,random_seed_20260220
random_06469,random,,-2251,-1615,random_seed_20260220
random_06470,random,,2193,8012,random_seed_20260220
random_06471,random,,-9262,-366,random_seed_20260220
random_06472,random,,-8590,6365,random_seed_20260220
random_06473,random,,2541,5268,random_seed_20260220
random_06474,random,,-5248,-5239,random_seed_20260220
random_06475,random,,-6421,-9103,random_seed_20260220
random_06476,random,,8772,-6589,random_seed_20260220
random_06477,random,,-896,4727,random_seed_20260220
random_06478,random,,7132,6600,random_seed_20260220
random_06479,random,,8502,-4394,random_seed_20260220
random_06480,random,,-5146,-7956,random_seed_20260220
random_06481,random,,-1067,8691,random_seed_20260220
random_06482,random,,-4565,9474,random_seed_20260220
random_06483,random,,876,-3051,random_seed_20260220
random_06484,random,,1557,-6745,random_seed_20260220
random_06485,random,,-3942,7019,random_seed_20260220
random_06486,random,,-8606,6076,random_seed_20260220
random_06487,random,,-4083,3054,random_seed_20260220
random_06488,random,,2859,-3825,random_seed_20260220
random_06489,random,,4283,1098,random_seed_20260220
random_06490,random,,4541,-7949,random_seed_20260220
random_06491,random,,9670,-369,random_seed_20260220
random_06492,random,,-7117,-2893,random_seed_20260220
random_06493,random,,-2791,-2461,random_seed_20260220
random_06494,random,,1698,-2430,random_seed_20260220
random_06495,random,,-6551,-7706,random_seed_20260220
random_06496,random,,8112,-2791,random_seed_20260220
random_06497,random,,996,-8202,random_seed_20260220
random_06498,random,,-9967,7231,random_seed_20260220
random_06499,random,,-4364,807,random_seed_20260220
random_06500,random,,4258,5212,random_seed_20260220
random_06501,random,,-3594,1069,random_seed_20260220
random_06502,random,,-7810,-5817,random_seed_20260220
random_06503,random,,4534,-442,random_seed_20260220
random_06504,random,,792,-3802,random_seed_20260220
random_06505,random,,5601,-9173,random_seed_20260220
random_06506,random,,-220,9825,random_seed_20260220
random_06507,random,,4927,2324,random_seed_20260220
random_06508,random,,-620,-2793,random_seed_20260220
random_06509,random,,6206,6270,random_seed_20260220
random_06510,random,,4703,-7472,random_seed_20260220
random_06511,random,,2060,9968,random_seed_20260220
random_06512,random,,-2815,-1912,random_seed_20260220
random_06513,random,,-8203,3070,random_seed_20260220
random_06514,random,,9361,5495,random_seed_20260220
random_06515,random,,7029,4447,random_seed_20260220
random_06516,random,,-6606,-4202,random_seed_20260220
random_06517,random,,-1529,7910,random_seed_20260220
random_06518,random,,-3099,3307,random_seed_20260220
random_06519,random,,-5873,-4521,random_seed_20260220
random_06520,random,,-9470,4937,random_seed_20260220
random_06521,random,,8982,-4964,random_seed_20260220
random_06522,random,,-7391,-228,random_seed_20260220
random_06523,random,,-1139,-3951,random_seed_20260220
random_06524,random,,-8194,3500,random_seed_20260220
random_06525,random,,-7924,2823,random_seed_20260220
random_06526,random,,-4489,-3202,random_seed_20260220
random_06527,random,,2693,-9048,random_seed_20260220
random_06528,random,,6759,-4265,random_seed_20260220
random_06529,random,,6098,6898,random_seed_20260220
random_06530,random,,6370,5888,random_seed_20260220
random_06531,random,,-518,-7146,random_seed_20260220
random_06532,random,,-2364,3247,random_seed_20260220
random_06533,random,,-8370,1421,random_seed_20260220
random_06534,random,,3596,-8941,random_seed_20260220
random_06535,random,,-4898,-9618,random_seed_20260220
random_06536,random,,-1945,-7540,random_seed_20260220
random_06537,random,,7828,-2017,random_seed_20260220
random_06538,random,,-6023,5417,random_seed_20260220
random_06539,random,,-7994,9549,random_seed_20260220
random_06540,random,,-4391,1135,random_seed_20260220
random_06541,random,,-6124,9661,random_seed_20260220
random_06542,random,,-2793,6124,random_seed_20260220
random_06543,random,,-5714,8598,random_seed_20260220
random_06544,random,,-9278,2138,random_seed_20260220
random_06545,random,,-1751,5640,random_seed_20260220
random_06546,random,,-552,5874,random_seed_20260220
random_06547,random,,-3896,-8849,random_seed_20260220
random_06548,random,,1955,181,random_seed_20260220
random_06549,random,,-1337,4555,random_seed_20260220
random_06550,random,,8547,5738,random_seed_20260220
random_06551,random,,-8154,-7324,random_seed_20260220
random_06552,random,,-7911,-6187,random_seed_20260220
random_06553,random,,-1325,4022,random_seed_20260220
random_06554,random,,-8648,-3645,random_seed_20260220
random_06555,random,,-6589,8581,random_seed_20260220
random_06556,random,,1004,110,random_seed_20260220
random_06557,random,,8234,4938,random_seed_20260220
random_06558,random,,7171,-2255,random_seed_20260220
random_06559,random,,6360,9821,random_seed_20260220
random_06560,random,,5428,-7838,random_seed_20260220
random_06561,random,,-7071,4440,random_seed_20260220
random_06562,random,,-6627,7074,random_seed_20260220
random_06563,random,,-9137,-5137,random_seed_20260220
random_06564,random,,-6417,-2638,random_seed_20260220
random_06565,random,,9790,-8557,random_seed_20260220
random_06566,random,,831,2343,random_seed_20260220
random_06567,random,,3480,-3179,random_seed_20260220
random_06568,random,,328,-5925,random_seed_20260220
random_06569,random,,3169,-7208,random_seed_20260220
random_06570,random,,-6037,2873,random_seed_20260220
random_06571,random,,-1977,6625,random_seed_20260220
random_06572,random,,-9317,9313,random_seed_20260220
random_06573,random,,-3856,-3639,random_seed_20260220
random_06574,random,,-2268,-3943,random_seed_20260220
random_06575,random,,-2783,2464,random_seed_20260220
random_06576,random,,5510,-2515,random_seed_20260220
random_06577,random,,-8109,3913,random_seed_20260220
random_06578,random,,7763,-8425,random_seed_20260220
random_06579,random,,1731,6329,random_seed_20260220
random_06580,random,,3577,-3034,random_seed_20260220
random_06581,random,,4640,-8454,random_seed_20260220
random_06582,random,,-479,-9697,random_seed_20260220
random_06583,random,,1468,8054,random_seed_20260220
random_06584,random,,-8487,81,random_seed_20260220
random_06585,random,,-1744,6456,random_seed_20260220
random_06586,random,,-8115,-1336,random_seed_20260220
random_06587,random,,8984,4312,random_seed_20260220
random_06588,random,,4788,-8625,random_seed_20260220
random_06589,random,,-6599,-3734,random_seed_20260220
random_06590,random,,-7462,4327,random_seed_20260220
random_06591,random,,-7275,-8578,random_seed_20260220
random_06592,random,,2686,-1765,random_seed_20260220
random_06593,random,,2029,-7456,random_seed_20260220
random_06594,random,,-8273,-6909,random_seed_20260220
random_06595,random,,-4948,6645,random_seed_20260220
random_06596,random,,353,-2321,random_seed_20260220
random_06597,random,,-9329,1816,random_seed_20260220
random_06598,random,,-9338,5058,random_seed_20260220
random_06599,random,,1986,-9457,random_seed_20260220
random_06600,random,,-4888,-6560,random_seed_20260220
random_06601,random,,-7951,3262,random_seed_20260220
random_06602,random,,9871,4092,random_seed_20260220
random_06603,random,,151,-2737,random_seed_20260220
random_06604,random,,9150,1861,random_seed_20260220
random_06605,random,,8393,-9850,random_seed_20260220
random_06606,random,,-3152,6744,random_seed_20260220
random_06607,random,,-7223,-6075,random_seed_20260220
random_06608,random,,4332,-7567,random_seed_20260220
random_06609,random,,-6428,-6896,random_seed_20260220
random_06610,random,,-2409,-167,random_seed_20260220
random_06611,random,,8457,905,random_seed_20260220
random_06612,random,,2225,1682,random_seed_20260220
random_06613,random,,3968,3093,random_seed_20260220
random_06614,random,,-4526,-3200,random_seed_20260220
random_06615,random,,2537,4982,random_seed_20260220
random_06616,random,,4498,8469,random_seed_20260220
random_06617,random,,3082,-6471,random_seed_20260220
random_06618,random,,8990,3902,random_seed_20260220
random_06619,random,,-7722,362,random_seed_20260220
random_06620,random,,-161,-3875,random_seed_20260220
random_06621,random,,-5039,-3175,random_seed_20260220
random_06622,random,,-7438,-7796,random_seed_20260220
random_06623,random,,-1353,812,random_seed_20260220
random_06624,random,,9163,-8557,random_seed_20260220
random_06625,random,,-6357,-6672,random_seed_20260220
random_06626,random,,3591,4568,random_seed_20260220
random_06627,random,,6892,2805,random_seed_20260220
random_06628,random,,3828,1321,random_seed_20260220
random_06629,random,,600,-277,random_seed_20260220
random_06630,random,,-4404,-1257,random_seed_20260220
random_06631,random,,3611,-125,random_seed_20260220
random_06632,random,,354,-9612,random_seed_20260220
random_06633,random,,9832,335,random_seed_20260220
random_06634,random,,-936,-4432,random_seed_20260220
random_06635,random,,4326,1448,random_seed_20260220
random_06636,random,,1094,9425,random_seed_20260220
random_06637,random,,-3148,-2046,random_seed_20260220
random_06638,random,,3880,-2184,random_seed_20260220
random_06639,random,,8748,-3656,random_seed_20260220
random_06640,random,,-385,5832,random_seed_20260220
random_06641,random,,9529,2057,random_seed_20260220
random_06642,random,,-8171,9349,random_seed_20260220
random_06643,random,,1816,-2628,random_seed_20260220
random_06644,random,,-7935,-9634,random_seed_20260220
random_06645,random,,-4971,4935,random_seed_20260220
random_06646,random,,-5942,2109,random_seed_20260220
random_06647,random,,-5821,-8044,random_seed_20260220
random_06648,random,,-803,1457,random_seed_20260220
random_06649,random,,3793,-2906,random_seed_20260220
random_06650,random,,-531,6309,random_seed_20260220
random_06651,random,,-3171,-1742,random_seed_20260220
random_06652,random,,6090,-9809,random_seed_20260220
random_06653,random,,9274,-3079,random_seed_20260220
random_06654,random,,-5081,-2010,random_seed_20260220
random_06655,random,,4213,9414,random_seed_20260220
random_06656,random,,9895,7289,random_seed_20260220
random_06657,random,,1759,3030,random_seed_20260220
random_06658,random,,1239,-4880,random_seed_20260220
random_06659,random,,1286,8958,random_seed_20260220
random_06660,random,,-7093,5088,random_seed_20260220
random_06661,random,,8064,-2106,random_seed_20260220
random_06662,random,,5159,-7858,random_seed_20260220
random_06663,random,,1357,-2961,random_seed_20260220
random_06664,random,,-1851,3614,random_seed_20260220
random_06665,random,,-224,-741,random_seed_20260220
random_06666,random,,3813,9575,random_seed_20260220
random_06667,random,,-551,5429,random_seed_20260220
random_06668,random,,252,-2918,random_seed_20260220
random_06669,random,,-6050,-710,random_seed_20260220
random_06670,random,,-2427,6064,random_seed_20260220
random_06671,random,,-115,83,random_seed_20260220
random_06672,random,,-8888,-334,random_seed_20260220
random_06673,random,,-974,-3700,random_seed_20260220
random_06674,random,,4757,-6941,random_seed_20260220
random_06675,random,,8521,5507,random_seed_20260220
random_06676,random,,9060,2414,random_seed_20260220
random_06677,random,,-1274,-1782,random_seed_20260220
random_06678,random,,-3878,1756,random_seed_20260220
random_06679,random,,-8142,1805,random_seed_20260220
random_06680,random,,3476,-3422,random_seed_20260220
random_06681,random,,9470,-4980,random_seed_20260220
random_06682,random,,1157,-7157,random_seed_20260220
random_06683,random,,-5545,9952,random_seed_20260220
random_06684,random,,4038,-1838,random_seed_20260220
random_06685,random,,-8999,-640,random_seed_20260220
random_06686,random,,-3651,-715,random_seed_20260220
random_06687,random,,-3777,-231,random_seed_20260220
random_06688,random,,-9395,-3334,random_seed_20260220
random_06689,random,,4293,-8072,random_seed_20260220
random_06690,random,,7850,-9939,random_seed_20260220
random_06691,random,,565,9166,random_seed_20260220
random_06692,random,,-473,-5338,random_seed_20260220
random_06693,random,,-1093,-4445,random_seed_20260220
random_06694,random,,-6531,9233,random_seed_20260220
random_06695,random,,-1496,-6477,random_seed_20260220
random_06696,random,,1476,7587,random_seed_20260220
random_06697,random,,-7106,-843,random_seed_20260220
random_06698,random,,8731,-5465,random_seed_20260220
random_06699,random,,-5511,-1956,random_seed_20260220
random_06700,random,,587,9348,random_seed_20260220
random_06701,random,,2037,8266,random_seed_20260220
random_06702,random,,-3568,9428,random_seed_20260220
random_06703,random,,-6725,-3784,random_seed_20260220
random_06704,random,,-7793,940,random_seed_20260220
random_06705,random,,9733,1908,random_seed_20260220
random_06706,random,,1459,-2709,random_seed_20260220
random_06707,random,,-3414,-1406,random_seed_20260220
random_06708,random,,-4127,8256,random_seed_20260220
random_06709,random,,-8265,4573,random_seed_20260220
random_06710,random,,172,-66,random_seed_20260220
random_06711,random,,5096,7270,random_seed_20260220
random_06712,random,,5514,-3942,random_seed_20260220
random_06713,random,,-8933,-7576,random_seed_20260220
random_06714,random,,-9369,-9760,random_seed_20260220
random_06715,random,,319,4613,random_seed_20260220
random_06716,random,,1973,7339,random_seed_20260220
random_06717,random,,-7712,-6459,random_seed_20260220
random_06718,random,,-5484,-4029,random_seed_20260220
random_06719,random,,7011,-8379,random_seed_20260220
random_06720,random,,-109,4146,random_seed_20260220
random_06721,random,,9929,-5779,random_seed_20260220
random_06722,random,,-553,7739,random_seed_20260220
random_06723,random,,7733,-8542,random_seed_20260220
random_06724,random,,-1624,-5509,random_seed_20260220
random_06725,random,,-7593,-4701,random_seed_20260220
random_06726,random,,-3785,4751,random_seed_20260220
random_06727,random,,6514,-8618,random_seed_20260220
random_06728,random,,-9053,9746,random_seed_20260220
random_06729,random,,-7713,-3832,random_seed_20260220
random_06730,random,,5993,2836,random_seed_20260220
random_06731,random,,-2234,-5447,random_seed_20260220
random_06732,random,,-457,-5443,random_seed_20260220
random_06733,random,,-6207,-578,random_seed_20260220
random_06734,random,,4379,6403,random_seed_20260220
random_06735,random,,-968,6009,random_seed_20260220
random_06736,random,,-7354,-6185,random_seed_20260220
random_06737,random,,2114,-3425,random_seed_20260220
random_06738,random,,-8444,4291,random_seed_20260220
random_06739,random,,-2853,5544,random_seed_20260220
random_06740,random,,-7558,-4050,random_seed_20260220
random_06741,random,,6152,-2224,random_seed_20260220
random_06742,random,,9806,7424,random_seed_20260220
random_06743,random,,-6938,-2609,random_seed_20260220
random_06744,random,,6435,4940,random_seed_20260220
random_06745,random,,-2900,-3085,random_seed_20260220
random_06746,random,,587,4352,random_seed_20260220
random_06747,random,,-8439,-4879,random_seed_20260220
random_06748,random,,9172,9264,random_seed_20260220
random_06749,random,,3264,-3434,random_seed_20260220
random_06750,random,,6077,5876,random_seed_20260220
random_06751,random,,1536,-6081,random_seed_20260220
random_06752,random,,-2029,-5368,random_seed_20260220
random_06753,random,,1973,-1719,random_seed_20260220
random_06754,random,,9315,-6646,random_seed_20260220
random_06755,random,,3871,-6499,random_seed_20260220
random_06756,random,,-7958,-2365,random_seed_20260220
random_06757,random,,-6075,-9810,random_seed_20260220
random_06758,random,,6656,-9662,random_seed_20260220
random_06759,random,,3442,711,random_seed_20260220
random_06760,random,,-8887,-4009,random_seed_20260220
random_06761,random,,1709,-7119,random_seed_20260220
random_06762,random,,4744,-8447,random_seed_20260220
random_06763,random,,-4664,-3543,random_seed_20260220
random_06764,random,,7486,-1747,random_seed_20260220
random_06765,random,,-4735,5167,random_seed_20260220
random_06766,random,,1279,3787,random_seed_20260220
random_06767,random,,-4274,-4895,random_seed_20260220
random_06768,random,,-6132,-8965,random_seed_20260220
random_06769,random,,-215,2974,random_seed_20260220
random_06770,random,,164,-9673,random_seed_20260220
random_06771,random,,5294,-9427,random_seed_20260220
random_06772,random,,2822,3809,random_seed_20260220
random_06773,random,,941,-9151,random_seed_20260220
random_06774,random,,-3804,-1810,random_seed_20260220
random_06775,random,,4078,1188,random_seed_20260220
random_06776,random,,5306,8808,random_seed_20260220
random_06777,random,,-3081,-1446,random_seed_20260220
random_06778,random,,-9938,1510,random_seed_20260220
random_06779,random,,-2370,1369,random_seed_20260220
random_06780,random,,3074,1991,random_seed_20260220
random_06781,random,,-8148,-1033,random_seed_20260220
random_06782,random,,-7707,-4291,random_seed_20260220
random_06783,random,,9415,1400,random_seed_20260220
random_06784,random,,1202,-6147,random_seed_20260220
random_06785,random,,-8690,3906,random_seed_20260220
random_06786,random,,463,9223,random_seed_20260220
random_06787,random,,4203,-1499,random_seed_20260220
random_06788,random,,-3710,2035,random_seed_20260220
random_06789,random,,-3403,-9073,random_seed_20260220
random_06790,random,,-1213,622,random_seed_20260220
random_06791,random,,612,-7027,random_seed_20260220
random_06792,random,,-926,6967,random_seed_20260220
random_06793,random,,-2794,6685,random_seed_20260220
random_06794,random,,-3383,-7874,random_seed_20260220
random_06795,random,,3929,6970,random_seed_20260220
random_06796,random,,-6291,5310,random_seed_20260220
random_06797,random,,-296,9805,random_seed_20260220
random_06798,random,,-1632,1130,random_seed_20260220
random_06799,random,,4437,-5830,random_seed_20260220
random_06800,random,,-1520,-3252,random_seed_20260220
random_06801,random,,8848,4804,random_seed_20260220
random_06802,random,,9420,-5202,random_seed_20260220
random_06803,random,,-2956,-3651,random_seed_20260220
random_06804,random,,5393,278,random_seed_20260220
random_06805,random,,-2715,2502,random_seed_20260220
random_06806,random,,145,5819,random_seed_20260220
random_06807,random,,-1139,3580,random_seed_20260220
random_06808,random,,1170,9009,random_seed_20260220
random_06809,random,,1106,4061,random_seed_20260220
random_06810,random,,7092,9987,random_seed_20260220
random_06811,random,,-8292,3938,random_seed_20260220
random_06812,random,,999,7299,random_seed_20260220
random_06813,random,,-2742,-9465,random_seed_20260220
random_06814,random,,-3856,5532,random_seed_20260220
random_06815,random,,-2015,2889,random_seed_20260220
random_06816,random,,-9182,2007,random_seed_20260220
random_06817,random,,288,4107,random_seed_20260220
random_06818,random,,-500,-504,random_seed_20260220
random_06819,random,,-8942,-1233,random_seed_20260220
random_06820,random,,448,-77,random_seed_20260220
random_06821,random,,5170,-1755,random_seed_20260220
random_06822,random,,-468,-2007,random_seed_20260220
random_06823,random,,-6496,9066,random_seed_20260220
random_06824,random,,-3078,-2128,random_seed_20260220
random_06825,random,,-7944,2700,random_seed_20260220
random_06826,random,,1012,5655,random_seed_20260220
random_06827,random,,-1799,-81,random_seed_20260220
random_06828,random,,-8085,-5021,random_seed_20260220
random_06829,random,,3506,5346,random_seed_20260220
random_06830,random,,435,3422,random_seed_20260220
random_06831,random,,-7487,-5552,random_seed_20260220
random_06832,random,,-3274,-3528,random_seed_20260220
random_06833,random,,5556,-3223,random_seed_20260220
random_06834,random,,-7206,-5430,random_seed_20260220
random_06835,random,,-7262,8133,random_seed_20260220
random_06836,random,,-9539,-1910,random_seed_20260220
random_06837,random,,-3745,6272,random_seed_20260220
random_06838,random,,-4790,-4509,random_seed_20260220
random_06839,random,,-3935,9510,random_seed_20260220
random_06840,random,,1226,-7395,random_seed_20260220
random_06841,random,,-8870,2439,random_seed_20260220
random_06842,random,,18,7661,random_seed_20260220
random_06843,random,,-1893,-9540,random_seed_20260220
random_06844,random,,733,741,random_seed_20260220
random_06845,random,,-8461,3425,random_seed_20260220
random_06846,random,,2516,3903,random_seed_20260220
random_06847,random,,-6669,-34,random_seed_20260220
random_06848,random,,-4512,-9271,random_seed_20260220
random_06849,random,,-2370,231,random_seed_20260220
random_06850,random,,-1201,1119,random_seed_20260220
random_06851,random,,4960,3129,random_seed_20260220
random_06852,random,,8439,1465,random_seed_20260220
random_06853,random,,-1113,-2417,random_seed_20260220
random_06854,random,,-7883,-8342,random_seed_20260220
random_06855,random,,7021,-2675,random_seed_20260220
random_06856,random,,-5476,1612,random_seed_20260220
random_06857,random,,5620,111,random_seed_20260220
random_06858,random,,1081,8721,random_seed_20260220
random_06859,random,,2036,-6293,random_seed_20260220
random_06860,random,,-3754,9959,random_seed_20260220
random_06861,random,,387,8007,random_seed_20260220
random_06862,random,,-8017,7080,random_seed_20260220
random_06863,random,,9817,7858,random_seed_20260220
random_06864,random,,4630,1372,random_seed_20260220
random_06865,random,,350,-7717,random_seed_20260220
random_06866,random,,-9745,-5306,random_seed_20260220
random_06867,random,,-9717,6246,random_seed_20260220
random_06868,random,,4197,8967,random_seed_20260220
random_06869,random,,-6619,1565,random_seed_20260220
random_06870,random,,6515,-2314,random_seed_20260220
random_06871,random,,-2498,3661,random_seed_20260220
random_06872,random,,2288,9449,random_seed_20260220
random_06873,random,,4965,5922,random_seed_20260220
random_06874,random,,2845,2986,random_seed_20260220
random_06875,random,,-2949,-9283,random_seed_20260220
random_06876,random,,-8119,2392,random_seed_20260220
random_06877,random,,-4584,3277,random_seed_20260220
random_06878,random,,3028,-9130,random_seed_20260220
random_06879,random,,5496,7079,random_seed_20260220
random_06880,random,,4841,6216,random_seed_20260220
random_06881,random,,6217,-2922,random_seed_20260220
random_06882,random,,-9469,6074,random_seed_20260220
random_06883,random,,483,5534,random_seed_20260220
random_06884,random,,6870,-4336,random_seed_20260220
random_06885,random,,4222,-7141,random_seed_20260220
random_06886,random,,3938,2851,random_seed_20260220
random_06887,random,,-6858,-8573,random_seed_20260220
random_06888,random,,-220,146,random_seed_20260220
random_06889,random,,-4852,3945,random_seed_20260220
random_06890,random,,1635,-2254,random_seed_20260220
random_06891,random,,28,2763,random_seed_20260220
random_06892,random,,-1004,206,random_seed_20260220
random_06893,random,,-9297,-8573,random_seed_20260220
random_06894,random,,3197,-3593,random_seed_20260220
random_06895,random,,-8427,-314,random_seed_20260220
random_06896,random,,6039,-7451,random_seed_20260220
random_06897,random,,-3704,-8286,random_seed_20260220
random_06898,random,,-3792,2398,random_seed_20260220
random_06899,random,,-6689,-7119,random_seed_20260220
random_06900,random,,-328,-7869,random_seed_20260220
random_06901,random,,7012,-3870,random_seed_20260220
random_06902,random,,-2987,-2728,random_seed_20260220
random_06903,random,,-4416,-9418,random_seed_20260220
random_06904,random,,-9355,3944,random_seed_20260220
random_06905,random,,-2510,9680,random_seed_20260220
random_06906,random,,1635,878,random_seed_20260220
random_06907,random,,-2307,-7159,random_seed_20260220
random_06908,random,,946,1537,random_seed_20260220
random_06909,random,,7161,5002,random_seed_20260220
random_06910,random,,-9803,9917,random_seed_20260220
random_06911,random,,4926,-6734,random_seed_20260220
random_06912,random,,621,374,random_seed_20260220
random_06913,random,,8242,9569,random_seed_20260220
random_06914,random,,4764,-3937,random_seed_20260220
random_06915,random,,-4299,4567,random_seed_20260220
random_06916,random,,-7809,6480,random_seed_20260220
random_06917,random,,2949,-2310,random_seed_20260220
random_06918,random,,-1711,8179,random_seed_20260220
random_06919,random,,-3217,-449,random_seed_20260220
random_06920,random,,85,-2830,random_seed_20260220
random_06921,random,,7981,999,random_seed_20260220
random_06922,random,,-5170,2763,random_seed_20260220
random_06923,random,,6530,4964,random_seed_20260220
random_06924,random,,-8865,-254,random_seed_20260220
random_06925,random,,9327,-2172,random_seed_20260220
random_06926,random,,8649,8873,random_seed_20260220
random_06927,random,,-8787,-7196,random_seed_20260220
random_06928,random,,-9907,9166,random_seed_20260220
random_06929,random,,-535,5953,random_seed_20260220
random_06930,random,,9030,-3139,random_seed_20260220
random_06931,random,,4767,-7176,random_seed_20260220
random_06932,random,,-659,5223,random_seed_20260220
random_06933,random,,6437,-3945,random_seed_20260220
random_06934,random,,-7068,-7944,random_seed_20260220
random_06935,random,,8794,-8228,random_seed_20260220
random_06936,random,,3373,-9424,random_seed_20260220
random_06937,random,,-9493,-4819,random_seed_20260220
random_06938,random,,-9930,9679,random_seed_20260220
random_06939,random,,-6382,2271,random_seed_20260220
random_06940,random,,893,9781,random_seed_20260220
random_06941,random,,4024,9583,random_seed_20260220
random_06942,random,,123,-6431,random_seed_20260220
random_06943,random,,-4744,1364,random_seed_20260220
random_06944,random,,1733,840,random_seed_20260220
random_06945,random,,-4588,1380,random_seed_20260220
random_06946,random,,-9275,6844,random_seed_20260220
random_06947,random,,4527,-9337,random_seed_20260220
random_06948,random,,6959,1577,random_seed_20260220
random_06949,random,,-4945,1044,random_seed_20260220
random_06950,random,,-9734,8018,random_seed_20260220
random_06951,random,,-2661,-8144,random_seed_20260220
random_06952,random,,5388,-7406,random_seed_20260220
random_06953,random,,359,9930,random_seed_20260220
random_06954,random,,2644,-7091,random_seed_20260220
random_06955,random,,7529,4369,random_seed_20260220
random_06956,random,,-4930,691,random_seed_20260220
random_06957,random,,-8010,2957,random_seed_20260220
random_06958,random,,294,-2867,random_seed_20260220
random_06959,random,,-6906,661,random_seed_20260220
random_06960,random,,-6007,-3078,random_seed_20260220
random_06961,random,,-6760,8645,random_seed_20260220
random_06962,random,,3217,-8508,random_seed_20260220
random_06963,random,,-5535,4268,random_seed_20260220
random_06964,random,,7954,-9310,random_seed_20260220
random_06965,random,,-409,-3585,random_seed_20260220
random_06966,random,,3303,8812,random_seed_20260220
random_06967,random,,-4309,-5545,random_seed_20260220
random_06968,random,,-4828,-8643,random_seed_20260220
random_06969,random,,3472,3183,random_seed_20260220
random_06970,random,,1131,-8586,random_seed_20260220
random_06971,random,,2205,-6356,random_seed_20260220
random_06972,random,,-7409,-1031,random_seed_20260220
random_06973,random,,-8196,5131,random_seed_20260220
random_06974,random,,-1647,6492,random_seed_20260220
random_06975,random,,-5597,7724,random_seed_20260220
random_06976,random,,7936,2853,random_seed_20260220
random_06977,random,,4012,2714,random_seed_20260220
random_06978,random,,1254,9188,random_seed_20260220
random_06979,random,,4121,8223,random_seed_20260220
random_06980,random,,5439,-9074,random_seed_20260220
random_06981,random,,6040,-371,random_seed_20260220
random_06982,random,,-4941,-5418,random_seed_20260220
random_06983,random,,-2695,-1214,random_seed_20260220
random_06984,random,,9593,3047,random_seed_20260220
random_06985,random,,-6062,-8935,random_seed_20260220
random_06986,random,,6430,-992,random_seed_20260220
random_06987,random,,-5497,-168,random_seed_20260220
random_06988,random,,-5611,-245,random_seed_20260220
random_06989,random,,-813,-5161,random_seed_20260220
random_06990,random,,3714,5749,random_seed_20260220
random_06991,random,,-396,7059,random_seed_20260220
random_06992,random,,9085,93,random_seed_20260220
random_06993,random,,4213,6413,random_seed_20260220
random_06994,random,,-7059,9327,random_seed_20260220
random_06995,random,,1139,-4513,random_seed_20260220
random_06996,random,,-9856,6694,random_seed_20260220
random_06997,random,,3672,4738,random_seed_20260220
random_06998,random,,-7230,8834,random_seed_20260220
random_06999,random,,-5171,546,random_seed_20260220
random_07000,random,,-6424,-2443,random_seed_20260220
random_07001,random,,4486,-3186,random_seed_20260220
random_07002,random,,9464,5558,random_seed_20260220
random_07003,random,,2226,4814,random_seed_20260220
random_07004,random,,3495,2312,random_seed_20260220
random_07005,random,,-7856,-4332,random_seed_20260220
random_07006,random,,-4485,6069,random_seed_20260220
random_07007,random,,2411,9256,random_seed_20260220
random_07008,random,,-8199,3579,random_seed_20260220
random_07009,random,,-1348,-861,random_seed_20260220
random_07010,random,,6836,7344,random_seed_20260220
random_07011,random,,4511,8772,random_seed_20260220
random_07012,random,,4608,9614,random_seed_20260220
random_07013,random,,-9409,-3757,random_seed_20260220
random_07014,random,,-6368,-8521,random_seed_20260220
random_07015,random,,8971,-3068,random_seed_20260220
random_07016,random,,1905,-3652,random_seed_20260220
random_07017,random,,9694,-1448,random_seed_20260220
random_07018,random,,-5918,-3046,random_seed_20260220
random_07019,random,,-8299,5460,random_seed_20260220
random_07020,random,,405,4303,random_seed_20260220
random_07021,random,,3782,2135,random_seed_20260220
random_07022,random,,-8051,1739,random_seed_20260220
random_07023,random,,1073,-8232,random_seed_20260220
random_07024,random,,-8951,-888,random_seed_20260220
random_07025,random,,-3275,1158,random_seed_20260220
random_07026,random,,8337,2633,random_seed_20260220
random_07027,random,,-9483,-161,random_seed_20260220
random_07028,random,,-6142,-8391,random_seed_20260220
random_07029,random,,5621,5336,random_seed_20260220
random_07030,random,,-397,-888,random_seed_20260220
random_07031,random,,736,7891,random_seed_20260220
random_07032,random,,5907,79,random_seed_20260220
random_07033,random,,8584,-2979,random_seed_20260220
random_07034,random,,722,7957,random_seed_20260220
random_07035,random,,6986,7726,random_seed_20260220
random_07036,random,,-9066,1598,random_seed_20260220
random_07037,random,,-7101,-4795,random_seed_20260220
random_07038,random,,-9918,-9297,random_seed_20260220
random_07039,random,,7777,-3973,random_seed_20260220
random_07040,random,,-1609,-355,random_seed_20260220
random_07041,random,,-4766,-9008,random_seed_20260220
random_07042,random,,9898,7246,random_seed_20260220
random_07043,random,,5321,2963,random_seed_20260220
random_07044,random,,3382,8535,random_seed_20260220
random_07045,random,,-5532,8140,random_seed_20260220
random_07046,random,,3895,-1207,random_seed_20260220
random_07047,random,,1717,1147,random_seed_20260220
random_07048,random,,5498,-4530,random_seed_20260220
random_07049,random,,8573,7940,random_seed_20260220
random_07050,random,,4482,-6763,random_seed_20260220
random_07051,random,,-7095,8810,random_seed_20260220
random_07052,random,,-7181,-1302,random_seed_20260220
random_07053,random,,9340,9648,random_seed_20260220
random_07054,random,,132,4923,random_seed_20260220
random_07055,random,,8803,5914,random_seed_20260220
random_07056,random,,4659,-2054,random_seed_20260220
random_07057,random,,1199,328,random_seed_20260220
random_07058,random,,-543,5821,random_seed_20260220
random_07059,random,,-3220,116,random_seed_20260220
random_07060,random,,9697,-8031,random_seed_20260220
random_07061,random,,8462,-6070,random_seed_20260220
random_07062,random,,-7441,-7219,random_seed_20260220
random_07063,random,,8859,5757,random_seed_20260220
random_07064,random,,4663,9679,random_seed_20260220
random_07065,random,,-3551,4283,random_seed_20260220
random_07066,random,,-8889,-8248,random_seed_20260220
random_07067,random,,839,9934,random_seed_20260220
random_07068,random,,9488,9285,random_seed_20260220
random_07069,random,,-6063,7647,random_seed_20260220
random_07070,random,,-8755,1776,random_seed_20260220
random_07071,random,,-7623,8158,random_seed_20260220
random_07072,random,,-2043,-9204,random_seed_20260220
random_07073,random,,-4898,-9998,random_seed_20260220
random_07074,random,,4821,8014,random_seed_20260220
random_07075,random,,4663,-7449,random_seed_20260220
random_07076,random,,-215,-1801,random_seed_20260220
random_07077,random,,991,-1589,random_seed_20260220
random_07078,random,,-7012,-6935,random_seed_20260220
random_07079,random,,2526,-5871,random_seed_20260220
random_07080,random,,-3258,6407,random_seed_20260220
random_07081,random,,-435,1757,random_seed_20260220
random_07082,random,,-4889,-3714,random_seed_20260220
random_07083,random,,2220,4726,random_seed_20260220
random_07084,random,,-8144,-7113,random_seed_20260220
random_07085,random,,8305,-1258,random_seed_20260220
random_07086,random,,1740,-1455,random_seed_20260220
random_07087,random,,9212,9288,random_seed_20260220
random_07088,random,,3247,4077,random_seed_20260220
random_07089,random,,5696,2383,random_seed_20260220
random_07090,random,,-2343,-7006,random_seed_20260220
random_07091,random,,-3889,6798,random_seed_20260220
random_07092,random,,6221,-9672,random_seed_20260220
random_07093,random,,-4127,-8486,random_seed_20260220
random_07094,random,,7621,9161,random_seed_20260220
random_07095,random,,-1479,-6363,random_seed_20260220
random_07096,random,,-3466,5856,random_seed_20260220
random_07097,random,,-1886,3965,random_seed_20260220
random_07098,random,,2288,-6556,random_seed_20260220
random_07099,random,,-1259,-6233,random_seed_20260220
random_07100,random,,3815,-1676,random_seed_20260220
random_07101,random,,3475,-3352,random_seed_20260220
random_07102,random,,-370,-4748,random_seed_20260220
random_07103,random,,-4606,-7558,random_seed_20260220
random_07104,random,,-4953,-4921,random_seed_20260220
random_07105,random,,9619,-8286,random_seed_20260220
random_07106,random,,-6660,-2118,random_seed_20260220
random_07107,random,,2869,1589,random_seed_20260220
random_07108,random,,7217,2703,random_seed_20260220
random_07109,random,,-3084,-1457,random_seed_20260220
random_07110,random,,-7627,-3722,random_seed_20260220
random_07111,random,,3999,243,random_seed_20260220
random_07112,random,,798,475,random_seed_20260220
random_07113,random,,2477,-7136,random_seed_20260220
random_07114,random,,-1974,5672,random_seed_20260220
random_07115,random,,2859,3790,random_seed_20260220
random_07116,random,,7150,8259,random_seed_20260220
random_07117,random,,5975,1624,random_seed_20260220
random_07118,random,,9312,-4446,random_seed_20260220
random_07119,random,,-5603,6225,random_seed_20260220
random_07120,random,,3834,7002,random_seed_20260220
random_07121,random,,3355,8476,random_seed_20260220
random_07122,random,,-8592,-4328,random_seed_20260220
random_07123,random,,3632,2689,random_seed_20260220
random_07124,random,,8284,-1693,random_seed_20260220
random_07125,random,,1464,6827,random_seed_20260220
random_07126,random,,3091,9126,random_seed_20260220
random_07127,random,,-7708,4814,random_seed_20260220
random_07128,random,,321,-7365,random_seed_20260220
random_07129,random,,-3640,-3002,random_seed_20260220
random_07130,random,,9286,-4895,random_seed_20260220
random_07131,random,,9289,-8241,random_seed_20260220
random_07132,random,,3021,-6107,random_seed_20260220
random_07133,random,,-9981,-9966,random_seed_20260220
random_07134,random,,-6783,-9792,random_seed_20260220
random_07135,random,,5443,1621,random_seed_20260220
random_07136,random,,-6423,-9381,random_seed_20260220
random_07137,random,,1775,-9091,random_seed_20260220
random_07138,random,,-220,2516,random_seed_20260220
random_07139,random,,-4099,5132,random_seed_20260220
random_07140,random,,8189,-9531,random_seed_20260220
random_07141,random,,4750,-6477,random_seed_20260220
random_07142,random,,1197,-6914,random_seed_20260220
random_07143,random,,-9944,2502,random_seed_20260220
random_07144,random,,-7771,1785,random_seed_20260220
random_07145,random,,75,4945,random_seed_20260220
random_07146,random,,-8339,-5660,random_seed_20260220
random_07147,random,,8503,-4964,random_seed_20260220
random_07148,random,,-1972,372,random_seed_20260220
random_07149,random,,-8223,9271,random_seed_20260220
random_07150,random,,-1600,-3257,random_seed_20260220
random_07151,random,,2420,-7096,random_seed_20260220
random_07152,random,,-7769,1032,random_seed_20260220
random_07153,random,,-7229,-9344,random_seed_20260220
random_07154,random,,8133,-3431,random_seed_20260220
random_07155,random,,-6745,7180,random_seed_20260220
random_07156,random,,-3894,-6201,random_seed_20260220
random_07157,random,,-9833,-5557,random_seed_20260220
random_07158,random,,7305,-7460,random_seed_20260220
random_07159,random,,3966,-1775,random_seed_20260220
random_07160,random,,2886,2057,random_seed_20260220
random_07161,random,,-2144,-493,random_seed_20260220
random_07162,random,,-2641,-3692,random_seed_20260220
random_07163,random,,2388,-9709,random_seed_20260220
random_07164,random,,-3396,5493,random_seed_20260220
random_07165,random,,-72,-6847,random_seed_20260220
random_07166,random,,701,-5225,random_seed_20260220
random_07167,random,,2505,5150,random_seed_20260220
random_07168,random,,483,4386,random_seed_20260220
random_07169,random,,6835,-204,random_seed_20260220
random_07170,random,,8156,-219,random_seed_20260220
random_07171,random,,-1673,6396,random_seed_20260220
random_07172,random,,2757,8835,random_seed_20260220
random_07173,random,,-8126,-6530,random_seed_20260220
random_07174,random,,6509,8021,random_seed_20260220
random_07175,random,,927,-1131,random_seed_20260220
random_07176,random,,-1520,-4343,random_seed_20260220
random_07177,random,,9339,6320,random_seed_20260220
random_07178,random,,891,-7811,random_seed_20260220
random_07179,random,,9857,-2985,random_seed_20260220
random_07180,random,,-5431,913,random_seed_20260220
random_07181,random,,-4697,-3720,random_seed_20260220
random_07182,random,,4671,1902,random_seed_20260220
random_07183,random,,-8029,4502,random_seed_20260220
random_07184,random,,-976,-9280,random_seed_20260220
random_07185,random,,-3276,-5161,random_seed_20260220
random_07186,random,,6253,-7039,random_seed_20260220
random_07187,random,,-3322,-3767,random_seed_20260220
random_07188,random,,2047,-759,random_seed_20260220
random_07189,random,,-6905,-6887,random_seed_20260220
random_07190,random,,-850,-4176,random_seed_20260220
random_07191,random,,-4859,5343,random_seed_20260220
random_07192,random,,-3017,-1590,random_seed_20260220
random_07193,random,,3024,5236,random_seed_20260220
random_07194,random,,-1544,4765,random_seed_20260220
random_07195,random,,6950,6847,random_seed_20260220
random_07196,random,,-7268,-1327,random_seed_20260220
random_07197,random,,-2797,-8890,random_seed_20260220
random_07198,random,,-3015,836,random_seed_20260220
random_07199,random,,2105,-2017,random_seed_20260220
random_07200,random,,4672,9631,random_seed_20260220
random_07201,random,,5584,7473,random_seed_20260220
random_07202,random,,-420,-4438,random_seed_20260220
random_07203,random,,-5840,2832,random_seed_20260220
random_07204,random,,-7482,-2356,random_seed_20260220
random_07205,random,,4625,-6704,random_seed_20260220
random_07206,random,,4344,-8958,random_seed_20260220
random_07207,random,,950,-1986,random_seed_20260220
random_07208,random,,-7751,-1008,random_seed_20260220
random_07209,random,,800,3975,random_seed_20260220
random_07210,random,,-4972,7036,random_seed_20260220
random_07211,random,,1140,-793,random_seed_20260220
random_07212,random,,4626,-5177,random_seed_20260220
random_07213,random,,8003,3611,random_seed_20260220
random_07214,random,,-7659,4981,random_seed_20260220
random_07215,random,,-6554,-6165,random_seed_20260220
random_07216,random,,3548,1769,random_seed_20260220
random_07217,random,,8984,1079,random_seed_20260220
random_07218,random,,3399,-9965,random_seed_20260220
random_07219,random,,-870,-5112,random_seed_20260220
random_07220,random,,1437,7556,random_seed_20260220
random_07221,random,,-9870,-2533,random_seed_20260220
random_07222,random,,-7325,5193,random_seed_20260220
random_07223,random,,-4019,5331,random_seed_20260220
random_07224,random,,-7778,2795,random_seed_20260220
random_07225,random,,4726,-1159,random_seed_20260220
random_07226,random,,-4325,-1722,random_seed_20260220
random_07227,random,,3162,-4393,random_seed_20260220
random_07228,random,,-2831,-627,random_seed_20260220
random_07229,random,,6535,1186,random_seed_20260220
random_07230,random,,-3281,-4835,random_seed_20260220
random_07231,random,,-5071,3749,random_seed_20260220
random_07232,random,,8601,-17,random_seed_20260220
random_07233,random,,2107,-3219,random_seed_20260220
random_07234,random,,2238,4955,random_seed_20260220
random_07235,random,,-2882,7802,random_seed_20260220
random_07236,random,,1713,372,random_seed_20260220
random_07237,random,,-7745,-9081,random_seed_20260220
random_07238,random,,-9547,4466,random_seed_20260220
random_07239,random,,-2104,-1494,random_seed_20260220
random_07240,random,,-675,4564,random_seed_20260220
random_07241,random,,4120,816,random_seed_20260220
random_07242,random,,-6125,4052,random_seed_20260220
random_07243,random,,-5582,54,random_seed_20260220
random_07244,random,,-3649,5899,random_seed_20260220
random_07245,random,,-9815,3645,random_seed_20260220
random_07246,random,,5798,-2974,random_seed_20260220
random_07247,random,,-42,2397,random_seed_20260220
random_07248,random,,-7684,8157,random_seed_20260220
random_07249,random,,3290,3894,random_seed_20260220
random_07250,random,,-690,1362,random_seed_20260220
random_07251,random,,727,576,random_seed_20260220
random_07252,random,,5211,-1981,random_seed_20260220
random_07253,random,,6896,875,random_seed_20260220
random_07254,random,,892,6209,random_seed_20260220
random_07255,random,,6472,-8414,random_seed_20260220
random_07256,random,,-1462,-3951,random_seed_20260220
random_07257,random,,-85,6350,random_seed_20260220
random_07258,random,,1895,-2453,random_seed_20260220
random_07259,random,,707,7752,random_seed_20260220
random_07260,random,,-8711,2102,random_seed_20260220
random_07261,random,,4643,-2565,random_seed_20260220
random_07262,random,,-7895,-6685,random_seed_20260220
random_07263,random,,1275,-8061,random_seed_20260220
random_07264,random,,8983,-6168,random_seed_20260220
random_07265,random,,3720,-1767,random_seed_20260220
random_07266,random,,-9763,-4393,random_seed_20260220
random_07267,random,,-4009,-1940,random_seed_20260220
random_07268,random,,7861,-3433,random_seed_20260220
random_07269,random,,7351,-9203,random_seed_20260220
random_07270,random,,-2985,-9261,random_seed_20260220
random_07271,random,,-9076,-1150,random_seed_20260220
random_07272,random,,5809,-4564,random_seed_20260220
random_07273,random,,-2224,4535,random_seed_20260220
random_07274,random,,-4153,-6829,random_seed_20260220
random_07275,random,,9413,-7073,random_seed_20260220
random_07276,random,,6936,7699,random_seed_20260220
random_07277,random,,5861,-112,random_seed_20260220
random_07278,random,,-7481,6148,random_seed_20260220
random_07279,random,,-8110,-316,random_seed_20260220
random_07280,random,,5494,1123,random_seed_20260220
random_07281,random,,6955,5018,random_seed_20260220
random_07282,random,,8022,4864,random_seed_20260220
random_07283,random,,5591,-2349,random_seed_20260220
random_07284,random,,-7962,-5741,random_seed_20260220
random_07285,random,,-8118,-6785,random_seed_20260220
random_07286,random,,-9610,1701,random_seed_20260220
random_07287,random,,-6112,-6982,random_seed_20260220
random_07288,random,,6526,5570,random_seed_20260220
random_07289,random,,9309,9427,random_seed_20260220
random_07290,random,,4104,1312,random_seed_20260220
random_07291,random,,-3620,-5765,random_seed_20260220
random_07292,random,,9629,-7552,random_seed_20260220
random_07293,random,,3858,-7207,random_seed_20260220
random_07294,random,,-5880,-5194,random_seed_20260220
random_07295,random,,-1230,4121,random_seed_20260220
random_07296,random,,9008,848,random_seed_20260220
random_07297,random,,-3182,-2562,random_seed_20260220
random_07298,random,,-4918,-8469,random_seed_20260220
random_07299,random,,8213,-644,random_seed_20260220
random_07300,random,,3262,8524,random_seed_20260220
random_07301,random,,154,-2961,random_seed_20260220
random_07302,random,,8061,1145,random_seed_20260220
random_07303,random,,3332,1884,random_seed_20260220
random_07304,random,,-4221,5776,random_seed_20260220
random_07305,random,,8338,-8551,random_seed_20260220
random_07306,random,,9330,1079,random_seed_20260220
random_07307,random,,-4270,9177,random_seed_20260220
random_07308,random,,62,-8894,random_seed_20260220
random_07309,random,,8153,9794,random_seed_20260220
random_07310,random,,5814,-6579,random_seed_20260220
random_07311,random,,6288,1284,random_seed_20260220
random_07312,random,,-5988,2256,random_seed_20260220
random_07313,random,,-3805,2919,random_seed_20260220
random_07314,random,,8777,-5294,random_seed_20260220
random_07315,random,,3006,914,random_seed_20260220
random_07316,random,,7587,-3292,random_seed_20260220
random_07317,random,,-9905,-6227,random_seed_20260220
random_07318,random,,6081,2987,random_seed_20260220
random_07319,random,,-3144,-7653,random_seed_20260220
random_07320,random,,-3253,-5937,random_seed_20260220
random_07321,random,,7691,5141,random_seed_20260220
random_07322,random,,662,-548,random_seed_20260220
random_07323,random,,-8611,-3095,random_seed_20260220
random_07324,random,,9919,-6250,random_seed_20260220
random_07325,random,,-9666,-811,random_seed_20260220
random_07326,random,,-640,2446,random_seed_20260220
random_07327,random,,9532,753,random_seed_20260220
random_07328,random,,679,-4300,random_seed_20260220
random_07329,random,,3669,4209,random_seed_20260220
random_07330,random,,8606,-2219,random_seed_20260220
random_07331,random,,1661,-8604,random_seed_20260220
random_07332,random,,-629,451,random_seed_20260220
random_07333,random,,-9867,2973,random_seed_20260220
random_07334,random,,-9552,-9494,random_seed_20260220
random_07335,random,,4884,8798,random_seed_20260220
random_07336,random,,-949,-9593,random_seed_20260220
random_07337,random,,2201,609,random_seed_20260220
random_07338,random,,-2004,9697,random_seed_20260220
random_07339,random,,2649,-8378,random_seed_20260220
random_07340,random,,-4910,6449,random_seed_20260220
random_07341,random,,5805,9647,random_seed_20260220
random_07342,random,,-4910,5248,random_seed_20260220
random_07343,random,,-3240,-3212,random_seed_20260220
random_07344,random,,8278,1552,random_seed_20260220
random_07345,random,,-9755,-7235,random_seed_20260220
random_07346,random,,6669,2879,random_seed_20260220
random_07347,random,,-2825,-8361,random_seed_20260220
random_07348,random,,-1757,588,random_seed_20260220
random_07349,random,,-8841,4454,random_seed_20260220
random_07350,random,,9904,-3210,random_seed_20260220
random_07351,random,,13,308,random_seed_20260220
random_07352,random,,5150,-4612,random_seed_20260220
random_07353,random,,-7879,-4233,random_seed_20260220
random_07354,random,,8,5991,random_seed_20260220
random_07355,random,,-6455,-9403,random_seed_20260220
random_07356,random,,2415,1151,random_seed_20260220
random_07357,random,,9934,1639,random_seed_20260220
random_07358,random,,7902,-1569,random_seed_20260220
random_07359,random,,7458,7493,random_seed_20260220
random_07360,random,,6539,-2174,random_seed_20260220
random_07361,random,,-7446,1797,random_seed_20260220
random_07362,random,,9185,7290,random_seed_20260220
random_07363,random,,9250,9184,random_seed_20260220
random_07364,random,,-5997,-67,random_seed_20260220
random_07365,random,,-7990,4934,random_seed_20260220
random_07366,random,,-5981,-2851,random_seed_20260220
random_07367,random,,-6407,3108,random_seed_20260220
random_07368,random,,5353,7621,random_seed_20260220
random_07369,random,,6802,436,random_seed_20260220
random_07370,random,,2330,-7112,random_seed_20260220
random_07371,random,,-8032,2053,random_seed_20260220
random_07372,random,,6019,2759,random_seed_20260220
random_07373,random,,5881,-8884,random_seed_20260220
random_07374,random,,-3980,-3807,random_seed_20260220
random_07375,random,,7265,-3624,random_seed_20260220
random_07376,random,,-273,1293,random_seed_20260220
random_07377,random,,-7869,-5171,random_seed_20260220
random_07378,random,,-1188,9563,random_seed_20260220
random_07379,random,,-9766,824,random_seed_20260220
random_07380,random,,-1496,-9942,random_seed_20260220
random_07381,random,,-771,-4810,random_seed_20260220
random_07382,random,,-7849,-3411,random_seed_20260220
random_07383,random,,6288,1267,random_seed_20260220
random_07384,random,,7930,3557,random_seed_20260220
random_07385,random,,-9026,7003,random_seed_20260220
random_07386,random,,-3387,4249,random_seed_20260220
random_07387,random,,9517,-881,random_seed_20260220
random_07388,random,,-970,-4807,random_seed_20260220
random_07389,random,,-9744,6294,random_seed_20260220
random_07390,random,,7503,965,random_seed_20260220
random_07391,random,,4476,-1055,random_seed_20260220
random_07392,random,,-6964,-347,random_seed_20260220
random_07393,random,,4464,8710,random_seed_20260220
random_07394,random,,-2075,-2613,random_seed_20260220
random_07395,random,,-5517,-2995,random_seed_20260220
random_07396,random,,-6740,-7173,random_seed_20260220
random_07397,random,,-6314,6513,random_seed_20260220
random_07398,random,,7529,1918,random_seed_20260220
random_07399,random,,9738,12,random_seed_20260220
random_07400,random,,-7812,2686,random_seed_20260220
random_07401,random,,5899,8471,random_seed_20260220
random_07402,random,,-2990,2200,random_seed_20260220
random_07403,random,,-7111,-7708,random_seed_20260220
random_07404,random,,-7345,2690,random_seed_20260220
random_07405,random,,2870,-5055,random_seed_20260220
random_07406,random,,104,-579,random_seed_20260220
random_07407,random,,-1390,39,random_seed_20260220
random_07408,random,,0,-5722,random_seed_20260220
random_07409,random,,-8118,-1322,random_seed_20260220
random_07410,random,,-2309,4423,random_seed_20260220
random_07411,random,,5466,8684,random_seed_20260220
random_07412,random,,5481,-7295,random_seed_20260220
random_07413,random,,8489,928,random_seed_20260220
random_07414,random,,-2387,-422,random_seed_20260220
random_07415,random,,2918,3821,random_seed_20260220
random_07416,random,,-8717,5563,random_seed_20260220
random_07417,random,,-9707,3093,random_seed_20260220
random_07418,random,,-4892,4667,random_seed_20260220
random_07419,random,,325,8302,random_seed_20260220
random_07420,random,,3294,-5537,random_seed_20260220
random_07421,random,,9399,-1770,random_seed_20260220
random_07422,random,,680,-8646,random_seed_20260220
random_07423,random,,-6881,-4299,random_seed_20260220
random_07424,random,,6621,5043,random_seed_20260220
random_07425,random,,-4422,-7338,random_seed_20260220
random_07426,random,,8095,-9173,random_seed_20260220
random_07427,random,,-8,-9111,random_seed_20260220
random_07428,random,,5676,-1931,random_seed_20260220
random_07429,random,,464,-4717,random_seed_20260220
random_07430,random,,1928,-1514,random_seed_20260220
random_07431,random,,9797,-8277,random_seed_20260220
random_07432,random,,2395,-2998,random_seed_20260220
random_07433,random,,-4667,-8769,random_seed_20260220
random_07434,random,,-6146,8819,random_seed_20260220
random_07435,random,,-9660,-2613,random_seed_20260220
random_07436,random,,6498,-3895,random_seed_20260220
random_07437,random,,2352,5349,random_seed_20260220
random_07438,random,,-7947,876,random_seed_20260220
random_07439,random,,-9425,-7352,random_seed_20260220
random_07440,random,,285,8395,random_seed_20260220
random_07441,random,,-2256,-5133,random_seed_20260220
random_07442,random,,-1518,-7685,random_seed_20260220
random_07443,random,,6486,9644,random_seed_20260220
random_07444,random,,-817,6437,random_seed_20260220
random_07445,random,,5456,6113,random_seed_20260220
random_07446,random,,-4347,2982,random_seed_20260220
random_07447,random,,-7328,3710,random_seed_20260220
random_07448,random,,5300,-3027,random_seed_20260220
random_07449,random,,1649,1730,random_seed_20260220
random_07450,random,,-9054,997,random_seed_20260220
random_07451,random,,-6194,-9200,random_seed_20260220
random_07452,random,,9560,1404,random_seed_20260220
random_07453,random,,9446,-3538,random_seed_20260220
random_07454,random,,-3624,-7938,random_seed_20260220
random_07455,random,,-257,4105,random_seed_20260220
random_07456,random,,-1426,3055,random_seed_20260220
random_07457,random,,-69,-9064,random_seed_20260220
random_07458,random,,1175,-7552,random_seed_20260220
random_07459,random,,3154,-6288,random_seed_20260220
random_07460,random,,2182,7153,random_seed_20260220
random_07461,random,,6334,-2213,random_seed_20260220
random_07462,random,,-9697,-2135,random_seed_20260220
random_07463,random,,2302,-631,random_seed_20260220
random_07464,random,,2799,1892,random_seed_20260220
random_07465,random,,-177,-8030,random_seed_20260220
random_07466,random,,-8125,6521,random_seed_20260220
random_07467,random,,458,6115,random_seed_20260220
random_07468,random,,9841,-8042,random_seed_20260220
random_07469,random,,6577,-4082,random_seed_20260220
random_07470,random,,-1337,6970,random_seed_20260220
random_07471,random,,-2286,5620,random_seed_20260220
random_07472,random,,5765,6944,random_seed_20260220
random_07473,random,,-8338,9817,random_seed_20260220
random_07474,random,,-7558,-2429,random_seed_20260220
random_07475,random,,345,-4104,random_seed_20260220
random_07476,random,,-7774,-5707,random_seed_20260220
random_07477,random,,1541,2480,random_seed_20260220
random_07478,random,,-4805,7439,random_seed_20260220
random_07479,random,,3038,-253,random_seed_20260220
random_07480,random,,7489,-2549,random_seed_20260220
random_07481,random,,776,5732,random_seed_20260220
random_07482,random,,-7408,-1068,random_seed_20260220
random_07483,random,,2441,3411,random_seed_20260220
random_07484,random,,1400,1111,random_seed_20260220
random_07485,random,,-8020,7936,random_seed_20260220
random_07486,random,,-3874,-9241,random_seed_20260220
random_07487,random,,4324,3875,random_seed_20260220
random_07488,random,,2216,-3991,random_seed_20260220
random_07489,random,,-6530,-266,random_seed_20260220
random_07490,random,,-2583,2909,random_seed_20260220
random_07491,random,,8813,1445,random_seed_20260220
random_07492,random,,-2330,-3582,random_seed_20260220
random_07493,random,,8556,-373,random_seed_20260220
random_07494,random,,4847,5498,random_seed_20260220
random_07495,random,,-2366,1890,random_seed_20260220
random_07496,random,,-6825,-1906,random_seed_20260220
random_07497,random,,5145,-4783,random_seed_20260220
random_07498,random,,6637,-571,random_seed_20260220
random_07499,random,,-9316,8590,random_seed_20260220
random_07500,random,,-3867,9251,random_seed_20260220
random_07501,random,,-5791,6104,random_seed_20260220
random_07502,random,,8082,3254,random_seed_20260220
random_07503,random,,-4251,-3843,random_seed_20260220
random_07504,random,,6049,-4063,random_seed_20260220
random_07505,random,,5313,-6580,random_seed_20260220
random_07506,random,,4917,-8173,random_seed_20260220
random_07507,random,,7780,363,random_seed_20260220
random_07508,random,,-6390,1074,random_seed_20260220
random_07509,random,,2044,6237,random_seed_20260220
random_07510,random,,4258,-1027,random_seed_20260220
random_07511,random,,-4259,2839,random_seed_20260220
random_07512,random,,-3725,-4353,random_seed_20260220
random_07513,random,,6571,-6126,random_seed_20260220
random_07514,random,,5464,1134,random_seed_20260220
random_07515,random,,2121,-2125,random_seed_20260220
random_07516,random,,6636,2717,random_seed_20260220
random_07517,random,,6059,5343,random_seed_20260220
random_07518,random,,2732,7178,random_seed_20260220
random_07519,random,,-8435,7592,random_seed_20260220
random_07520,random,,2099,7555,random_seed_20260220
random_07521,random,,410,-9158,random_seed_20260220
random_07522,random,,5638,-4622,random_seed_20260220
random_07523,random,,-7395,7941,random_seed_20260220
random_07524,random,,-8112,-4858,random_seed_20260220
random_07525,random,,7214,-2283,random_seed_20260220
random_07526,random,,9491,-2436,random_seed_20260220
random_07527,random,,6734,2152,random_seed_20260220
random_07528,random,,-4506,-3737,random_seed_20260220
random_07529,random,,-5998,-5806,random_seed_20260220
random_07530,random,,8601,6986,random_seed_20260220
random_07531,random,,-8315,-2271,random_seed_20260220
random_07532,random,,2306,6665,random_seed_20260220
random_07533,random,,-1346,6582,random_seed_20260220
random_07534,random,,3932,5789,random_seed_20260220
random_07535,random,,-6192,-6266,random_seed_20260220
random_07536,random,,-8262,8654,random_seed_20260220
random_07537,random,,-3147,-7098,random_seed_20260220
random_07538,random,,3997,5298,random_seed_20260220
random_07539,random,,-5611,-4805,random_seed_20260220
random_07540,random,,5238,-5940,random_seed_20260220
random_07541,random,,-5108,-7426,random_seed_20260220
random_07542,random,,-6857,-2555,random_seed_20260220
random_07543,random,,8445,-8016,random_seed_20260220
random_07544,random,,1892,-2741,random_seed_20260220
random_07545,random,,6933,-7986,random_seed_20260220
random_07546,random,,7188,4233,random_seed_20260220
random_07547,random,,5422,3195,random_seed_20260220
random_07548,random,,8325,7186,random_seed_20260220
random_07549,random,,-3391,1533,random_seed_20260220
random_07550,random,,-452,2601,random_seed_20260220
random_07551,random,,-3113,-936,random_seed_20260220
random_07552,random,,9190,4099,random_seed_20260220
random_07553,random,,3270,-2831,random_seed_20260220
random_07554,random,,5,8975,random_seed_20260220
random_07555,random,,6095,-5543,random_seed_20260220
random_07556,random,,-7905,5068,random_seed_20260220
random_07557,random,,-5890,5212,random_seed_20260220
random_07558,random,,9083,768,random_seed_20260220
random_07559,random,,2438,-1244,random_seed_20260220
random_07560,random,,8969,-4594,random_seed_20260220
random_07561,random,,-7091,7690,random_seed_20260220
random_07562,random,,4680,-3550,random_seed_20260220
random_07563,random,,-5347,7300,random_seed_20260220
random_07564,random,,-795,-648,random_seed_20260220
random_07565,random,,-1346,-8258,random_seed_20260220
random_07566,random,,-8506,-4065,random_seed_20260220
random_07567,random,,-834,-3469,random_seed_20260220
random_07568,random,,-2801,-2900,random_seed_20260220
random_07569,random,,6962,-5932,random_seed_20260220
random_07570,random,,2752,5488,random_seed_20260220
random_07571,random,,-3372,3060,random_seed_20260220
random_07572,random,,-2088,-6548,random_seed_20260220
random_07573,random,,-6009,455,random_seed_20260220
random_07574,random,,5527,-9333,random_seed_20260220
random_07575,random,,4654,-7497,random_seed_20260220
random_07576,random,,2170,5095,random_seed_20260220
random_07577,random,,4988,-5815,random_seed_20260220
random_07578,random,,-6959,1223,random_seed_20260220
random_07579,random,,7850,-6091,random_seed_20260220
random_07580,random,,7338,-3317,random_seed_20260220
random_07581,random,,-5141,4785,random_seed_20260220
random_07582,random,,-4227,7612,random_seed_20260220
random_07583,random,,7859,7508,random_seed_20260220
random_07584,random,,-3940,6557,random_seed_20260220
random_07585,random,,-1096,-3044,random_seed_20260220
random_07586,random,,9749,9338,random_seed_20260220
random_07587,random,,6980,2410,random_seed_20260220
random_07588,random,,7306,8172,random_seed_20260220
random_07589,random,,-3132,-7786,random_seed_20260220
random_07590,random,,8302,2742,random_seed_20260220
random_07591,random,,9287,-178,random_seed_20260220
random_07592,random,,-6552,1402,random_seed_20260220
random_07593,random,,8450,1434,random_seed_20260220
random_07594,random,,-6892,-5353,random_seed_20260220
random_07595,random,,8013,7310,random_seed_20260220
random_07596,random,,6023,2390,random_seed_20260220
random_07597,random,,-6348,-456,random_seed_20260220
random_07598,random,,-9315,8523,random_seed_20260220
random_07599,random,,-3998,-6874,random_seed_20260220
random_07600,random,,6098,3411,random_seed_20260220
random_07601,random,,-7980,-105,random_seed_20260220
random_07602,random,,-7897,-2223,random_seed_20260220
random_07603,random,,-2549,3276,random_seed_20260220
random_07604,random,,4578,-3434,random_seed_20260220
random_07605,random,,-265,6078,random_seed_20260220
random_07606,random,,-9859,630,random_seed_20260220
random_07607,random,,2097,-8452,random_seed_20260220
random_07608,random,,4118,-6998,random_seed_20260220
random_07609,random,,-5801,-5180,random_seed_20260220
random_07610,random,,-7005,88,random_seed_20260220
random_07611,random,,5220,-88,random_seed_20260220
random_07612,random,,-7952,3454,random_seed_20260220
random_07613,random,,9671,-8466,random_seed_20260220
random_07614,random,,-380,-2459,random_seed_20260220
random_07615,random,,7938,1517,random_seed_20260220
random_07616,random,,7845,3844,random_seed_20260220
random_07617,random,,-4740,-3512,random_seed_20260220
random_07618,random,,-4302,5640,random_seed_20260220
random_07619,random,,4257,3350,random_seed_20260220
random_07620,random,,5744,-4887,random_seed_20260220
random_07621,random,,5811,-5584,random_seed_20260220
random_07622,random,,-6487,9104,random_seed_20260220
random_07623,random,,6240,3511,random_seed_20260220
random_07624,random,,-1952,1879,random_seed_20260220
random_07625,random,,3495,-7602,random_seed_20260220
random_07626,random,,-5291,8383,random_seed_20260220
random_07627,random,,-908,4226,random_seed_20260220
random_07628,random,,6915,4561,random_seed_20260220
random_07629,random,,3350,-9497,random_seed_20260220
random_07630,random,,-6174,5223,random_seed_20260220
random_07631,random,,-6105,9052,random_seed_20260220
random_07632,random,,6344,212,random_seed_20260220
random_07633,random,,774,-6274,random_seed_20260220
random_07634,random,,-5824,4760,random_seed_20260220
random_07635,random,,-4475,-7534,random_seed_20260220
random_07636,random,,1700,5839,random_seed_20260220
random_07637,random,,-4604,2935,random_seed_20260220
random_07638,random,,-7090,8244,random_seed_20260220
random_07639,random,,-9868,3919,random_seed_20260220
random_07640,random,,1477,-108,random_seed_20260220
random_07641,random,,1605,2494,random_seed_20260220
random_07642,random,,-6468,-6471,random_seed_20260220
random_07643,random,,-689,-3979,random_seed_20260220
random_07644,random,,-5398,-3873,random_seed_20260220
random_07645,random,,1753,3612,random_seed_20260220
random_07646,random,,3269,-8415,random_seed_20260220
random_07647,random,,-1080,-7236,random_seed_20260220
random_07648,random,,-2407,-8351,random_seed_20260220
random_07649,random,,-3175,8345,random_seed_20260220
random_07650,random,,-1887,-3466,random_seed_20260220
random_07651,random,,9288,1967,random_seed_20260220
random_07652,random,,8189,-3212,random_seed_20260220
random_07653,random,,-8071,1308,random_seed_20260220
random_07654,random,,8057,-4233,random_seed_20260220
random_07655,random,,9875,-6869,random_seed_20260220
random_07656,random,,9408,-8472,random_seed_20260220
random_07657,random,,-9053,-5634,random_seed_20260220
random_07658,random,,-3087,3568,random_seed_20260220
random_07659,random,,-6946,524,random_seed_20260220
random_07660,random,,-3099,7807,random_seed_20260220
random_07661,random,,-7764,4773,random_seed_20260220
random_07662,random,,-4244,9109,random_seed_20260220
random_07663,random,,8858,-4054,random_seed_20260220
random_07664,random,,-1260,5785,random_seed_20260220
random_07665,random,,5133,-4405,random_seed_20260220
random_07666,random,,7919,964,random_seed_20260220
random_07667,random,,9037,3048,random_seed_20260220
random_07668,random,,5480,-1068,random_seed_20260220
random_07669,random,,-1737,-2698,random_seed_20260220
random_07670,random,,-5405,1528,random_seed_20260220
random_07671,random,,5987,5397,random_seed_20260220
random_07672,random,,-5469,-5717,random_seed_20260220
random_07673,random,,-7906,6164,random_seed_20260220
random_07674,random,,2875,8769,random_seed_20260220
random_07675,random,,-9160,-2703,random_seed_20260220
random_07676,random,,4666,-3261,random_seed_20260220
random_07677,random,,-450,-7511,random_seed_20260220
random_07678,random,,9658,3926,random_seed_20260220
random_07679,random,,806,-1351,random_seed_20260220
random_07680,random,,8358,9473,random_seed_20260220
random_07681,random,,-5058,4099,random_seed_20260220
random_07682,random,,-6026,124,random_seed_20260220
random_07683,random,,-1138,-7024,random_seed_20260220
random_07684,random,,5413,-1228,random_seed_20260220
random_07685,random,,7274,-5987,random_seed_20260220
random_07686,random,,1405,-2895,random_seed_20260220
random_07687,random,,746,-7806,random_seed_20260220
random_07688,random,,-2898,-3667,random_seed_20260220
random_07689,random,,-6245,-6684,random_seed_20260220
random_07690,random,,-7240,-1821,random_seed_20260220
random_07691,random,,9444,-6028,random_seed_20260220
random_07692,random,,370,6638,random_seed_20260220
random_07693,random,,2277,5762,random_seed_20260220
random_07694,random,,8088,-3374,random_seed_20260220
random_07695,random,,-5972,4932,random_seed_20260220
random_07696,random,,-9730,-8576,random_seed_20260220
random_07697,random,,3199,6007,random_seed_20260220
random_07698,random,,-6418,7939,random_seed_20260220
random_07699,random,,6036,-1254,random_seed_20260220
random_07700,random,,8248,4837,random_seed_20260220
random_07701,random,,2225,9791,random_seed_20260220
random_07702,random,,-7918,8546,random_seed_20260220
random_07703,random,,-7008,9384,random_seed_20260220
random_07704,random,,-8978,-5403,random_seed_20260220
random_07705,random,,5894,7512,random_seed_20260220
random_07706,random,,2851,2778,random_seed_20260220
random_07707,random,,3179,-7869,random_seed_20260220
random_07708,random,,1133,8691,random_seed_20260220
random_07709,random,,-1803,6756,random_seed_20260220
random_07710,random,,-6702,-3251,random_seed_20260220
random_07711,random,,-6608,-4677,random_seed_20260220
random_07712,random,,925,-7088,random_seed_20260220
random_07713,random,,-6187,-5433,random_seed_20260220
random_07714,random,,946,-1654,random_seed_20260220
random_07715,random,,5049,-4191,random_seed_20260220
random_07716,random,,3403,-9331,random_seed_20260220
random_07717,random,,8426,4977,random_seed_20260220
random_07718,random,,-8729,-8835,random_seed_20260220
random_07719,random,,4408,-6016,random_seed_20260220
random_07720,random,,2414,3866,random_seed_20260220
random_07721,random,,-3135,-2035,random_seed_20260220
random_07722,random,,752,-1002,random_seed_20260220
random_07723,random,,3071,-6796,random_seed_20260220
random_07724,random,,-9962,-1395,random_seed_20260220
random_07725,random,,3577,941,random_seed_20260220
random_07726,random,,6074,-4491,random_seed_20260220
random_07727,random,,6615,-2897,random_seed_20260220
random_07728,random,,5405,1957,random_seed_20260220
random_07729,random,,3892,7151,random_seed_20260220
random_07730,random,,4800,-2699,random_seed_20260220
random_07731,random,,6480,1444,random_seed_20260220
random_07732,random,,6306,-6084,random_seed_20260220
random_07733,random,,-4699,3914,random_seed_20260220
random_07734,random,,9518,-9055,random_seed_20260220
random_07735,random,,8256,5851,random_seed_20260220
random_07736,random,,2274,8169,random_seed_20260220
random_07737,random,,-8478,-8735,random_seed_20260220
random_07738,random,,5598,7924,random_seed_20260220
random_07739,random,,8964,-9854,random_seed_20260220
random_07740,random,,-5169,-4968,random_seed_20260220
random_07741,random,,8153,9068,random_seed_20260220
random_07742,random,,6468,9198,random_seed_20260220
random_07743,random,,218,7328,random_seed_20260220
random_07744,random,,6588,-8881,random_seed_20260220
random_07745,random,,-9489,8964,random_seed_20260220
random_07746,random,,-7976,4298,random_seed_20260220
random_07747,random,,4098,5508,random_seed_20260220
random_07748,random,,2897,3131,random_seed_20260220
random_07749,random,,2245,-5131,random_seed_20260220
random_07750,random,,-6395,6876,random_seed_20260220
random_07751,random,,-4473,4861,random_seed_20260220
random_07752,random,,-1502,-4613,random_seed_20260220
random_07753,random,,-2766,9024,random_seed_20260220
random_07754,random,,-6149,-9611,random_seed_20260220
random_07755,random,,-6173,-7258,random_seed_20260220
random_07756,random,,-3845,1857,random_seed_20260220
random_07757,random,,501,-4537,random_seed_20260220
random_07758,random,,2541,-2175,random_seed_20260220
random_07759,random,,6638,4906,random_seed_20260220
random_07760,random,,1786,1712,random_seed_20260220
random_07761,random,,-3844,-3236,random_seed_20260220
random_07762,random,,-2110,-764,random_seed_20260220
random_07763,random,,-3676,-3231,random_seed_20260220
random_07764,random,,4044,8550,random_seed_20260220
random_07765,random,,-9074,8190,random_seed_20260220
random_07766,random,,-8768,1707,random_seed_20260220
random_07767,random,,-3094,2185,random_seed_20260220
random_07768,random,,7231,994,random_seed_20260220
random_07769,random,,1490,-7556,random_seed_20260220
random_07770,random,,-4929,-4228,random_seed_20260220
random_07771,random,,5966,-4364,random_seed_20260220
random_07772,random,,8210,5843,random_seed_20260220
random_07773,random,,5480,4159,random_seed_20260220
random_07774,random,,-9848,4827,random_seed_20260220
random_07775,random,,2927,6021,random_seed_20260220
random_07776,random,,-8907,-1374,random_seed_20260220
random_07777,random,,233,9916,random_seed_20260220
random_07778,random,,4198,7050,random_seed_20260220
random_07779,random,,8544,3038,random_seed_20260220
random_07780,random,,-7363,7555,random_seed_20260220
random_07781,random,,-9148,-6662,random_seed_20260220
random_07782,random,,118,9409,random_seed_20260220
random_07783,random,,899,2607,random_seed_20260220
random_07784,random,,-2685,5666,random_seed_20260220
random_07785,random,,2882,-479,random_seed_20260220
random_07786,random,,-7581,-2376,random_seed_20260220
random_07787,random,,9823,8163,random_seed_20260220
random_07788,random,,-2856,-9242,random_seed_20260220
random_07789,random,,4186,3578,random_seed_20260220
random_07790,random,,-4480,-7900,random_seed_20260220
random_07791,random,,-596,132,random_seed_20260220
random_07792,random,,1183,9720,random_seed_20260220
random_07793,random,,-9010,2814,random_seed_20260220
random_07794,random,,-9621,1794,random_seed_20260220
random_07795,random,,-5863,4033,random_seed_20260220
random_07796,random,,-7041,-2840,random_seed_20260220
random_07797,random,,4673,2515,random_seed_20260220
random_07798,random,,4711,-6926,random_seed_20260220
random_07799,random,,3758,-1060,random_seed_20260220
random_07800,random,,-912,-3102,random_seed_20260220
random_07801,random,,-9960,9780,random_seed_20260220
random_07802,random,,-6183,3667,random_seed_20260220
random_07803,random,,5052,-5881,random_seed_20260220
random_07804,random,,-2018,4471,random_seed_20260220
random_07805,random,,-7201,7930,random_seed_20260220
random_07806,random,,-6412,5510,random_seed_20260220
random_07807,random,,-3192,-8709,random_seed_20260220
random_07808,random,,1206,4218,random_seed_20260220
random_07809,random,,-7612,4373,random_seed_20260220
random_07810,random,,3737,-2780,random_seed_20260220
random_07811,random,,4989,1016,random_seed_20260220
random_07812,random,,-114,-877,random_seed_20260220
random_07813,random,,-2740,467,random_seed_20260220
random_07814,random,,9250,-3730,random_seed_20260220
random_07815,random,,6927,3225,random_seed_20260220
random_07816,random,,2548,1687,random_seed_20260220
random_07817,random,,-536,-6068,random_seed_20260220
random_07818,random,,-864,2542,random_seed_20260220
random_07819,random,,3299,-5543,random_seed_20260220
random_07820,random,,-5287,-7309,random_seed_20260220
random_07821,random,,55,2811,random_seed_20260220
random_07822,random,,5751,-7030,random_seed_20260220
random_07823,random,,4540,8783,random_seed_20260220
random_07824,random,,8873,5333,random_seed_20260220
random_07825,random,,7495,4429,random_seed_20260220
random_07826,random,,2007,8788,random_seed_20260220
random_07827,random,,-716,-1681,random_seed_20260220
random_07828,random,,-679,-1946,random_seed_20260220
random_07829,random,,-4866,-1567,random_seed_20260220
random_07830,random,,5628,2058,random_seed_20260220
random_07831,random,,-3370,-8337,random_seed_20260220
random_07832,random,,-6791,-8433,random_seed_20260220
random_07833,random,,-8952,3295,random_seed_20260220
random_07834,random,,-1436,1234,random_seed_20260220
random_07835,random,,-9095,5172,random_seed_20260220
random_07836,random,,-7284,1788,random_seed_20260220
random_07837,random,,-4704,7033,random_seed_20260220
random_07838,random,,1439,-7121,random_seed_20260220
random_07839,random,,-6044,2397,random_seed_20260220
random_07840,random,,4418,-7988,random_seed_20260220
random_07841,random,,-621,5657,random_seed_20260220
random_07842,random,,-6188,-6711,random_seed_20260220
random_07843,random,,-1226,-6519,random_seed_20260220
random_07844,random,,-3121,4187,random_seed_20260220
random_07845,random,,8768,2423,random_seed_20260220
random_07846,random,,-6252,-3107,random_seed_20260220
random_07847,random,,-4440,6282,random_seed_20260220
random_07848,random,,-7927,-5398,random_seed_20260220
random_07849,random,,-6302,-8073,random_seed_20260220
random_07850,random,,8264,-3591,random_seed_20260220
random_07851,random,,1560,-4701,random_seed_20260220
random_07852,random,,3989,-7032,random_seed_20260220
random_07853,random,,-2696,-7885,random_seed_20260220
random_07854,random,,9562,3237,random_seed_20260220
random_07855,random,,-1167,8262,random_seed_20260220
random_07856,random,,6480,8385,random_seed_20260220
random_07857,random,,1075,-2310,random_seed_20260220
random_07858,random,,5943,-250,random_seed_20260220
random_07859,random,,-3644,5413,random_seed_20260220
random_07860,random,,849,87,random_seed_20260220
random_07861,random,,5490,-8176,random_seed_20260220
random_07862,random,,-4457,-9612,random_seed_20260220
random_07863,random,,-9701,7622,random_seed_20260220
random_07864,random,,-7592,1569,random_seed_20260220
random_07865,random,,-5951,4271,random_seed_20260220
random_07866,random,,2311,2066,random_seed_20260220
random_07867,random,,3289,5533,random_seed_20260220
random_07868,random,,-8183,-1934,random_seed_20260220
random_07869,random,,9690,-4845,random_seed_20260220
random_07870,random,,6280,-5088,random_seed_20260220
random_07871,random,,2240,-7401,random_seed_20260220
random_07872,random,,4092,4600,random_seed_20260220
random_07873,random,,2617,-3005,random_seed_20260220
random_07874,random,,-4103,-8152,random_seed_20260220
random_07875,random,,-6519,7822,random_seed_20260220
random_07876,random,,-3895,7486,random_seed_20260220
random_07877,random,,-6856,-3587,random_seed_20260220
random_07878,random,,9655,812,random_seed_20260220
random_07879,random,,-3256,5142,random_seed_20260220
random_07880,random,,-2848,-127,random_seed_20260220
random_07881,random,,9328,1279,random_seed_20260220
random_07882,random,,7082,-6326,random_seed_20260220
random_07883,random,,-3229,-9508,random_seed_20260220
random_07884,random,,9427,-2532,random_seed_20260220
random_07885,random,,-3408,-4955,random_seed_20260220
random_07886,random,,-197,6852,random_seed_20260220
random_07887,random,,9866,8384,random_seed_20260220
random_07888,random,,-9787,-723,random_seed_20260220
random_07889,random,,-2184,-6386,random_seed_20260220
random_07890,random,,5293,-7790,random_seed_20260220
random_07891,random,,-6952,-9443,random_seed_20260220
random_07892,random,,9809,8190,random_seed_20260220
random_07893,random,,-3683,7663,random_seed_20260220
random_07894,random,,-8964,-3790,random_seed_20260220
random_07895,random,,1221,-9495,random_seed_20260220
random_07896,random,,8491,-7884,random_seed_20260220
random_07897,random,,9873,6828,random_seed_20260220
random_07898,random,,-3280,-3373,random_seed_20260220
random_07899,random,,5525,-5450,random_seed_20260220
random_07900,random,,-3939,2291,random_seed_20260220
random_07901,random,,1004,1268,random_seed_20260220
random_07902,random,,-4525,6449,random_seed_20260220
random_07903,random,,-471,3742,random_seed_20260220
random_07904,random,,-1690,9837,random_seed_20260220
random_07905,random,,-7764,-9368,random_seed_20260220
random_07906,random,,8688,7403,random_seed_20260220
random_07907,random,,5720,1639,random_seed_20260220
random_07908,random,,-1441,2262,random_seed_20260220
random_07909,random,,-6763,-7624,random_seed_20260220
random_07910,random,,6382,7864,random_seed_20260220
random_07911,random,,-9860,4406,random_seed_20260220
random_07912,random,,591,-4221,random_seed_20260220
random_07913,random,,5635,2507,random_seed_20260220
random_07914,random,,7555,-645,random_seed_20260220
random_07915,random,,30,-8695,random_seed_20260220
random_07916,random,,3588,8710,random_seed_20260220
random_07917,random,,-1269,-8409,random_seed_20260220
random_07918,random,,-3591,9545,random_seed_20260220
random_07919,random,,-6109,2596,random_seed_20260220
random_07920,random,,-3698,-4692,random_seed_20260220
random_07921,random,,-7540,-3792,random_seed_20260220
random_07922,random,,-7691,2805,random_seed_20260220
random_07923,random,,4913,2309,random_seed_20260220
random_07924,random,,-3736,-1254,random_seed_20260220
random_07925,random,,4896,-4986,random_seed_20260220
random_07926,random,,8218,2277,random_seed_20260220
random_07927,random,,-4228,6168,random_seed_20260220
random_07928,random,,-9452,5424,random_seed_20260220
random_07929,random,,-1663,8392,random_seed_20260220
random_07930,random,,-7091,-1823,random_seed_20260220
random_07931,random,,4256,9007,random_seed_20260220
random_07932,random,,7891,-1079,random_seed_20260220
random_07933,random,,-8361,-4898,random_seed_20260220
random_07934,random,,7530,-7604,random_seed_20260220
random_07935,random,,5511,7406,random_seed_20260220
random_07936,random,,-4438,597,random_seed_20260220
random_07937,random,,-3650,7335,random_seed_20260220
random_07938,random,,594,4000,random_seed_20260220
random_07939,random,,-1047,4872,random_seed_20260220
random_07940,random,,1517,-6947,random_seed_20260220
random_07941,random,,4986,-206,random_seed_20260220
random_07942,random,,-4327,3143,random_seed_20260220
random_07943,random,,1508,5399,random_seed_20260220
random_07944,random,,-8753,-9908,random_seed_20260220
random_07945,random,,5305,-5073,random_seed_20260220
random_07946,random,,3856,6863,random_seed_20260220
random_07947,random,,5642,1747,random_seed_20260220
random_07948,random,,7019,-950,random_seed_20260220
random_07949,random,,134,-5365,random_seed_20260220
random_07950,random,,-4680,-3607,random_seed_20260220
random_07951,random,,5803,-2632,random_seed_20260220
random_07952,random,,7273,-5545,random_seed_20260220
random_07953,random,,-2350,5618,random_seed_20260220
random_07954,random,,5089,9375,random_seed_20260220
random_07955,random,,-5550,-4054,random_seed_20260220
random_07956,random,,2011,3074,random_seed_20260220
random_07957,random,,9405,7504,random_seed_20260220
random_07958,random,,-6905,7764,random_seed_20260220
random_07959,random,,2218,-1099,random_seed_20260220
random_07960,random,,-2280,5794,random_seed_20260220
random_07961,random,,-3466,-1691,random_seed_20260220
random_07962,random,,1678,9281,random_seed_20260220
random_07963,random,,8075,-9438,random_seed_20260220
random_07964,random,,4511,4682,random_seed_20260220
random_07965,random,,3169,5437,random_seed_20260220
random_07966,random,,-4381,-4100,random_seed_20260220
random_07967,random,,1932,2109,random_seed_20260220
random_07968,random,,4524,1341,random_seed_20260220
random_07969,random,,-9995,-9713,random_seed_20260220
random_07970,random,,-7009,-6025,random_seed_20260220
random_07971,random,,-9504,3375,random_seed_20260220
random_07972,random,,-6010,8267,random_seed_20260220
random_07973,random,,8818,-9238,random_seed_20260220
random_07974,random,,6331,7621,random_seed_20260220
random_07975,random,,2107,48,random_seed_20260220
random_07976,random,,-75,-343,random_seed_20260220
random_07977,random,,7687,8726,random_seed_20260220
random_07978,random,,8251,-9308,random_seed_20260220
random_07979,random,,-671,2969,random_seed_20260220
random_07980,random,,-2060,-9141,random_seed_20260220
random_07981,random,,-8861,-6936,random_seed_20260220
random_07982,random,,1999,-6260,random_seed_20260220
random_07983,random,,163,-3516,random_seed_20260220
random_07984,random,,7707,-4959,random_seed_20260220
random_07985,random,,8887,-3728,random_seed_20260220
random_07986,random,,-2476,5068,random_seed_20260220
random_07987,random,,3322,3621,random_seed_20260220
random_07988,random,,-1155,-9622,random_seed_20260220
random_07989,random,,-2398,-1943,random_seed_20260220
random_07990,random,,3095,3583,random_seed_20260220
random_07991,random,,7004,-8683,random_seed_20260220
random_07992,random,,194,-768,random_seed_20260220
random_07993,random,,-9095,2492,random_seed_20260220
random_07994,random,,-4087,-3796,random_seed_20260220
random_07995,random,,-6328,-323,random_seed_20260220
random_07996,random,,9391,7349,random_seed_20260220
random_07997,random,,8448,6010,random_seed_20260220
random_07998,random,,5029,8054,random_seed_20260220
random_07999,random,,-6814,7367,random_seed_20260220
random_08000,random,,4416,6715,random_seed_20260220
random_08001,random,,-401,-698,random_seed_20260220
random_08002,random,,5283,5016,random_seed_20260220
random_08003,random,,-7381,5746,random_seed_20260220
random_08004,random,,6614,6164,random_seed_20260220
random_08005,random,,3016,-5937,random_seed_20260220
random_08006,random,,4894,-6580,random_seed_20260220
random_08007,random,,1059,-893,random_seed_20260220
random_08008,random,,-4966,-4792,random_seed_20260220
random_08009,random,,6491,8822,random_seed_20260220
random_08010,random,,-7830,-439,random_seed_20260220
random_08011,random,,8566,-9499,random_seed_20260220
random_08012,random,,7397,-3319,random_seed_20260220
random_08013,random,,7279,8082,random_seed_20260220
random_08014,random,,-1660,-2199,random_seed_20260220
random_08015,random,,223,6703,random_seed_20260220
random_08016,random,,-6243,-5065,random_seed_20260220
random_08017,random,,-6380,7067,random_seed_20260220
random_08018,random,,-2190,-8167,random_seed_20260220
random_08019,random,,-6127,6867,random_seed_20260220
random_08020,random,,-1295,-2571,random_seed_20260220
random_08021,random,,8649,-7041,random_seed_20260220
random_08022,random,,6819,1494,random_seed_20260220
random_08023,random,,1253,4702,random_seed_20260220
random_08024,random,,3593,-6424,random_seed_20260220
random_08025,random,,3648,-3366,random_seed_20260220
random_08026,random,,-7243,5644,random_seed_20260220
random_08027,random,,9308,-9781,random_seed_20260220
random_08028,random,,-4996,1590,random_seed_20260220
random_08029,random,,5677,349,random_seed_20260220
random_08030,random,,-3538,-1541,random_seed_20260220
random_08031,random,,5425,7573,random_seed_20260220
random_08032,random,,-4183,8074,random_seed_20260220
random_08033,random,,5456,-6727,random_seed_20260220
random_08034,random,,-9218,1832,random_seed_20260220
random_08035,random,,-988,-3358,random_seed_20260220
random_08036,random,,-8188,5452,random_seed_20260220
random_08037,random,,5567,2446,random_seed_20260220
random_08038,random,,8989,-1892,random_seed_20260220
random_08039,random,,-7696,3723,random_seed_20260220
random_08040,random,,-2935,-6742,random_seed_20260220
random_08041,random,,-2432,1624,random_seed_20260220
random_08042,random,,6772,2704,random_seed_20260220
random_08043,random,,6214,2594,random_seed_20260220
random_08044,random,,-10,-4446,random_seed_20260220
random_08045,random,,1412,-9964,random_seed_20260220
random_08046,random,,4477,-5481,random_seed_20260220
random_08047,random,,9040,-1580,random_seed_20260220
random_08048,random,,-4671,5701,random_seed_20260220
random_08049,random,,9320,4542,random_seed_20260220
random_08050,random,,-1161,3652,random_seed_20260220
random_08051,random,,5453,-3943,random_seed_20260220
random_08052,random,,-5550,407,random_seed_20260220
random_08053,random,,9986,-757,random_seed_20260220
random_08054,random,,-2313,4481,random_seed_20260220
random_08055,random,,-4158,6173,random_seed_20260220
random_08056,random,,-5982,-1648,random_seed_20260220
random_08057,random,,-9154,4018,random_seed_20260220
random_08058,random,,-6787,-9470,random_seed_20260220
random_08059,random,,1607,-7499,random_seed_20260220
random_08060,random,,-8779,-8294,random_seed_20260220
random_08061,random,,-149,5523,random_seed_20260220
random_08062,random,,4,2104,random_seed_20260220
random_08063,random,,6940,5013,random_seed_20260220
random_08064,random,,-8220,6138,random_seed_20260220
random_08065,random,,-9762,5271,random_seed_20260220
random_08066,random,,-7952,651,random_seed_20260220
random_08067,random,,8522,4710,random_seed_20260220
random_08068,random,,6980,-8017,random_seed_20260220
random_08069,random,,-6320,6649,random_seed_20260220
random_08070,random,,2562,7462,random_seed_20260220
random_08071,random,,-5169,-2679,random_seed_20260220
random_08072,random,,8747,-9930,random_seed_20260220
random_08073,random,,4079,-9819,random_seed_20260220
random_08074,random,,-3268,1822,random_seed_20260220
random_08075,random,,-2482,-783,random_seed_20260220
random_08076,random,,5571,-3141,random_seed_20260220
random_08077,random,,4866,4625,random_seed_20260220
random_08078,random,,-2770,-2535,random_seed_20260220
random_08079,random,,792,4102,random_seed_20260220
random_08080,random,,28,-5258,random_seed_20260220
random_08081,random,,4160,-8616,random_seed_20260220
random_08082,random,,567,6365,random_seed_20260220
random_08083,random,,8431,-9258,random_seed_20260220
random_08084,random,,8118,-4391,random_seed_20260220
random_08085,random,,4903,-2223,random_seed_20260220
random_08086,random,,9468,-7402,random_seed_20260220
random_08087,random,,-5819,9672,random_seed_20260220
random_08088,random,,9983,1772,random_seed_20260220
random_08089,random,,4216,-937,random_seed_20260220
random_08090,random,,6776,3637,random_seed_20260220
random_08091,random,,4122,-4601,random_seed_20260220
random_08092,random,,-4816,-1915,random_seed_20260220
random_08093,random,,72,-7285,random_seed_20260220
random_08094,random,,-1557,9264,random_seed_20260220
random_08095,random,,7730,-2480,random_seed_20260220
random_08096,random,,-5076,-8802,random_seed_20260220
random_08097,random,,2482,-3642,random_seed_20260220
random_08098,random,,-1867,-8299,random_seed_20260220
random_08099,random,,7795,-694,random_seed_20260220
random_08100,random,,-2276,-5283,random_seed_20260220
random_08101,random,,5464,5214,random_seed_20260220
random_08102,random,,-613,-6273,random_seed_20260220
random_08103,random,,4974,6700,random_seed_20260220
random_08104,random,,-2493,-6055,random_seed_20260220
random_08105,random,,5530,6469,random_seed_20260220
random_08106,random,,-2020,8685,random_seed_20260220
random_08107,random,,4630,-5028,random_seed_20260220
random_08108,random,,4017,-8250,random_seed_20260220
random_08109,random,,677,-7286,random_seed_20260220
random_08110,random,,-75,2794,random_seed_20260220
random_08111,random,,-8212,-3038,random_seed_20260220
random_08112,random,,-7830,3141,random_seed_20260220
random_08113,random,,7251,2144,random_seed_20260220
random_08114,random,,-800,-4538,random_seed_20260220
random_08115,random,,5875,327,random_seed_20260220
random_08116,random,,-5796,5693,random_seed_20260220
random_08117,random,,-8106,2215,random_seed_20260220
random_08118,random,,9310,6044,random_seed_20260220
random_08119,random,,-2541,-222,random_seed_20260220
random_08120,random,,-7907,2077,random_seed_20260220
random_08121,random,,-8553,-7497,random_seed_20260220
random_08122,random,,-3315,-3972,random_seed_20260220
random_08123,random,,-4764,-5349,random_seed_20260220
random_08124,random,,5192,-7531,random_seed_20260220
random_08125,random,,3809,-3006,random_seed_20260220
random_08126,random,,4366,844,random_seed_20260220
random_08127,random,,9973,-5150,random_seed_20260220
random_08128,random,,500,2225,random_seed_20260220
random_08129,random,,800,8180,random_seed_20260220
random_08130,random,,8548,-1217,random_seed_20260220
random_08131,random,,-57,6737,random_seed_20260220
random_08132,random,,-7491,8701,random_seed_20260220
random_08133,random,,-6002,-8034,random_seed_20260220
random_08134,random,,7766,-7740,random_seed_20260220
random_08135,random,,6313,2706,random_seed_20260220
random_08136,random,,-5954,-202,random_seed_20260220
random_08137,random,,-8978,-8409,random_seed_20260220
random_08138,random,,-2467,-1193,random_seed_20260220
random_08139,random,,4281,9933,random_seed_20260220
random_08140,random,,-2498,-1192,random_seed_20260220
random_08141,random,,-2598,6538,random_seed_20260220
random_08142,random,,-1471,386,random_seed_20260220
random_08143,random,,-2527,-288,random_seed_20260220
random_08144,random,,-1847,6682,random_seed_20260220
random_08145,random,,-636,8407,random_seed_20260220
random_08146,random,,-3248,-8742,random_seed_20260220
random_08147,random,,3011,-946,random_seed_20260220
random_08148,random,,-1765,3300,random_seed_20260220
random_08149,random,,6918,-8771,random_seed_20260220
random_08150,random,,-5045,6634,random_seed_20260220
random_08151,random,,-5557,-6227,random_seed_20260220
random_08152,random,,-8794,1673,random_seed_20260220
random_08153,random,,10000,-4534,random_seed_20260220
random_08154,random,,-9658,8322,random_seed_20260220
random_08155,random,,-4470,3461,random_seed_20260220
random_08156,random,,3562,-3255,random_seed_20260220
random_08157,random,,7988,-6642,random_seed_20260220
random_08158,random,,-6463,-6806,random_seed_20260220
random_08159,random,,5967,-3376,random_seed_20260220
random_08160,random,,1267,-2731,random_seed_20260220
random_08161,random,,-7567,9575,random_seed_20260220
random_08162,random,,9984,-3775,random_seed_20260220
random_08163,random,,9323,-3498,random_seed_20260220
random_08164,random,,1205,9245,random_seed_20260220
random_08165,random,,-8891,-9206,random_seed_20260220
random_08166,random,,6493,-9030,random_seed_20260220
random_08167,random,,-8676,6518,random_seed_20260220
random_08168,random,,3398,-915,random_seed_20260220
random_08169,random,,1156,-7278,random_seed_20260220
random_08170,random,,-875,2361,random_seed_20260220
random_08171,random,,-2154,-9164,random_seed_20260220
random_08172,random,,-7288,3308,random_seed_20260220
random_08173,random,,-4395,2752,random_seed_20260220
random_08174,random,,5357,-8131,random_seed_20260220
random_08175,random,,7291,3470,random_seed_20260220
random_08176,random,,7554,9382,random_seed_20260220
random_08177,random,,7424,-7814,random_seed_20260220
random_08178,random,,-3938,-9274,random_seed_20260220
random_08179,random,,-1796,2411,random_seed_20260220
random_08180,random,,-9212,9133,random_seed_20260220
random_08181,random,,4522,9382,random_seed_20260220
random_08182,random,,9762,1282,random_seed_20260220
random_08183,random,,-5284,1176,random_seed_20260220
random_08184,random,,-6652,-8519,random_seed_20260220
random_08185,random,,1661,117,random_seed_20260220
random_08186,random,,-6597,3741,random_seed_20260220
random_08187,random,,5086,-3553,random_seed_20260220
random_08188,random,,-1548,-2110,random_seed_20260220
random_08189,random,,6762,6442,random_seed_20260220
random_08190,random,,-2492,-5069,random_seed_20260220
random_08191,random,,4442,5436,random_seed_20260220
random_08192,random,,3858,4397,random_seed_20260220
random_08193,random,,5162,761,random_seed_20260220
random_08194,random,,4284,6084,random_seed_20260220
random_08195,random,,1691,2681,random_seed_20260220
random_08196,random,,3316,9620,random_seed_20260220
random_08197,random,,7516,5741,random_seed_20260220
random_08198,random,,5105,7664,random_seed_20260220
random_08199,random,,-8561,8130,random_seed_20260220
random_08200,random,,-6552,4549,random_seed_20260220
random_08201,random,,-27,-3865,random_seed_20260220
random_08202,random,,-2993,9444,random_seed_20260220
random_08203,random,,-562,-3253,random_seed_20260220
random_08204,random,,8858,-1909,random_seed_20260220
random_08205,random,,572,-8423,random_seed_20260220
random_08206,random,,4232,-3554,random_seed_20260220
random_08207,random,,6347,7323,random_seed_20260220
random_08208,random,,-2004,-4438,random_seed_20260220
random_08209,random,,-8119,550,random_seed_20260220
random_08210,random,,-3279,-6759,random_seed_20260220
random_08211,random,,7641,4168,random_seed_20260220
random_08212,random,,-5257,1571,random_seed_20260220
random_08213,random,,-6087,1973,random_seed_20260220
random_08214,random,,-6237,5933,random_seed_20260220
random_08215,random,,-2040,-469,random_seed_20260220
random_08216,random,,8468,-5599,random_seed_20260220
random_08217,random,,9911,-5672,random_seed_20260220
random_08218,random,,5313,4086,random_seed_20260220
random_08219,random,,-9533,-6657,random_seed_20260220
random_08220,random,,617,5098,random_seed_20260220
random_08221,random,,2914,568,random_seed_20260220
random_08222,random,,8591,-7667,random_seed_20260220
random_08223,random,,-7980,8857,random_seed_20260220
random_08224,random,,6459,-239,random_seed_20260220
random_08225,random,,117,-4251,random_seed_20260220
random_08226,random,,-9586,-9249,random_seed_20260220
random_08227,random,,-2702,6814,random_seed_20260220
random_08228,random,,-2427,-2684,random_seed_20260220
random_08229,random,,2812,240,random_seed_20260220
random_08230,random,,-6646,582,random_seed_20260220
random_08231,random,,1219,-3291,random_seed_20260220
random_08232,random,,9798,4931,random_seed_20260220
random_08233,random,,4274,2380,random_seed_20260220
random_08234,random,,-495,8418,random_seed_20260220
random_08235,random,,6100,-8602,random_seed_20260220
random_08236,random,,2313,4190,random_seed_20260220
random_08237,random,,5799,7758,random_seed_20260220
random_08238,random,,-4373,-1399,random_seed_20260220
random_08239,random,,7818,8072,random_seed_20260220
random_08240,random,,1469,9640,random_seed_20260220
random_08241,random,,-5462,440,random_seed_20260220
random_08242,random,,6743,-3702,random_seed_20260220
random_08243,random,,2688,-4052,random_seed_20260220
random_08244,random,,6043,-965,random_seed_20260220
random_08245,random,,7089,333,random_seed_20260220
random_08246,random,,5957,-2287,random_seed_20260220
random_08247,random,,-3576,2784,random_seed_20260220
random_08248,random,,-2740,9698,random_seed_20260220
random_08249,random,,-4429,8747,random_seed_20260220
random_08250,random,,7835,-3192,random_seed_20260220
random_08251,random,,-419,2440,random_seed_20260220
random_08252,random,,3941,3874,random_seed_20260220
random_08253,random,,-7496,-8919,random_seed_20260220
random_08254,random,,-4969,-4505,random_seed_20260220
random_08255,random,,3872,-4772,random_seed_20260220
random_08256,random,,-8700,5591,random_seed_20260220
random_08257,random,,-7866,4180,random_seed_20260220
random_08258,random,,-265,9977,random_seed_20260220
random_08259,random,,-349,4950,random_seed_20260220
random_08260,random,,6262,7301,random_seed_20260220
random_08261,random,,659,-316,random_seed_20260220
random_08262,random,,7167,9653,random_seed_20260220
random_08263,random,,-5689,-7990,random_seed_20260220
random_08264,random,,-3066,-1413,random_seed_20260220
random_08265,random,,6340,3948,random_seed_20260220
random_08266,random,,-878,2315,random_seed_20260220
random_08267,random,,-2843,-4874,random_seed_20260220
random_08268,random,,8607,-734,random_seed_20260220
random_08269,random,,4223,-2412,random_seed_20260220
random_08270,random,,-1871,-2303,random_seed_20260220
random_08271,random,,-1894,-9279,random_seed_20260220
random_08272,random,,-9277,5058,random_seed_20260220
random_08273,random,,5710,2838,random_seed_20260220
random_08274,random,,381,-5668,random_seed_20260220
random_08275,random,,794,-3076,random_seed_20260220
random_08276,random,,5034,-4982,random_seed_20260220
random_08277,random,,6895,-5713,random_seed_20260220
random_08278,random,,9191,2515,random_seed_20260220
random_08279,random,,-5829,3702,random_seed_20260220
random_08280,random,,-651,2565,random_seed_20260220
random_08281,random,,-6911,7420,random_seed_20260220
random_08282,random,,-1454,-1159,random_seed_20260220
random_08283,random,,-9132,-1923,random_seed_20260220
random_08284,random,,-9545,-2834,random_seed_20260220
random_08285,random,,-7701,-1696,random_seed_20260220
random_08286,random,,-8191,8896,random_seed_20260220
random_08287,random,,-8308,8111,random_seed_20260220
random_08288,random,,83,-813,random_seed_20260220
random_08289,random,,-2185,9318,random_seed_20260220
random_08290,random,,-7022,-4089,random_seed_20260220
random_08291,random,,4232,-1572,random_seed_20260220
random_08292,random,,3555,-5009,random_seed_20260220
random_08293,random,,246,-2696,random_seed_20260220
random_08294,random,,-5198,-143,random_seed_20260220
random_08295,random,,-5979,-1418,random_seed_20260220
random_08296,random,,1680,-9215,random_seed_20260220
random_08297,random,,7932,7908,random_seed_20260220
random_08298,random,,-6636,-7505,random_seed_20260220
random_08299,random,,9299,8275,random_seed_20260220
random_08300,random,,7517,-8111,random_seed_20260220
random_08301,random,,-5516,-9874,random_seed_20260220
random_08302,random,,8976,1966,random_seed_20260220
random_08303,random,,-8562,-7365,random_seed_20260220
random_08304,random,,-4879,7551,random_seed_20260220
random_08305,random,,6599,-4128,random_seed_20260220
random_08306,random,,8422,5497,random_seed_20260220
random_08307,random,,4795,-9873,random_seed_20260220
random_08308,random,,-4651,9565,random_seed_20260220
random_08309,random,,2469,588,random_seed_20260220
random_08310,random,,5373,-6483,random_seed_20260220
random_08311,random,,7086,6856,random_seed_20260220
random_08312,random,,-6987,-1761,random_seed_20260220
random_08313,random,,-9528,-3489,random_seed_20260220
random_08314,random,,-1575,-1339,random_seed_20260220
random_08315,random,,-5795,7590,random_seed_20260220
random_08316,random,,1667,4925,random_seed_20260220
random_08317,random,,2251,-6413,random_seed_20260220
random_08318,random,,5502,-5991,random_seed_20260220
random_08319,random,,8908,-796,random_seed_20260220
random_08320,random,,-5628,5426,random_seed_20260220
random_08321,random,,8724,-8067,random_seed_20260220
random_08322,random,,-9618,-1971,random_seed_20260220
random_08323,random,,-8624,-7209,random_seed_20260220
random_08324,random,,7069,3287,random_seed_20260220
random_08325,random,,-4542,-398,random_seed_20260220
random_08326,random,,-3689,-1822,random_seed_20260220
random_08327,random,,-7599,7360,random_seed_20260220
random_08328,random,,1066,-5869,random_seed_20260220
random_08329,random,,8646,-7412,random_seed_20260220
random_08330,random,,9938,3674,random_seed_20260220
random_08331,random,,-3726,3056,random_seed_20260220
random_08332,random,,249,-4027,random_seed_20260220
random_08333,random,,-1788,7933,random_seed_20260220
random_08334,random,,6736,-2922,random_seed_20260220
random_08335,random,,6742,-3528,random_seed_20260220
random_08336,random,,6092,1188,random_seed_20260220
random_08337,random,,-8214,-7930,random_seed_20260220
random_08338,random,,2482,-5151,random_seed_20260220
random_08339,random,,-991,7435,random_seed_20260220
random_08340,random,,-7300,-6737,random_seed_20260220
random_08341,random,,3913,-6264,random_seed_20260220
random_08342,random,,-2287,-6142,random_seed_20260220
random_08343,random,,-4002,-4124,random_seed_20260220
random_08344,random,,127,-8806,random_seed_20260220
random_08345,random,,5785,-3356,random_seed_20260220
random_08346,random,,7825,4088,random_seed_20260220
random_08347,random,,-9772,-2722,random_seed_20260220
random_08348,random,,-2226,-5469,random_seed_20260220
random_08349,random,,-9008,3468,random_seed_20260220
random_08350,random,,1565,5736,random_seed_20260220
random_08351,random,,3249,-2465,random_seed_20260220
random_08352,random,,-4727,5464,random_seed_20260220
random_08353,random,,-7259,7841,random_seed_20260220
random_08354,random,,7417,-2953,random_seed_20260220
random_08355,random,,-8694,8643,random_seed_20260220
random_08356,random,,6697,5471,random_seed_20260220
random_08357,random,,1705,2107,random_seed_20260220
random_08358,random,,5505,3978,random_seed_20260220
random_08359,random,,4140,-5903,random_seed_20260220
random_08360,random,,111,6208,random_seed_20260220
random_08361,random,,7318,-4803,random_seed_20260220
random_08362,random,,735,-5257,random_seed_20260220
random_08363,random,,685,8712,random_seed_20260220
random_08364,random,,-7183,7100,random_seed_20260220
random_08365,random,,-8203,498,random_seed_20260220
random_08366,random,,-3165,277,random_seed_20260220
random_08367,random,,-9259,-6943,random_seed_20260220
random_08368,random,,6935,-6752,random_seed_20260220
random_08369,random,,-7800,-9763,random_seed_20260220
random_08370,random,,1223,7573,random_seed_20260220
random_08371,random,,-8198,2372,random_seed_20260220
random_08372,random,,9126,7102,random_seed_20260220
random_08373,random,,-9745,-6214,random_seed_20260220
random_08374,random,,2727,4545,random_seed_20260220
random_08375,random,,-4961,7181,random_seed_20260220
random_08376,random,,-5956,9051,random_seed_20260220
random_08377,random,,-6678,-1003,random_seed_20260220
random_08378,random,,-3769,-5665,random_seed_20260220
random_08379,random,,-2546,587,random_seed_20260220
random_08380,random,,3491,653,random_seed_20260220
random_08381,random,,5156,-9091,random_seed_20260220
random_08382,random,,-394,-7682,random_seed_20260220
random_08383,random,,-4261,4835,random_seed_20260220
random_08384,random,,3612,1844,random_seed_20260220
random_08385,random,,1711,1207,random_seed_20260220
random_08386,random,,6602,-4626,random_seed_20260220
random_08387,random,,9835,-1147,random_seed_20260220
random_08388,random,,-3455,-9623,random_seed_20260220
random_08389,random,,168,9266,random_seed_20260220
random_08390,random,,-1632,-4697,random_seed_20260220
random_08391,random,,-9008,-9129,random_seed_20260220
random_08392,random,,1769,-2289,random_seed_20260220
random_08393,random,,2925,-9165,random_seed_20260220
random_08394,random,,474,-7922,random_seed_20260220
random_08395,random,,-1614,6679,random_seed_20260220
random_08396,random,,-8270,-930,random_seed_20260220
random_08397,random,,7775,-8980,random_seed_20260220
random_08398,random,,7693,1403,random_seed_20260220
random_08399,random,,-8671,9500,random_seed_20260220
random_08400,random,,5878,9046,random_seed_20260220
random_08401,random,,5119,-8609,random_seed_20260220
random_08402,random,,99,2701,random_seed_20260220
random_08403,random,,-813,4666,random_seed_20260220
random_08404,random,,-6350,8088,random_seed_20260220
random_08405,random,,9234,6978,random_seed_20260220
random_08406,random,,5333,-2363,random_seed_20260220
random_08407,random,,7772,-1147,random_seed_20260220
random_08408,random,,-5239,-9581,random_seed_20260220
random_08409,random,,1411,-8343,random_seed_20260220
random_08410,random,,7617,9291,random_seed_20260220
random_08411,random,,2007,8014,random_seed_20260220
random_08412,random,,-2874,984,random_seed_20260220
random_08413,random,,-9440,-888,random_seed_20260220
random_08414,random,,-1603,9462,random_seed_20260220
random_08415,random,,-657,9309,random_seed_20260220
random_08416,random,,6669,-6990,random_seed_20260220
random_08417,random,,-6622,-6495,random_seed_20260220
random_08418,random,,5337,-2711,random_seed_20260220
random_08419,random,,8502,1141,random_seed_20260220
random_08420,random,,6321,4293,random_seed_20260220
random_08421,random,,5251,408,random_seed_20260220
random_08422,random,,6996,-3072,random_seed_20260220
random_08423,random,,7409,-4970,random_seed_20260220
random_08424,random,,-3369,-5491,random_seed_20260220
random_08425,random,,-5532,-3219,random_seed_20260220
random_08426,random,,-6846,4136,random_seed_20260220
random_08427,random,,-2201,3228,random_seed_20260220
random_08428,random,,4581,-2939,random_seed_20260220
random_08429,random,,-3143,1244,random_seed_20260220
random_08430,random,,6098,2249,random_seed_20260220
random_08431,random,,-4215,-1908,random_seed_20260220
random_08432,random,,-5450,4223,random_seed_20260220
random_08433,random,,-4649,-7431,random_seed_20260220
random_08434,random,,-4043,-1901,random_seed_20260220
random_08435,random,,5894,-926,random_seed_20260220
random_08436,random,,-4400,-475,random_seed_20260220
random_08437,random,,-6111,6760,random_seed_20260220
random_08438,random,,-6716,3339,random_seed_20260220
random_08439,random,,8338,3444,random_seed_20260220
random_08440,random,,9651,-6167,random_seed_20260220
random_08441,random,,-4453,1422,random_seed_20260220
random_08442,random,,3761,-6182,random_seed_20260220
random_08443,random,,6112,-3593,random_seed_20260220
random_08444,random,,7456,-3752,random_seed_20260220
random_08445,random,,7713,1596,random_seed_20260220
random_08446,random,,1757,1404,random_seed_20260220
random_08447,random,,-5458,2591,random_seed_20260220
random_08448,random,,1113,-597,random_seed_20260220
random_08449,random,,8383,5732,random_seed_20260220
random_08450,random,,982,2343,random_seed_20260220
random_08451,random,,4868,1939,random_seed_20260220
random_08452,random,,-6593,-4198,random_seed_20260220
random_08453,random,,3471,-309,random_seed_20260220
random_08454,random,,9267,5819,random_seed_20260220
random_08455,random,,4501,8767,random_seed_20260220
random_08456,random,,5883,-2955,random_seed_20260220
random_08457,random,,4881,1250,random_seed_20260220
random_08458,random,,-9252,-6224,random_seed_20260220
random_08459,random,,813,5688,random_seed_20260220
random_08460,random,,2964,-3509,random_seed_20260220
random_08461,random,,-4149,8966,random_seed_20260220
random_08462,random,,3722,56,random_seed_20260220
random_08463,random,,-7416,-9341,random_seed_20260220
random_08464,random,,9638,4566,random_seed_20260220
random_08465,random,,-602,-4662,random_seed_20260220
random_08466,random,,6297,-2734,random_seed_20260220
random_08467,random,,7803,4210,random_seed_20260220
random_08468,random,,-3961,-5670,random_seed_20260220
random_08469,random,,5865,133,random_seed_20260220
random_08470,random,,-7118,9173,random_seed_20260220
random_08471,random,,-331,6819,random_seed_20260220
random_08472,random,,-3471,8472,random_seed_20260220
random_08473,random,,-5574,138,random_seed_20260220
random_08474,random,,1075,-7585,random_seed_20260220
random_08475,random,,4839,-3397,random_seed_20260220
random_08476,random,,-7534,-2527,random_seed_20260220
random_08477,random,,-7081,-3915,random_seed_20260220
random_08478,random,,-4776,8212,random_seed_20260220
random_08479,random,,-6776,8704,random_seed_20260220
random_08480,random,,-6506,-4323,random_seed_20260220
random_08481,random,,-281,-6470,random_seed_20260220
random_08482,random,,2326,-587,random_seed_20260220
random_08483,random,,1642,3332,random_seed_20260220
random_08484,random,,-5272,-436,random_seed_20260220
random_08485,random,,7349,2620,random_seed_20260220
random_08486,random,,-2179,4878,random_seed_20260220
random_08487,random,,-2353,-55,random_seed_20260220
random_08488,random,,8138,-3336,random_seed_20260220
random_08489,random,,-3552,2335,random_seed_20260220
random_08490,random,,5051,-7312,random_seed_20260220
random_08491,random,,-6959,2759,random_seed_20260220
random_08492,random,,135,-7001,random_seed_20260220
random_08493,random,,-6104,-2967,random_seed_20260220
random_08494,random,,5738,-6405,random_seed_20260220
random_08495,random,,2649,-862,random_seed_20260220
random_08496,random,,9202,5833,random_seed_20260220
random_08497,random,,-6062,2275,random_seed_20260220
random_08498,random,,1112,3827,random_seed_20260220
random_08499,random,,-7120,3389,random_seed_20260220
random_08500,random,,-2222,2567,random_seed_20260220
random_08501,random,,-6216,-5585,random_seed_20260220
random_08502,random,,-487,7923,random_seed_20260220
random_08503,random,,-7128,-5176,random_seed_20260220
random_08504,random,,-494,-4697,random_seed_20260220
random_08505,random,,9087,-9224,random_seed_20260220
random_08506,random,,-5212,-4152,random_seed_20260220
random_08507,random,,3011,6168,random_seed_20260220
random_08508,random,,2772,2195,random_seed_20260220
random_08509,random,,1609,3331,random_seed_20260220
random_08510,random,,2612,-6141,random_seed_20260220
random_08511,random,,6112,4797,random_seed_20260220
random_08512,random,,-339,-7530,random_seed_20260220
random_08513,random,,-7091,8019,random_seed_20260220
random_08514,random,,-5648,554,random_seed_20260220
random_08515,random,,4994,-3066,random_seed_20260220
random_08516,random,,7243,-5706,random_seed_20260220
random_08517,random,,-2621,685,random_seed_20260220
random_08518,random,,8067,5092,random_seed_20260220
random_08519,random,,-9010,6396,random_seed_20260220
random_08520,random,,1063,2917,random_seed_20260220
random_08521,random,,2966,5716,random_seed_20260220
random_08522,random,,3125,-2207,random_seed_20260220
random_08523,random,,-7285,923,random_seed_20260220
random_08524,random,,-4359,6038,random_seed_20260220
random_08525,random,,-7426,8858,random_seed_20260220
random_08526,random,,6892,-6221,random_seed_20260220
random_08527,random,,-937,-7658,random_seed_20260220
random_08528,random,,8868,4844,random_seed_20260220
random_08529,random,,9538,-1864,random_seed_20260220
random_08530,random,,-8990,4445,random_seed_20260220
random_08531,random,,-3347,-284,random_seed_20260220
random_08532,random,,9822,-4532,random_seed_20260220
random_08533,random,,7948,3850,random_seed_20260220
random_08534,random,,-4804,-794,random_seed_20260220
random_08535,random,,-9020,-3052,random_seed_20260220
random_08536,random,,-4084,869,random_seed_20260220
random_08537,random,,-2030,-180,random_seed_20260220
random_08538,random,,3497,4652,random_seed_20260220
random_08539,random,,436,419,random_seed_20260220
random_08540,random,,-5923,-8036,random_seed_20260220
random_08541,random,,-5392,-8052,random_seed_20260220
random_08542,random,,-5070,-3504,random_seed_20260220
random_08543,random,,-354,-4444,random_seed_20260220
random_08544,random,,-8019,-1042,random_seed_20260220
random_08545,random,,4381,-707,random_seed_20260220
random_08546,random,,5390,-6485,random_seed_20260220
random_08547,random,,8733,3751,random_seed_20260220
random_08548,random,,8555,3515,random_seed_20260220
random_08549,random,,302,758,random_seed_20260220
random_08550,random,,404,-8147,random_seed_20260220
random_08551,random,,-5708,9632,random_seed_20260220
random_08552,random,,-551,1704,random_seed_20260220
random_08553,random,,-2944,9034,random_seed_20260220
random_08554,random,,-7149,-1033,random_seed_20260220
random_08555,random,,9443,6624,random_seed_20260220
random_08556,random,,-6029,-9993,random_seed_20260220
random_08557,random,,-1412,1611,random_seed_20260220
random_08558,random,,-5266,-9331,random_seed_20260220
random_08559,random,,-9666,-546,random_seed_20260220
random_08560,random,,-1021,2114,random_seed_20260220
random_08561,random,,-5491,2409,random_seed_20260220
random_08562,random,,7295,-9907,random_seed_20260220
random_08563,random,,7235,-4281,random_seed_20260220
random_08564,random,,2577,8724,random_seed_20260220
random_08565,random,,9481,-1306,random_seed_20260220
random_08566,random,,4971,-6899,random_seed_20260220
random_08567,random,,-2767,6091,random_seed_20260220
random_08568,random,,-8350,-2837,random_seed_20260220
random_08569,random,,-7714,4526,random_seed_20260220
random_08570,random,,1344,-6698,random_seed_20260220
random_08571,random,,-5170,3898,random_seed_20260220
random_08572,random,,-1877,-4217,random_seed_20260220
random_08573,random,,-9813,6292,random_seed_20260220
random_08574,random,,6320,4044,random_seed_20260220
random_08575,random,,9067,-8406,random_seed_20260220
random_08576,random,,1546,1102,random_seed_20260220
random_08577,random,,6659,9173,random_seed_20260220
random_08578,random,,-2455,-4651,random_seed_20260220
random_08579,random,,-9772,-5189,random_seed_20260220
random_08580,random,,1405,3777,random_seed_20260220
random_08581,random,,3657,2563,random_seed_20260220
random_08582,random,,9914,7787,random_seed_20260220
random_08583,random,,7553,5363,random_seed_20260220
random_08584,random,,5515,8266,random_seed_20260220
random_08585,random,,-448,-6772,random_seed_20260220
random_08586,random,,-3995,-3963,random_seed_20260220
random_08587,random,,1795,-183,random_seed_20260220
random_08588,random,,-9030,1141,random_seed_20260220
random_08589,random,,-4679,9881,random_seed_20260220
random_08590,random,,5368,2848,random_seed_20260220
random_08591,random,,-1344,6674,random_seed_20260220
random_08592,random,,565,673,random_seed_20260220
random_08593,random,,4339,2634,random_seed_20260220
random_08594,random,,838,-8322,random_seed_20260220
random_08595,random,,-2140,6745,random_seed_20260220
random_08596,random,,-800,5108,random_seed_20260220
random_08597,random,,-3973,-5265,random_seed_20260220
random_08598,random,,-8890,-8001,random_seed_20260220
random_08599,random,,-9119,5808,random_seed_20260220
random_08600,random,,-3616,-9420,random_seed_20260220
random_08601,random,,-9665,1292,random_seed_20260220
random_08602,random,,7893,5975,random_seed_20260220
random_08603,random,,5472,-5452,random_seed_20260220
random_08604,random,,-8870,-5040,random_seed_20260220
random_08605,random,,-8678,3163,random_seed_20260220
random_08606,random,,2261,-9775,random_seed_20260220
random_08607,random,,8827,1038,random_seed_20260220
random_08608,random,,6115,-5640,random_seed_20260220
random_08609,random,,-9303,-1844,random_seed_20260220
random_08610,random,,8837,7608,random_seed_20260220
random_08611,random,,1646,-1400,random_seed_20260220
random_08612,random,,-2920,1241,random_seed_20260220
random_08613,random,,-3790,-4407,random_seed_20260220
random_08614,random,,-74,-3137,random_seed_20260220
random_08615,random,,-152,1672,random_seed_20260220
random_08616,random,,-2662,3815,random_seed_20260220
random_08617,random,,5678,5750,random_seed_20260220
random_08618,random,,-8447,6990,random_seed_20260220
random_08619,random,,-4814,-4326,random_seed_20260220
random_08620,random,,-4348,-9647,random_seed_20260220
random_08621,random,,-9562,-3442,random_seed_20260220
random_08622,random,,9481,-8243,random_seed_20260220
random_08623,random,,-7420,2412,random_seed_20260220
random_08624,random,,-7323,-5440,random_seed_20260220
random_08625,random,,-2157,1847,random_seed_20260220
random_08626,random,,-3877,-9830,random_seed_20260220
random_08627,random,,-9179,2765,random_seed_20260220
random_08628,random,,6000,7451,random_seed_20260220
random_08629,random,,-1928,-5920,random_seed_20260220
random_08630,random,,9991,8859,random_seed_20260220
random_08631,random,,738,-4702,random_seed_20260220
random_08632,random,,9356,5127,random_seed_20260220
random_08633,random,,-2967,-5596,random_seed_20260220
random_08634,random,,-7695,-4514,random_seed_20260220
random_08635,random,,6099,8814,random_seed_20260220
random_08636,random,,-8882,7289,random_seed_20260220
random_08637,random,,-3622,-5306,random_seed_20260220
random_08638,random,,1120,463,random_seed_20260220
random_08639,random,,816,9434,random_seed_20260220
random_08640,random,,4043,-4293,random_seed_20260220
random_08641,random,,-8364,-2955,random_seed_20260220
random_08642,random,,-5551,-8585,random_seed_20260220
random_08643,random,,-7979,-7943,random_seed_20260220
random_08644,random,,2237,8385,random_seed_20260220
random_08645,random,,-2436,9516,random_seed_20260220
random_08646,random,,7390,325,random_seed_20260220
random_08647,random,,-278,-6848,random_seed_20260220
random_08648,random,,2188,2979,random_seed_20260220
random_08649,random,,1376,-6945,random_seed_20260220
random_08650,random,,864,-5829,random_seed_20260220
random_08651,random,,2459,2213,random_seed_20260220
random_08652,random,,8037,3664,random_seed_20260220
random_08653,random,,-4960,-597,random_seed_20260220
random_08654,random,,622,-6681,random_seed_20260220
random_08655,random,,932,-7862,random_seed_20260220
random_08656,random,,9687,8198,random_seed_20260220
random_08657,random,,2112,1423,random_seed_20260220
random_08658,random,,-5740,1131,random_seed_20260220
random_08659,random,,-6753,-7491,random_seed_20260220
random_08660,random,,7713,7839,random_seed_20260220
random_08661,random,,4043,8278,random_seed_20260220
random_08662,random,,-7771,-8070,random_seed_20260220
random_08663,random,,-9729,8043,random_seed_20260220
random_08664,random,,5882,-8084,random_seed_20260220
random_08665,random,,3895,3651,random_seed_20260220
random_08666,random,,-3340,-3754,random_seed_20260220
random_08667,random,,317,-9874,random_seed_20260220
random_08668,random,,7346,8912,random_seed_20260220
random_08669,random,,3380,2164,random_seed_20260220
random_08670,random,,5597,810,random_seed_20260220
random_08671,random,,6186,-8908,random_seed_20260220
random_08672,random,,1015,4424,random_seed_20260220
random_08673,random,,-6261,-91,random_seed_20260220
random_08674,random,,-6715,-8604,random_seed_20260220
random_08675,random,,-2122,-5065,random_seed_20260220
random_08676,random,,171,7414,random_seed_20260220
random_08677,random,,4727,-8918,random_seed_20260220
random_08678,random,,2025,5475,random_seed_20260220
random_08679,random,,6466,-5443,random_seed_20260220
random_08680,random,,-140,9061,random_seed_20260220
random_08681,random,,-3283,4363,random_seed_20260220
random_08682,random,,213,-4645,random_seed_20260220
random_08683,random,,467,5901,random_seed_20260220
random_08684,random,,-4366,-1678,random_seed_20260220
random_08685,random,,-4979,5067,random_seed_20260220
random_08686,random,,-9661,-2084,random_seed_20260220
random_08687,random,,-9077,-8092,random_seed_20260220
random_08688,random,,-4711,-3655,random_seed_20260220
random_08689,random,,-2187,-3885,random_seed_20260220
random_08690,random,,-639,585,random_seed_20260220
random_08691,random,,8655,5509,random_seed_20260220
random_08692,random,,1824,-7478,random_seed_20260220
random_08693,random,,7595,-1215,random_seed_20260220
random_08694,random,,-4618,-7518,random_seed_20260220
random_08695,random,,-2800,2209,random_seed_20260220
random_08696,random,,8609,-717,random_seed_20260220
random_08697,random,,5351,3325,random_seed_20260220
random_08698,random,,5988,6536,random_seed_20260220
random_08699,random,,-4727,7474,random_seed_20260220
random_08700,random,,1839,-2652,random_seed_20260220
random_08701,random,,-81,3903,random_seed_20260220
random_08702,random,,9527,2520,random_seed_20260220
random_08703,random,,-2288,-1346,random_seed_20260220
random_08704,random,,-1753,6969,random_seed_20260220
random_08705,random,,-6586,-3632,random_seed_20260220
random_08706,random,,5205,-7464,random_seed_20260220
random_08707,random,,-6651,-104,random_seed_20260220
random_08708,random,,5988,360,random_seed_20260220
random_08709,random,,2225,-444,random_seed_20260220
random_08710,random,,-239,-4130,random_seed_20260220
random_08711,random,,7274,-272,random_seed_20260220
random_08712,random,,4733,-8535,random_seed_20260220
random_08713,random,,3682,1222,random_seed_20260220
random_08714,random,,1639,1011,random_seed_20260220
random_08715,random,,-2252,5468,random_seed_20260220
random_08716,random,,6430,-1229,random_seed_20260220
random_08717,random,,-1809,2742,random_seed_20260220
random_08718,random,,7996,-8206,random_seed_20260220
random_08719,random,,-8207,876,random_seed_20260220
random_08720,random,,7981,-5538,random_seed_20260220
random_08721,random,,9101,-2860,random_seed_20260220
random_08722,random,,-4746,9123,random_seed_20260220
random_08723,random,,1100,-6668,random_seed_20260220
random_08724,random,,7574,9218,random_seed_20260220
random_08725,random,,3160,-1156,random_seed_20260220
random_08726,random,,7643,1649,random_seed_20260220
random_08727,random,,4654,-867,random_seed_20260220
random_08728,random,,-24,947,random_seed_20260220
random_08729,random,,7660,2334,random_seed_20260220
random_08730,random,,-2842,6398,random_seed_20260220
random_08731,random,,9633,171,random_seed_20260220
random_08732,random,,4386,3063,random_seed_20260220
random_08733,random,,4257,-3139,random_seed_20260220
random_08734,random,,-2568,8367,random_seed_20260220
random_08735,random,,9951,4222,random_seed_20260220
random_08736,random,,-1074,-3827,random_seed_20260220
random_08737,random,,-6381,5230,random_seed_20260220
random_08738,random,,-8915,942,random_seed_20260220
random_08739,random,,2806,7312,random_seed_20260220
random_08740,random,,2064,467,random_seed_20260220
random_08741,random,,2808,9194,random_seed_20260220
random_08742,random,,-3861,4137,random_seed_20260220
random_08743,random,,420,-7496,random_seed_20260220
random_08744,random,,-4260,-5315,random_seed_20260220
random_08745,random,,-5518,-1647,random_seed_20260220
random_08746,random,,-2110,-4503,random_seed_20260220
random_08747,random,,-7292,-4922,random_seed_20260220
random_08748,random,,-602,2614,random_seed_20260220
random_08749,random,,7097,5184,random_seed_20260220
random_08750,random,,-6562,-6933,random_seed_20260220
random_08751,random,,9648,-6626,random_seed_20260220
random_08752,random,,-7828,-9611,random_seed_20260220
random_08753,random,,7734,4,random_seed_20260220
random_08754,random,,6631,-9684,random_seed_20260220
random_08755,random,,-1491,4148,random_seed_20260220
random_08756,random,,4960,6702,random_seed_20260220
random_08757,random,,-5718,-3059,random_seed_20260220
random_08758,random,,-2969,2590,random_seed_20260220
random_08759,random,,-7903,7407,random_seed_20260220
random_08760,random,,-1809,7314,random_seed_20260220
random_08761,random,,-7962,-9154,random_seed_20260220
random_08762,random,,-1636,9502,random_seed_20260220
random_08763,random,,2419,-5054,random_seed_20260220
random_08764,random,,1501,1097,random_seed_20260220
random_08765,random,,-8818,870,random_seed_20260220
random_08766,random,,-665,-7208,random_seed_20260220
random_08767,random,,-1327,-9693,random_seed_20260220
random_08768,random,,-7198,-6178,random_seed_20260220
random_08769,random,,5403,808,random_seed_20260220
random_08770,random,,3579,-8679,random_seed_20260220
random_08771,random,,4923,5174,random_seed_20260220
random_08772,random,,3224,-670,random_seed_20260220
random_08773,random,,8552,-3832,random_seed_20260220
random_08774,random,,-8697,8284,random_seed_20260220
random_08775,random,,-5488,2934,random_seed_20260220
random_08776,random,,8148,3650,random_seed_20260220
random_08777,random,,7974,-20,random_seed_20260220
random_08778,random,,-1134,5942,random_seed_20260220
random_08779,random,,-1071,6929,random_seed_20260220
random_08780,random,,-683,-9833,random_seed_20260220
random_08781,random,,-8204,7401,random_seed_20260220
random_08782,random,,-8059,-8418,random_seed_20260220
random_08783,random,,4256,2172,random_seed_20260220
random_08784,random,,-8250,-703,random_seed_20260220
random_08785,random,,437,750,random_seed_20260220
random_08786,random,,4028,1596,random_seed_20260220
random_08787,random,,-8058,6484,random_seed_20260220
random_08788,random,,-3362,1686,random_seed_20260220
random_08789,random,,8227,7554,random_seed_20260220
random_08790,random,,1519,-2458,random_seed_20260220
random_08791,random,,9496,1515,random_seed_20260220
random_08792,random,,4376,8555,random_seed_20260220
random_08793,random,,5820,2434,random_seed_20260220
random_08794,random,,-6818,6980,random_seed_20260220
random_08795,random,,101,7980,random_seed_20260220
random_08796,random,,-7684,2657,random_seed_20260220
random_08797,random,,-6532,1966,random_seed_20260220
random_08798,random,,-428,-6843,random_seed_20260220
random_08799,random,,-2361,-7835,random_seed_20260220
random_08800,random,,-315,-9507,random_seed_20260220
random_08801,random,,6565,-7049,random_seed_20260220
random_08802,random,,4216,-2474,random_seed_20260220
random_08803,random,,-3832,-278,random_seed_20260220
random_08804,random,,350,562,random_seed_20260220
random_08805,random,,6766,-6368,random_seed_20260220
random_08806,random,,8034,-535,random_seed_20260220
random_08807,random,,8611,-226,random_seed_20260220
random_08808,random,,-1962,-2691,random_seed_20260220
random_08809,random,,5709,-3907,random_seed_20260220
random_08810,random,,-1850,2718,random_seed_20260220
random_08811,random,,2252,-5604,random_seed_20260220
random_08812,random,,494,7125,random_seed_20260220
random_08813,random,,-795,1747,random_seed_20260220
random_08814,random,,7475,-6173,random_seed_20260220
random_08815,random,,-3107,8354,random_seed_20260220
random_08816,random,,5765,-6823,random_seed_20260220
random_08817,random,,6326,-7283,random_seed_20260220
random_08818,random,,-3084,-8889,random_seed_20260220
random_08819,random,,60,-4612,random_seed_20260220
random_08820,random,,7023,9214,random_seed_20260220
random_08821,random,,-9650,-370,random_seed_20260220
random_08822,random,,-4439,-9564,random_seed_20260220
random_08823,random,,-8197,-972,random_seed_20260220
random_08824,random,,8043,-4587,random_seed_20260220
random_08825,random,,-6422,-2493,random_seed_20260220
random_08826,random,,-9286,-9461,random_seed_20260220
random_08827,random,,7260,-9188,random_seed_20260220
random_08828,random,,-2953,-1661,random_seed_20260220
random_08829,random,,-664,-5310,random_seed_20260220
random_08830,random,,3151,7252,random_seed_20260220
random_08831,random,,9947,9485,random_seed_20260220
random_08832,random,,-8231,2207,random_seed_20260220
random_08833,random,,3093,-5291,random_seed_20260220
random_08834,random,,-6813,-3041,random_seed_20260220
random_08835,random,,3315,-8044,random_seed_20260220
random_08836,random,,-2402,-8865,random_seed_20260220
random_08837,random,,6664,6392,random_seed_20260220
random_08838,random,,-5936,-4657,random_seed_20260220
random_08839,random,,-8781,1633,random_seed_20260220
random_08840,random,,-9645,-8705,random_seed_20260220
random_08841,random,,-3283,6547,random_seed_20260220
random_08842,random,,216,-2900,random_seed_20260220
random_08843,random,,-7644,4669,random_seed_20260220
random_08844,random,,8760,-8527,random_seed_20260220
random_08845,random,,6391,-5256,random_seed_20260220
random_08846,random,,9169,9516,random_seed_20260220
random_08847,random,,4120,24,random_seed_20260220
random_08848,random,,6884,3058,random_seed_20260220
random_08849,random,,-393,-9347,random_seed_20260220
random_08850,random,,1101,2139,random_seed_20260220
random_08851,random,,6460,-2280,random_seed_20260220
random_08852,random,,-15,2245,random_seed_20260220
random_08853,random,,-4829,1436,random_seed_20260220
random_08854,random,,-8676,1267,random_seed_20260220
random_08855,random,,370,-7869,random_seed_20260220
random_08856,random,,7207,-165,random_seed_20260220
random_08857,random,,1579,-3601,random_seed_20260220
random_08858,random,,-7622,-8113,random_seed_20260220
random_08859,random,,-6572,-4300,random_seed_20260220
random_08860,random,,-1402,-475,random_seed_20260220
random_08861,random,,-1296,-2840,random_seed_20260220
random_08862,random,,7528,-8380,random_seed_20260220
random_08863,random,,2478,5807,random_seed_20260220
random_08864,random,,2826,-2494,random_seed_20260220
random_08865,random,,-3823,73,random_seed_20260220
random_08866,random,,-9381,7869,random_seed_20260220
random_08867,random,,-6009,3636,random_seed_20260220
random_08868,random,,-9522,-5560,random_seed_20260220
random_08869,random,,3575,-2729,random_seed_20260220
random_08870,random,,799,9340,random_seed_20260220
random_08871,random,,6713,8840,random_seed_20260220
random_08872,random,,-4165,6557,random_seed_20260220
random_08873,random,,-6994,-7179,random_seed_20260220
random_08874,random,,8532,-5610,random_seed_20260220
random_08875,random,,1799,-1621,random_seed_20260220
random_08876,random,,-8049,5109,random_seed_20260220
random_08877,random,,1399,-8859,random_seed_20260220
random_08878,random,,617,-8298,random_seed_20260220
random_08879,random,,-9032,-4050,random_seed_20260220
random_08880,random,,4663,-4385,random_seed_20260220
random_08881,random,,7834,-4647,random_seed_20260220
random_08882,random,,6141,5560,random_seed_20260220
random_08883,random,,7218,-4508,random_seed_20260220
random_08884,random,,-9467,3960,random_seed_20260220
random_08885,random,,-8848,-528,random_seed_20260220
random_08886,random,,4906,-5110,random_seed_20260220
random_08887,random,,-2739,388,random_seed_20260220
random_08888,random,,1579,-9346,random_seed_20260220
random_08889,random,,-5929,8974,random_seed_20260220
random_08890,random,,-995,6676,random_seed_20260220
random_08891,random,,-403,-4318,random_seed_20260220
random_08892,random,,-3316,-4291,random_seed_20260220
random_08893,random,,-7858,820,random_seed_20260220
random_08894,random,,-4744,4582,random_seed_20260220
random_08895,random,,-3761,5711,random_seed_20260220
random_08896,random,,1406,-4439,random_seed_20260220
random_08897,random,,-5297,3589,random_seed_20260220
random_08898,random,,6620,-5194,random_seed_20260220
random_08899,random,,5139,2098,random_seed_20260220
random_08900,random,,1434,-5837,random_seed_20260220
random_08901,random,,644,8055,random_seed_20260220
random_08902,random,,-590,5716,random_seed_20260220
random_08903,random,,1581,7859,random_seed_20260220
random_08904,random,,-9806,-4802,random_seed_20260220
random_08905,random,,-1060,-8271,random_seed_20260220
random_08906,random,,7725,3266,random_seed_20260220
random_08907,random,,5785,-6590,random_seed_20260220
random_08908,random,,-3982,-6522,random_seed_20260220
random_08909,random,,-7664,7970,random_seed_20260220
random_08910,random,,-8283,5044,random_seed_20260220
random_08911,random,,-5873,-4953,random_seed_20260220
random_08912,random,,554,-3583,random_seed_20260220
random_08913,random,,9793,-5641,random_seed_20260220
random_08914,random,,-6981,-4597,random_seed_20260220
random_08915,random,,-2475,2138,random_seed_20260220
random_08916,random,,1303,-4986,random_seed_20260220
random_08917,random,,-1646,-7849,random_seed_20260220
random_08918,random,,-1080,1221,random_seed_20260220
random_08919,random,,-7221,9977,random_seed_20260220
random_08920,random,,-7828,3259,random_seed_20260220
random_08921,random,,-6118,7270,random_seed_20260220
random_08922,random,,-1795,8090,random_seed_20260220
random_08923,random,,6466,-3526,random_seed_20260220
random_08924,random,,-8237,7559,random_seed_20260220
random_08925,random,,-138,-8004,random_seed_20260220
random_08926,random,,-4058,-4508,random_seed_20260220
random_08927,random,,8498,6435,random_seed_20260220
random_08928,random,,-8799,-5000,random_seed_20260220
random_08929,random,,1773,505,random_seed_20260220
random_08930,random,,-8706,8710,random_seed_20260220
random_08931,random,,-2001,9508,random_seed_20260220
random_08932,random,,-7936,4501,random_seed_20260220
random_08933,random,,-8652,6051,random_seed_20260220
random_08934,random,,-664,-6852,random_seed_20260220
random_08935,random,,-910,7958,random_seed_20260220
random_08936,random,,-9073,-2988,random_seed_20260220
random_08937,random,,-719,6966,random_seed_20260220
random_08938,random,,-2150,8608,random_seed_20260220
random_08939,random,,-7264,7238,random_seed_20260220
random_08940,random,,1077,-2471,random_seed_20260220
random_08941,random,,-8873,6298,random_seed_20260220
random_08942,random,,2386,-5714,random_seed_20260220
random_08943,random,,4614,-6461,random_seed_20260220
random_08944,random,,-5029,6703,random_seed_20260220
random_08945,random,,-7809,-4125,random_seed_20260220
random_08946,random,,6691,-4865,random_seed_20260220
random_08947,random,,2406,7688,random_seed_20260220
random_08948,random,,-2624,9072,random_seed_20260220
random_08949,random,,3349,-4577,random_seed_20260220
random_08950,random,,9776,-2359,random_seed_20260220
random_08951,random,,-1543,-798,random_seed_20260220
random_08952,random,,8335,1305,random_seed_20260220
random_08953,random,,2656,-4220,random_seed_20260220
random_08954,random,,-8000,-8222,random_seed_20260220
random_08955,random,,5161,5290,random_seed_20260220
random_08956,random,,7435,-8252,random_seed_20260220
random_08957,random,,-6446,2873,random_seed_20260220
random_08958,random,,9982,1677,random_seed_20260220
random_08959,random,,3793,-1039,random_seed_20260220
random_08960,random,,4416,8148,random_seed_20260220
random_08961,random,,5969,4473,random_seed_20260220
random_08962,random,,-6501,-8705,random_seed_20260220
random_08963,random,,6226,-3695,random_seed_20260220
random_08964,random,,-2868,-4491,random_seed_20260220
random_08965,random,,7887,771,random_seed_20260220
random_08966,random,,604,-5289,random_seed_20260220
random_08967,random,,9935,-1951,random_seed_20260220
random_08968,random,,5836,-4782,random_seed_20260220
random_08969,random,,-192,7946,random_seed_20260220
random_08970,random,,-5648,-3942,random_seed_20260220
random_08971,random,,7178,9513,random_seed_20260220
random_08972,random,,6698,-9895,random_seed_20260220
random_08973,random,,303,-125,random_seed_20260220
random_08974,random,,-2494,-322,random_seed_20260220
random_08975,random,,-6490,2468,random_seed_20260220
random_08976,random,,-7132,733,random_seed_20260220
random_08977,random,,-2259,4013,random_seed_20260220
random_08978,random,,2325,1740,random_seed_20260220
random_08979,random,,-424,9131,random_seed_20260220
random_08980,random,,1317,4954,random_seed_20260220
random_08981,random,,-1555,9361,random_seed_20260220
random_08982,random,,1491,-4905,random_seed_20260220
random_08983,random,,1382,-826,random_seed_20260220
random_08984,random,,-4292,-620,random_seed_20260220
random_08985,random,,6152,3211,random_seed_20260220
random_08986,random,,-9912,2491,random_seed_20260220
random_08987,random,,4878,-5367,random_seed_20260220
random_08988,random,,-1676,1150,random_seed_20260220
random_08989,random,,-875,7146,random_seed_20260220
random_08990,random,,-6270,9458,random_seed_20260220
random_08991,random,,3607,4070,random_seed_20260220
random_08992,random,,-8806,-1903,random_seed_20260220
random_08993,random,,-5149,-5550,random_seed_20260220
random_08994,random,,9912,3504,random_seed_20260220
random_08995,random,,6211,-7179,random_seed_20260220
random_08996,random,,8166,6415,random_seed_20260220
random_08997,random,,-9264,2272,random_seed_20260220
random_08998,random,,3039,7701,random_seed_20260220
random_08999,random,,-4760,-2403,random_seed_20260220
random_09000,random,,8666,-6358,random_seed_20260220
random_09001,random,,-3775,-6237,random_seed_20260220
random_09002,random,,-6740,-7489,random_seed_20260220
random_09003,random,,-7898,6634,random_seed_20260220
random_09004,random,,-9171,-5643,random_seed_20260220
random_09005,random,,-8246,705,random_seed_20260220
random_09006,random,,8085,-2594,random_seed_20260220
random_09007,random,,4933,-9802,random_seed_20260220
random_09008,random,,9624,-9374,random_seed_20260220
random_09009,random,,5223,-2845,random_seed_20260220
random_09010,random,,3328,7109,random_seed_20260220
random_09011,random,,-9470,-6215,random_seed_20260220
random_09012,random,,4522,-5701,random_seed_20260220
random_09013,random,,4371,115,random_seed_20260220
random_09014,random,,1167,-9378,random_seed_20260220
random_09015,random,,-7940,9135,random_seed_20260220
random_09016,random,,-6959,-6351,random_seed_20260220
random_09017,random,,8824,4801,random_seed_20260220
random_09018,random,,4087,-8997,random_seed_20260220
random_09019,random,,6248,-1704,random_seed_20260220
random_09020,random,,-1973,2830,random_seed_20260220
random_09021,random,,3937,-5179,random_seed_20260220
random_09022,random,,-6866,685,random_seed_20260220
random_09023,random,,1212,6460,random_seed_20260220
random_09024,random,,-2775,-4477,random_seed_20260220
random_09025,random,,5943,1533,random_seed_20260220
random_09026,random,,5778,-4958,random_seed_20260220
random_09027,random,,3912,7170,random_seed_20260220
random_09028,random,,-657,7447,random_seed_20260220
random_09029,random,,1705,-1747,random_seed_20260220
random_09030,random,,-650,3490,random_seed_20260220
random_09031,random,,6483,-2905,random_seed_20260220
random_09032,random,,-1103,4732,random_seed_20260220
random_09033,random,,-6759,-1829,random_seed_20260220
random_09034,random,,6522,8395,random_seed_20260220
random_09035,random,,3535,160,random_seed_20260220
random_09036,random,,-8964,2576,random_seed_20260220
random_09037,random,,6542,-1629,random_seed_20260220
random_09038,random,,6741,-4788,random_seed_20260220
random_09039,random,,-174,7086,random_seed_20260220
random_09040,random,,5362,2160,random_seed_20260220
random_09041,random,,4821,2966,random_seed_20260220
random_09042,random,,7300,-1528,random_seed_20260220
random_09043,random,,545,5889,random_seed_20260220
random_09044,random,,-630,-941,random_seed_20260220
random_09045,random,,5884,-3471,random_seed_20260220
random_09046,random,,7689,-7701,random_seed_20260220
random_09047,random,,-2515,-6528,random_seed_20260220
random_09048,random,,9024,-4063,random_seed_20260220
random_09049,random,,6156,8798,random_seed_20260220
random_09050,random,,1538,1856,random_seed_20260220
random_09051,random,,1476,-1436,random_seed_20260220
random_09052,random,,6953,3469,random_seed_20260220
random_09053,random,,8647,1622,random_seed_20260220
random_09054,random,,-2500,-5936,random_seed_20260220
random_09055,random,,2220,-9449,random_seed_20260220
random_09056,random,,9614,-2458,random_seed_20260220
random_09057,random,,9053,4567,random_seed_20260220
random_09058,random,,-5534,-3525,random_seed_20260220
random_09059,random,,8717,7751,random_seed_20260220
random_09060,random,,-9074,6720,random_seed_20260220
random_09061,random,,-4828,-683,random_seed_20260220
random_09062,random,,-617,7553,random_seed_20260220
random_09063,random,,-2422,-9548,random_seed_20260220
random_09064,random,,7365,-9034,random_seed_20260220
random_09065,random,,-1048,-7010,random_seed_20260220
random_09066,random,,-4431,-1454,random_seed_20260220
random_09067,random,,1986,-8448,random_seed_20260220
random_09068,random,,8629,-8875,random_seed_20260220
random_09069,random,,5569,4697,random_seed_20260220
random_09070,random,,-1931,5649,random_seed_20260220
random_09071,random,,4639,1789,random_seed_20260220
random_09072,random,,-4962,8312,random_seed_20260220
random_09073,random,,-468,1519,random_seed_20260220
random_09074,random,,-9262,-7402,random_seed_20260220
random_09075,random,,1301,2357,random_seed_20260220
random_09076,random,,540,-8662,random_seed_20260220
random_09077,random,,-6935,-4474,random_seed_20260220
random_09078,random,,-8801,-4451,random_seed_20260220
random_09079,random,,-4659,-8021,random_seed_20260220
random_09080,random,,6481,8101,random_seed_20260220
random_09081,random,,680,-3794,random_seed_20260220
random_09082,random,,-87,-2017,random_seed_20260220
random_09083,random,,9211,4859,random_seed_20260220
random_09084,random,,996,4294,random_seed_20260220
random_09085,random,,1057,-5789,random_seed_20260220
random_09086,random,,6605,1292,random_seed_20260220
random_09087,random,,2500,-9240,random_seed_20260220
random_09088,random,,-4996,-3886,random_seed_20260220
random_09089,random,,3814,4649,random_seed_20260220
random_09090,random,,8271,5149,random_seed_20260220
random_09091,random,,1841,7690,random_seed_20260220
random_09092,random,,-4711,3259,random_seed_20260220
random_09093,random,,6682,-4658,random_seed_20260220
random_09094,random,,-9954,-8564,random_seed_20260220
random_09095,random,,562,7755,random_seed_20260220
random_09096,random,,8149,7518,random_seed_20260220
random_09097,random,,-4387,-6157,random_seed_20260220
random_09098,random,,8669,-8806,random_seed_20260220
random_09099,random,,-6693,8823,random_seed_20260220
random_09100,random,,-8134,-6264,random_seed_20260220
random_09101,random,,-882,-7675,random_seed_20260220
random_09102,random,,-4373,-2930,random_seed_20260220
random_09103,random,,7333,-3433,random_seed_20260220
random_09104,random,,-1615,-3461,random_seed_20260220
random_09105,random,,9934,5218,random_seed_20260220
random_09106,random,,-6533,688,random_seed_20260220
random_09107,random,,-1706,-6933,random_seed_20260220
random_09108,random,,1332,6174,random_seed_20260220
random_09109,random,,-6297,-1668,random_seed_20260220
random_09110,random,,1768,-2354,random_seed_20260220
random_09111,random,,6074,-2993,random_seed_20260220
random_09112,random,,6849,5954,random_seed_20260220
random_09113,random,,4841,7710,random_seed_20260220
random_09114,random,,5402,-9520,random_seed_20260220
random_09115,random,,-6765,-8877,random_seed_20260220
random_09116,random,,230,-611,random_seed_20260220
random_09117,random,,6929,-6556,random_seed_20260220
random_09118,random,,-4984,-9581,random_seed_20260220
random_09119,random,,-1820,6361,random_seed_20260220
random_09120,random,,-9204,-5679,random_seed_20260220
random_09121,random,,6417,4941,random_seed_20260220
random_09122,random,,-4752,-9279,random_seed_20260220
random_09123,random,,5206,1807,random_seed_20260220
random_09124,random,,4690,-7789,random_seed_20260220
random_09125,random,,-8119,8887,random_seed_20260220
random_09126,random,,-7441,-7843,random_seed_20260220
random_09127,random,,-6383,8357,random_seed_20260220
random_09128,random,,-1931,-4117,random_seed_20260220
random_09129,random,,8373,-1509,random_seed_20260220
random_09130,random,,2593,-1054,random_seed_20260220
random_09131,random,,-3794,1218,random_seed_20260220
random_09132,random,,2291,-6154,random_seed_20260220
random_09133,random,,4874,2242,random_seed_20260220
random_09134,random,,2176,-4958,random_seed_20260220
random_09135,random,,6284,2822,random_seed_20260220
random_09136,random,,-5747,5641,random_seed_20260220
random_09137,random,,7986,-7142,random_seed_20260220
random_09138,random,,-8192,4924,random_seed_20260220
random_09139,random,,-2374,5631,random_seed_20260220
random_09140,random,,-6681,-6350,random_seed_20260220
random_09141,random,,-348,4730,random_seed_20260220
random_09142,random,,-8793,960,random_seed_20260220
random_09143,random,,-4850,525,random_seed_20260220
random_09144,random,,6712,5585,random_seed_20260220
random_09145,random,,-3606,-4180,random_seed_20260220
random_09146,random,,-4072,-9617,random_seed_20260220
random_09147,random,,8210,5538,random_seed_20260220
random_09148,random,,-3327,2478,random_seed_20260220
random_09149,random,,1671,-2762,random_seed_20260220
random_09150,random,,-2329,520,random_seed_20260220
random_09151,random,,-8155,-2594,random_seed_20260220
random_09152,random,,-5887,-1842,random_seed_20260220
random_09153,random,,7739,-8203,random_seed_20260220
random_09154,random,,-2009,4926,random_seed_20260220
random_09155,random,,-3548,1091,random_seed_20260220
random_09156,random,,-5193,7997,random_seed_20260220
random_09157,random,,-2829,-5332,random_seed_20260220
random_09158,random,,9021,-2059,random_seed_20260220
random_09159,random,,7801,8926,random_seed_20260220
random_09160,random,,6885,-4570,random_seed_20260220
random_09161,random,,3215,-4410,random_seed_20260220
random_09162,random,,-3328,-9726,random_seed_20260220
random_09163,random,,1087,-4627,random_seed_20260220
random_09164,random,,-6341,92,random_seed_20260220
random_09165,random,,-7702,4062,random_seed_20260220
random_09166,random,,-9640,1207,random_seed_20260220
random_09167,random,,2582,-7143,random_seed_20260220
random_09168,random,,620,4946,random_seed_20260220
random_09169,random,,-4110,5410,random_seed_20260220
random_09170,random,,-2038,-766,random_seed_20260220
random_09171,random,,5315,4347,random_seed_20260220
random_09172,random,,-7890,-1091,random_seed_20260220
random_09173,random,,-6751,-316,random_seed_20260220
random_09174,random,,9626,-63,random_seed_20260220
random_09175,random,,-5015,-6276,random_seed_20260220
random_09176,random,,-6958,-501,random_seed_20260220
random_09177,random,,-941,-4418,random_seed_20260220
random_09178,random,,4666,5264,random_seed_20260220
random_09179,random,,6215,8086,random_seed_20260220
random_09180,random,,-2861,-7716,random_seed_20260220
random_09181,random,,-8002,-1669,random_seed_20260220
random_09182,random,,-6437,-3117,random_seed_20260220
random_09183,random,,9483,9415,random_seed_20260220
random_09184,random,,5348,5514,random_seed_20260220
random_09185,random,,-1213,3013,random_seed_20260220
random_09186,random,,7551,5899,random_seed_20260220
random_09187,random,,7777,-7254,random_seed_20260220
random_09188,random,,-5458,-8564,random_seed_20260220
random_09189,random,,3033,-8084,random_seed_20260220
random_09190,random,,4442,-3981,random_seed_20260220
random_09191,random,,-7395,4330,random_seed_20260220
random_09192,random,,-3535,2457,random_seed_20260220
random_09193,random,,-4066,1863,random_seed_20260220
random_09194,random,,4743,-623,random_seed_20260220
random_09195,random,,-9902,-1096,random_seed_20260220
random_09196,random,,7788,5330,random_seed_20260220
random_09197,random,,8410,-502,random_seed_20260220
random_09198,random,,8172,4810,random_seed_20260220
random_09199,random,,-6052,287,random_seed_20260220
random_09200,random,,5873,-6863,random_seed_20260220
random_09201,random,,-682,4987,random_seed_20260220
random_09202,random,,-3973,-1127,random_seed_20260220
random_09203,random,,-6596,2584,random_seed_20260220
random_09204,random,,-3551,1904,random_seed_20260220
random_09205,random,,5172,-4097,random_seed_20260220
random_09206,random,,982,7000,random_seed_20260220
random_09207,random,,-193,-3747,random_seed_20260220
random_09208,random,,9701,5425,random_seed_20260220
random_09209,random,,-2135,-7122,random_seed_20260220
random_09210,random,,5240,1936,random_seed_20260220
random_09211,random,,3828,5745,random_seed_20260220
random_09212,random,,6964,9388,random_seed_20260220
random_09213,random,,4174,6619,random_seed_20260220
random_09214,random,,4007,-7497,random_seed_20260220
random_09215,random,,-9605,9192,random_seed_20260220
random_09216,random,,-707,1330,random_seed_20260220
random_09217,random,,-3807,-3114,random_seed_20260220
random_09218,random,,5413,1571,random_seed_20260220
random_09219,random,,7414,7232,random_seed_20260220
random_09220,random,,-8898,3442,random_seed_20260220
random_09221,random,,5107,-2363,random_seed_20260220
random_09222,random,,1584,4621,random_seed_20260220
random_09223,random,,-4245,-2951,random_seed_20260220
random_09224,random,,-9768,-4552,random_seed_20260220
random_09225,random,,2480,3355,random_seed_20260220
random_09226,random,,-5968,-6575,random_seed_20260220
random_09227,random,,9404,1479,random_seed_20260220
random_09228,random,,-2472,8435,random_seed_20260220
random_09229,random,,9423,7856,random_seed_20260220
random_09230,random,,1355,-1298,random_seed_20260220
random_09231,random,,6317,-5524,random_seed_20260220
random_09232,random,,-2773,-9296,random_seed_20260220
random_09233,random,,9462,-1041,random_seed_20260220
random_09234,random,,-4315,-6180,random_seed_20260220
random_09235,random,,6680,-5107,random_seed_20260220
random_09236,random,,-2156,1367,random_seed_20260220
random_09237,random,,-7167,-8778,random_seed_20260220
random_09238,random,,3355,9379,random_seed_20260220
random_09239,random,,5602,4677,random_seed_20260220
random_09240,random,,-8882,-2372,random_seed_20260220
random_09241,random,,-2751,-2206,random_seed_20260220
random_09242,random,,623,-1310,random_seed_20260220
random_09243,random,,9527,1208,random_seed_20260220
random_09244,random,,6923,-4780,random_seed_20260220
random_09245,random,,-7160,1629,random_seed_20260220
random_09246,random,,-8420,852,random_seed_20260220
random_09247,random,,-4693,-6884,random_seed_20260220
random_09248,random,,555,-3182,random_seed_20260220
random_09249,random,,8236,1448,random_seed_20260220
random_09250,random,,-337,4694,random_seed_20260220
random_09251,random,,-6356,-9701,random_seed_20260220
random_09252,random,,-4053,4806,random_seed_20260220
random_09253,random,,7821,-5434,random_seed_20260220
random_09254,random,,9983,-6517,random_seed_20260220
random_09255,random,,-2599,-1923,random_seed_20260220
random_09256,random,,4883,-5901,random_seed_20260220
random_09257,random,,9693,6366,random_seed_20260220
random_09258,random,,4617,9292,random_seed_20260220
random_09259,random,,1606,-1869,random_seed_20260220
random_09260,random,,-3334,1543,random_seed_20260220
random_09261,random,,-416,2983,random_seed_20260220
random_09262,random,,2026,4653,random_seed_20260220
random_09263,random,,-9015,-602,random_seed_20260220
random_09264,random,,178,-6752,random_seed_20260220
random_09265,random,,9256,5547,random_seed_20260220
random_09266,random,,-1269,-4147,random_seed_20260220
random_09267,random,,6507,2279,random_seed_20260220
random_09268,random,,-6586,-5811,random_seed_20260220
random_09269,random,,683,-2864,random_seed_20260220
random_09270,random,,-5642,-3901,random_seed_20260220
random_09271,random,,8936,5650,random_seed_20260220
random_09272,random,,6939,2485,random_seed_20260220
random_09273,random,,6955,2364,random_seed_20260220
random_09274,random,,-8806,-8050,random_seed_20260220
random_09275,random,,-1961,-154,random_seed_20260220
random_09276,random,,9678,-7125,random_seed_20260220
random_09277,random,,8540,-7881,random_seed_20260220
random_09278,random,,3652,7246,random_seed_20260220
random_09279,random,,2357,720,random_seed_20260220
random_09280,random,,8805,9741,random_seed_20260220
random_09281,random,,4774,-3066,random_seed_20260220
random_09282,random,,3693,-7973,random_seed_20260220
random_09283,random,,-9844,-7813,random_seed_20260220
random_09284,random,,-8538,8649,random_seed_20260220
random_09285,random,,2586,-7221,random_seed_20260220
random_09286,random,,9095,5103,random_seed_20260220
random_09287,random,,5295,9732,random_seed_20260220
random_09288,random,,-5238,3384,random_seed_20260220
random_09289,random,,5129,2095,random_seed_20260220
random_09290,random,,-9715,1803,random_seed_20260220
random_09291,random,,-6670,2740,random_seed_20260220
random_09292,random,,4154,-9624,random_seed_20260220
random_09293,random,,-6037,7856,random_seed_20260220
random_09294,random,,-9300,9682,random_seed_20260220
random_09295,random,,1702,2355,random_seed_20260220
random_09296,random,,7348,-6145,random_seed_20260220
random_09297,random,,-7405,4988,random_seed_20260220
random_09298,random,,8303,-5555,random_seed_20260220
random_09299,random,,6917,-3357,random_seed_20260220
random_09300,random,,210,-4590,random_seed_20260220
random_09301,random,,2346,2999,random_seed_20260220
random_09302,random,,-4179,-8990,random_seed_20260220
random_09303,random,,8988,-407,random_seed_20260220
random_09304,random,,-6616,9816,random_seed_20260220
random_09305,random,,4040,-1710,random_seed_20260220
random_09306,random,,4460,-3272,random_seed_20260220
random_09307,random,,-3000,5380,random_seed_20260220
random_09308,random,,-6633,-1497,random_seed_20260220
random_09309,random,,4360,1946,random_seed_20260220
random_09310,random,,-3746,-7361,random_seed_20260220
random_09311,random,,-9843,8815,random_seed_20260220
random_09312,random,,5148,-970,random_seed_20260220
random_09313,random,,440,-1918,random_seed_20260220
random_09314,random,,-7173,-2240,random_seed_20260220
random_09315,random,,865,-7524,random_seed_20260220
random_09316,random,,-8043,6826,random_seed_20260220
random_09317,random,,1227,6827,random_seed_20260220
random_09318,random,,-9522,-9467,random_seed_20260220
random_09319,random,,9971,7181,random_seed_20260220
random_09320,random,,-6047,947,random_seed_20260220
random_09321,random,,2351,9750,random_seed_20260220
random_09322,random,,6103,7998,random_seed_20260220
random_09323,random,,-8826,7156,random_seed_20260220
random_09324,random,,1702,3642,random_seed_20260220
random_09325,random,,-4286,-45,random_seed_20260220
random_09326,random,,5504,-2582,random_seed_20260220
random_09327,random,,-1318,7500,random_seed_20260220
random_09328,random,,-4143,-9572,random_seed_20260220
random_09329,random,,-3351,8137,random_seed_20260220
random_09330,random,,-5262,-3922,random_seed_20260220
random_09331,random,,330,8858,random_seed_20260220
random_09332,random,,-6833,-342,random_seed_20260220
random_09333,random,,-7432,-1086,random_seed_20260220
random_09334,random,,395,2142,random_seed_20260220
random_09335,random,,-610,-1344,random_seed_20260220
random_09336,random,,-6312,-8894,random_seed_20260220
random_09337,random,,4455,-8843,random_seed_20260220
random_09338,random,,-2262,5055,random_seed_20260220
random_09339,random,,6250,618,random_seed_20260220
random_09340,random,,3495,2417,random_seed_20260220
random_09341,random,,791,-9052,random_seed_20260220
random_09342,random,,5570,-6063,random_seed_20260220
random_09343,random,,4583,2509,random_seed_20260220
random_09344,random,,9993,8723,random_seed_20260220
random_09345,random,,-4259,-1482,random_seed_20260220
random_09346,random,,1669,8625,random_seed_20260220
random_09347,random,,8409,-4565,random_seed_20260220
random_09348,random,,2943,5305,random_seed_20260220
random_09349,random,,-5643,2072,random_seed_20260220
random_09350,random,,8817,1091,random_seed_20260220
random_09351,random,,2444,-7128,random_seed_20260220
random_09352,random,,-7043,-8573,random_seed_20260220
random_09353,random,,601,-8418,random_seed_20260220
random_09354,random,,9551,-1394,random_seed_20260220
random_09355,random,,9836,-7033,random_seed_20260220
random_09356,random,,224,-6530,random_seed_20260220
random_09357,random,,-1804,-9705,random_seed_20260220
random_09358,random,,6942,5857,random_seed_20260220
random_09359,random,,2253,4362,random_seed_20260220
random_09360,random,,3268,2996,random_seed_20260220
random_09361,random,,-2307,-375,random_seed_20260220
random_09362,random,,9245,-7972,random_seed_20260220
random_09363,random,,-6430,6079,random_seed_20260220
random_09364,random,,-4218,5363,random_seed_20260220
random_09365,random,,3768,-4959,random_seed_20260220
random_09366,random,,-2773,7499,random_seed_20260220
random_09367,random,,6076,725,random_seed_20260220
random_09368,random,,-8743,-4346,random_seed_20260220
random_09369,random,,-8550,-75,random_seed_20260220
random_09370,random,,-2172,5217,random_seed_20260220
random_09371,random,,7413,2557,random_seed_20260220
random_09372,random,,-952,-4750,random_seed_20260220
random_09373,random,,-8335,-565,random_seed_20260220
random_09374,random,,5660,-6085,random_seed_20260220
random_09375,random,,6142,8316,random_seed_20260220
random_09376,random,,7308,-2770,random_seed_20260220
random_09377,random,,1944,6462,random_seed_20260220
random_09378,random,,-5654,8020,random_seed_20260220
random_09379,random,,-9251,-10,random_seed_20260220
random_09380,random,,5377,-912,random_seed_20260220
random_09381,random,,5563,5794,random_seed_20260220
random_09382,random,,-6317,-7885,random_seed_20260220
random_09383,random,,-3561,4564,random_seed_20260220
random_09384,random,,274,-9679,random_seed_20260220
random_09385,random,,3647,4087,random_seed_20260220
random_09386,random,,-5963,6233,random_seed_20260220
random_09387,random,,-7182,4103,random_seed_20260220
random_09388,random,,3055,1375,random_seed_20260220
random_09389,random,,-8567,-2264,random_seed_20260220
random_09390,random,,3931,8011,random_seed_20260220
random_09391,random,,-944,7076,random_seed_20260220
random_09392,random,,-4498,-5903,random_seed_20260220
random_09393,random,,-2756,5848,random_seed_20260220
random_09394,random,,5427,7972,random_seed_20260220
random_09395,random,,-6751,-7546,random_seed_20260220
random_09396,random,,6036,-3105,random_seed_20260220
random_09397,random,,-216,-1195,random_seed_20260220
random_09398,random,,-2543,-2308,random_seed_20260220
random_09399,random,,-4160,8762,random_seed_20260220
random_09400,random,,-9573,7912,random_seed_20260220
random_09401,random,,8615,-1409,random_seed_20260220
random_09402,random,,-4767,6288,random_seed_20260220
random_09403,random,,-1940,6004,random_seed_20260220
random_09404,random,,2970,3557,random_seed_20260220
random_09405,random,,533,3389,random_seed_20260220
random_09406,random,,2866,-5430,random_seed_20260220
random_09407,random,,-7767,9029,random_seed_20260220
random_09408,random,,-4783,1146,random_seed_20260220
random_09409,random,,-3967,9980,random_seed_20260220
random_09410,random,,-3884,7268,random_seed_20260220
random_09411,random,,7692,-5630,random_seed_20260220
random_09412,random,,-1701,6839,random_seed_20260220
random_09413,random,,-4731,5589,random_seed_20260220
random_09414,random,,914,-367,random_seed_20260220
random_09415,random,,4873,6018,random_seed_20260220
random_09416,random,,-2356,-7076,random_seed_20260220
random_09417,random,,1776,-3486,random_seed_20260220
random_09418,random,,-7330,-8757,random_seed_20260220
random_09419,random,,-7275,-4281,random_seed_20260220
random_09420,random,,3845,4692,random_seed_20260220
random_09421,random,,-8942,1166,random_seed_20260220
random_09422,random,,-512,5799,random_seed_20260220
random_09423,random,,-8194,-7762,random_seed_20260220
random_09424,random,,8219,7244,random_seed_20260220
random_09425,random,,4894,-3107,random_seed_20260220
random_09426,random,,-2246,-7991,random_seed_20260220
random_09427,random,,664,-8086,random_seed_20260220
random_09428,random,,-6434,7675,random_seed_20260220
random_09429,random,,4920,7222,random_seed_20260220
random_09430,random,,-3028,-7634,random_seed_20260220
random_09431,random,,-271,5261,random_seed_20260220
random_09432,random,,-505,-8111,random_seed_20260220
random_09433,random,,9365,-7291,random_seed_20260220
random_09434,random,,2345,-2005,random_seed_20260220
random_09435,random,,-9298,-7927,random_seed_20260220
random_09436,random,,5078,-6823,random_seed_20260220
random_09437,random,,280,9856,random_seed_20260220
random_09438,random,,4758,-3808,random_seed_20260220
random_09439,random,,1963,-6503,random_seed_20260220
random_09440,random,,8458,-3461,random_seed_20260220
random_09441,random,,8634,4409,random_seed_20260220
random_09442,random,,-7840,709,random_seed_20260220
random_09443,random,,7448,5531,random_seed_20260220
random_09444,random,,5771,-1486,random_seed_20260220
random_09445,random,,646,-6063,random_seed_20260220
random_09446,random,,2911,2468,random_seed_20260220
random_09447,random,,-8059,-7602,random_seed_20260220
random_09448,random,,-9252,-4499,random_seed_20260220
random_09449,random,,-2940,-7991,random_seed_20260220
random_09450,random,,-6447,-5641,random_seed_20260220
random_09451,random,,-7122,-6157,random_seed_20260220
random_09452,random,,-6175,-5129,random_seed_20260220
random_09453,random,,3625,1720,random_seed_20260220
random_09454,random,,-9175,-1607,random_seed_20260220
random_09455,random,,4043,-5178,random_seed_20260220
random_09456,random,,-783,-8557,random_seed_20260220
random_09457,random,,-5833,1242,random_seed_20260220
random_09458,random,,-226,-3093,random_seed_20260220
random_09459,random,,-130,-553,random_seed_20260220
random_09460,random,,-8197,3433,random_seed_20260220
random_09461,random,,-8344,9565,random_seed_20260220
random_09462,random,,7575,-9177,random_seed_20260220
random_09463,random,,8112,2409,random_seed_20260220
random_09464,random,,-9882,-6142,random_seed_20260220
random_09465,random,,-7901,3014,random_seed_20260220
random_09466,random,,4138,5271,random_seed_20260220
random_09467,random,,4204,-7257,random_seed_20260220
random_09468,random,,-8985,5006,random_seed_20260220
random_09469,random,,3884,-6396,random_seed_20260220
random_09470,random,,-7038,-9294,random_seed_20260220
random_09471,random,,-4479,-7671,random_seed_20260220
random_09472,random,,-9014,5746,random_seed_20260220
random_09473,random,,-8606,9586,random_seed_20260220
random_09474,random,,-1311,8199,random_seed_20260220
random_09475,random,,-6416,-1886,random_seed_20260220
random_09476,random,,-3229,-1040,random_seed_20260220
random_09477,random,,7794,-934,random_seed_20260220
random_09478,random,,-588,-7506,random_seed_20260220
random_09479,random,,-2661,-7424,random_seed_20260220
random_09480,random,,-1880,-9641,random_seed_20260220
random_09481,random,,1458,-580,random_seed_20260220
random_09482,random,,-3590,7817,random_seed_20260220
random_09483,random,,1069,-176,random_seed_20260220
random_09484,random,,-3744,-999,random_seed_20260220
random_09485,random,,2093,3431,random_seed_20260220
random_09486,random,,7536,945,random_seed_20260220
random_09487,random,,2295,7158,random_seed_20260220
random_09488,random,,5911,-914,random_seed_20260220
random_09489,random,,7942,-9445,random_seed_20260220
random_09490,random,,-6758,9212,random_seed_20260220
random_09491,random,,-8712,-4746,random_seed_20260220
random_09492,random,,-2408,-8398,random_seed_20260220
random_09493,random,,6677,4510,random_seed_20260220
random_09494,random,,-261,-4860,random_seed_20260220
random_09495,random,,5387,-2471,random_seed_20260220
random_09496,random,,-6964,9604,random_seed_20260220
random_09497,random,,-5528,2871,random_seed_20260220
random_09498,random,,1583,8361,random_seed_20260220
random_09499,random,,-6626,-7929,random_seed_20260220
random_09500,random,,-9620,-6943,random_seed_20260220
random_09501,random,,3210,9549,random_seed_20260220
random_09502,random,,-8071,-9207,random_seed_20260220
random_09503,random,,5526,-7771,random_seed_20260220
random_09504,random,,-5941,3866,random_seed_20260220
random_09505,random,,-701,8245,random_seed_20260220
random_09506,random,,-9861,-9242,random_seed_20260220
random_09507,random,,-5091,-1121,random_seed_20260220
random_09508,random,,7236,7109,random_seed_20260220
random_09509,random,,6498,-7233,random_seed_20260220
random_09510,random,,4347,5291,random_seed_20260220
random_09511,random,,-1608,7995,random_seed_20260220
random_09512,random,,-8441,-7956,random_seed_20260220
random_09513,random,,-7418,784,random_seed_20260220
random_09514,random,,-2273,8159,random_seed_20260220
random_09515,random,,2031,9929,random_seed_20260220
random_09516,random,,-9336,-3751,random_seed_20260220
random_09517,random,,9638,9218,random_seed_20260220
random_09518,random,,451,-2588,random_seed_20260220
random_09519,random,,1099,-1650,random_seed_20260220
random_09520,random,,-8265,-6064,random_seed_20260220
random_09521,random,,5405,3558,random_seed_20260220
random_09522,random,,-8724,5027,random_seed_20260220
random_09523,random,,-6679,-771,random_seed_20260220
random_09524,random,,-9480,2129,random_seed_20260220
random_09525,random,,-4462,3932,random_seed_20260220
random_09526,random,,2288,-3898,random_seed_20260220
random_09527,random,,-2329,-3722,random_seed_20260220
random_09528,random,,6104,8191,random_seed_20260220
random_09529,random,,7755,4195,random_seed_20260220
random_09530,random,,5542,-1717,random_seed_20260220
random_09531,random,,-7631,-4437,random_seed_20260220
random_09532,random,,-914,4727,random_seed_20260220
random_09533,random,,3626,8201,random_seed_20260220
random_09534,random,,-2535,-6452,random_seed_20260220
random_09535,random,,-5566,-8039,random_seed_20260220
random_09536,random,,-115,8233,random_seed_20260220
random_09537,random,,7523,279,random_seed_20260220
random_09538,random,,1878,2639,random_seed_20260220
random_09539,random,,4691,-4220,random_seed_20260220
random_09540,random,,-191,-1373,random_seed_20260220
random_09541,random,,6832,-2327,random_seed_20260220
random_09542,random,,4604,4138,random_seed_20260220
random_09543,random,,-3846,1725,random_seed_20260220
random_09544,random,,-8201,3513,random_seed_20260220
random_09545,random,,-9890,32,random_seed_20260220
random_09546,random,,-8481,2628,random_seed_20260220
random_09547,random,,-9920,9472,random_seed_20260220
random_09548,random,,-8268,-402,random_seed_20260220
random_09549,random,,-6500,9324,random_seed_20260220
random_09550,random,,8334,2736,random_seed_20260220
random_09551,random,,9486,-7057,random_seed_20260220
random_09552,random,,1999,1597,random_seed_20260220
random_09553,random,,-9367,3422,random_seed_20260220
random_09554,random,,7603,-5837,random_seed_20260220
random_09555,random,,3549,7400,random_seed_20260220
random_09556,random,,3407,-4843,random_seed_20260220
random_09557,random,,-1354,-8605,random_seed_20260220
random_09558,random,,9516,-619,random_seed_20260220
random_09559,random,,807,-3369,random_seed_20260220
random_09560,random,,-4348,7818,random_seed_20260220
random_09561,random,,-740,4700,random_seed_20260220
random_09562,random,,-6619,-4659,random_seed_20260220
random_09563,random,,-2301,1757,random_seed_20260220
random_09564,random,,6225,1058,random_seed_20260220
random_09565,random,,-590,-7094,random_seed_20260220
random_09566,random,,6114,-1846,random_seed_20260220
random_09567,random,,9224,1702,random_seed_20260220
random_09568,random,,4915,-1238,random_seed_20260220
random_09569,random,,-3903,-3018,random_seed_20260220
random_09570,random,,6973,-852,random_seed_20260220
random_09571,random,,-716,-6315,random_seed_20260220
random_09572,random,,7827,-9681,random_seed_20260220
random_09573,random,,-9999,-9142,random_seed_20260220
random_09574,random,,6683,4710,random_seed_20260220
random_09575,random,,8736,8822,random_seed_20260220
random_09576,random,,6233,942,random_seed_20260220
random_09577,random,,-28,2930,random_seed_20260220
random_09578,random,,-895,-3770,random_seed_20260220
random_09579,random,,8001,-8178,random_seed_20260220
random_09580,random,,358,9738,random_seed_20260220
random_09581,random,,-3068,1516,random_seed_20260220
random_09582,random,,7589,1333,random_seed_20260220
random_09583,random,,-6841,2968,random_seed_20260220
random_09584,random,,-9396,6701,random_seed_20260220
random_09585,random,,-8928,-7770,random_seed_20260220
random_09586,random,,-9775,-7878,random_seed_20260220
random_09587,random,,-2783,-9284,random_seed_20260220
random_09588,random,,674,-5076,random_seed_20260220
random_09589,random,,4424,-8041,random_seed_20260220
random_09590,random,,-6914,-3081,random_seed_20260220
random_09591,random,,-5783,3922,random_seed_20260220
random_09592,random,,-9590,-8869,random_seed_20260220
random_09593,random,,3429,-9794,random_seed_20260220
random_09594,random,,8360,7366,random_seed_20260220
random_09595,random,,-581,411,random_seed_20260220
random_09596,random,,1055,8705,random_seed_20260220
random_09597,random,,-6972,-3089,random_seed_20260220
random_09598,random,,-6476,2860,random_seed_20260220
random_09599,random,,-5618,7911,random_seed_20260220
random_09600,random,,973,671,random_seed_20260220
random_09601,random,,-2127,-7019,random_seed_20260220
random_09602,random,,-9977,-7506,random_seed_20260220
random_09603,random,,-1916,1874,random_seed_20260220
random_09604,random,,-5682,-2659,random_seed_20260220
random_09605,random,,-4322,774,random_seed_20260220
random_09606,random,,-5739,8372,random_seed_20260220
random_09607,random,,-8140,-7367,random_seed_20260220
random_09608,random,,2855,2165,random_seed_20260220
random_09609,random,,-4542,9017,random_seed_20260220
random_09610,random,,282,8906,random_seed_20260220
random_09611,random,,-2014,9740,random_seed_20260220
random_09612,random,,1269,-3273,random_seed_20260220
random_09613,random,,-8629,6889,random_seed_20260220
random_09614,random,,-8912,3287,random_seed_20260220
random_09615,random,,3553,2636,random_seed_20260220
random_09616,random,,7320,7495,random_seed_20260220
random_09617,random,,5708,9276,random_seed_20260220
random_09618,random,,6998,4928,random_seed_20260220
random_09619,random,,5022,-1642,random_seed_20260220
random_09620,random,,-1542,8980,random_seed_20260220
random_09621,random,,7574,-2433,random_seed_20260220
random_09622,random,,2851,-3882,random_seed_20260220
random_09623,random,,-1274,-209,random_seed_20260220
random_09624,random,,-623,1371,random_seed_20260220
random_09625,random,,-6055,4155,random_seed_20260220
random_09626,random,,5546,951,random_seed_20260220
random_09627,random,,-4202,-7954,random_seed_20260220
random_09628,random,,2667,-4238,random_seed_20260220
random_09629,random,,-9506,-6829,random_seed_20260220
random_09630,random,,-9074,-1410,random_seed_20260220
random_09631,random,,2565,-5896,random_seed_20260220
random_09632,random,,8443,8035,random_seed_20260220
random_09633,random,,-2731,3599,random_seed_20260220
random_09634,random,,-7485,5650,random_seed_20260220
random_09635,random,,-1254,6000,random_seed_20260220
random_09636,random,,-1580,9170,random_seed_20260220
random_09637,random,,-1573,157,random_seed_20260220
random_09638,random,,-8889,-256,random_seed_20260220
random_09639,random,,5616,-5133,random_seed_20260220
random_09640,random,,8960,4498,random_seed_20260220
random_09641,random,,1884,-6010,random_seed_20260220
random_09642,random,,2891,4796,random_seed_20260220
random_09643,random,,4638,6751,random_seed_20260220
random_09644,random,,639,-6133,random_seed_20260220
random_09645,random,,-960,-2694,random_seed_20260220
random_09646,random,,3550,-1672,random_seed_20260220
random_09647,random,,2793,-6891,random_seed_20260220
random_09648,random,,1642,7087,random_seed_20260220
random_09649,random,,457,-9183,random_seed_20260220
random_09650,random,,-3019,395,random_seed_20260220
random_09651,random,,9443,-5481,random_seed_20260220
random_09652,random,,1963,-4359,random_seed_20260220
random_09653,random,,2407,8457,random_seed_20260220
random_09654,random,,6595,-8270,random_seed_20260220
random_09655,random,,-4074,-3485,random_seed_20260220
random_09656,random,,7408,4693,random_seed_20260220
random_09657,random,,-6329,-1345,random_seed_20260220
random_09658,random,,-550,-6546,random_seed_20260220
random_09659,random,,8564,-4856,random_seed_20260220
random_09660,random,,8487,129,random_seed_20260220
random_09661,random,,-3298,-1045,random_seed_20260220
random_09662,random,,-1082,-1732,random_seed_20260220
random_09663,random,,216,-3208,random_seed_20260220
random_09664,random,,-5611,-3888,random_seed_20260220
random_09665,random,,-4228,-854,random_seed_20260220
random_09666,random,,818,-5252,random_seed_20260220
random_09667,random,,-7232,-7437,random_seed_20260220
random_09668,random,,-1797,-6975,random_seed_20260220
random_09669,random,,-7708,-9689,random_seed_20260220
random_09670,random,,552,5198,random_seed_20260220
random_09671,random,,-4271,-8687,random_seed_20260220
random_09672,random,,6664,8835,random_seed_20260220
random_09673,random,,-9813,4473,random_seed_20260220
random_09674,random,,-1223,8490,random_seed_20260220
random_09675,random,,8199,497,random_seed_20260220
random_09676,random,,7987,6352,random_seed_20260220
random_09677,random,,-4447,-4688,random_seed_20260220
random_09678,random,,3444,-6983,random_seed_20260220
random_09679,random,,9221,5534,random_seed_20260220
random_09680,random,,6010,-2185,random_seed_20260220
random_09681,random,,-7172,8401,random_seed_20260220
random_09682,random,,3837,-4682,random_seed_20260220
random_09683,random,,-4733,-1456,random_seed_20260220
random_09684,random,,9635,-3657,random_seed_20260220
random_09685,random,,8837,6115,random_seed_20260220
random_09686,random,,7904,4827,random_seed_20260220
random_09687,random,,4940,1426,random_seed_20260220
random_09688,random,,-1302,-6964,random_seed_20260220
random_09689,random,,2688,3172,random_seed_20260220
random_09690,random,,3482,9923,random_seed_20260220
random_09691,random,,1055,-3010,random_seed_20260220
random_09692,random,,6377,3825,random_seed_20260220
random_09693,random,,-9738,-9681,random_seed_20260220
random_09694,random,,6771,-5577,random_seed_20260220
random_09695,random,,8620,-9375,random_seed_20260220
random_09696,random,,-7547,942,random_seed_20260220
random_09697,random,,-7146,4565,random_seed_20260220
random_09698,random,,-8953,5390,random_seed_20260220
random_09699,random,,2714,-5815,random_seed_20260220
random_09700,random,,7297,-1360,random_seed_20260220
random_09701,random,,3079,-345,random_seed_20260220
random_09702,random,,8902,2609,random_seed_20260220
random_09703,random,,9594,6017,random_seed_20260220
random_09704,random,,5918,3496,random_seed_20260220
random_09705,random,,-5569,-4086,random_seed_20260220
random_09706,random,,1412,6231,random_seed_20260220
random_09707,random,,-9342,7736,random_seed_20260220
random_09708,random,,8662,2242,random_seed_20260220
random_09709,random,,-7502,-889,random_seed_20260220
random_09710,random,,2214,-6477,random_seed_20260220
random_09711,random,,-2090,2822,random_seed_20260220
random_09712,random,,3638,-5203,random_seed_20260220
random_09713,random,,9731,-5133,random_seed_20260220
random_09714,random,,-176,4731,random_seed_20260220
random_09715,random,,3395,-4565,random_seed_20260220
random_09716,random,,-813,-5215,random_seed_20260220
random_09717,random,,6610,-8081,random_seed_20260220
random_09718,random,,-7487,4177,random_seed_20260220
random_09719,random,,8781,-3639,random_seed_20260220
random_09720,random,,-5343,21,random_seed_20260220
random_09721,random,,-5539,4420,random_seed_20260220
random_09722,random,,-151,-949,random_seed_20260220
random_09723,random,,9031,-4796,random_seed_20260220
random_09724,random,,9797,7433,random_seed_20260220
random_09725,random,,-9371,-8585,random_seed_20260220
random_09726,random,,-4318,-7139,random_seed_20260220
random_09727,random,,4445,2072,random_seed_20260220
random_09728,random,,-6857,-4928,random_seed_20260220
random_09729,random,,1643,6548,random_seed_20260220
random_09730,random,,2590,4615,random_seed_20260220
random_09731,random,,-9742,-6858,random_seed_20260220
random_09732,random,,2866,-8516,random_seed_20260220
random_09733,random,,4012,-2209,random_seed_20260220
random_09734,random,,-2385,8935,random_seed_20260220
random_09735,random,,-6119,-9476,random_seed_20260220
random_09736,random,,3403,1419,random_seed_20260220
random_09737,random,,8047,-4342,random_seed_20260220
random_09738,random,,-8077,-6784,random_seed_20260220
random_09739,random,,3007,-4267,random_seed_20260220
random_09740,random,,4514,-4855,random_seed_20260220
random_09741,random,,-5463,-8691,random_seed_20260220
random_09742,random,,-2863,8097,random_seed_20260220
random_09743,random,,2441,2269,random_seed_20260220
random_09744,random,,-2110,8876,random_seed_20260220
random_09745,random,,5162,5684,random_seed_20260220
random_09746,random,,8276,7123,random_seed_20260220
random_09747,random,,-5196,-5059,random_seed_20260220
random_09748,random,,-5913,-8457,random_seed_20260220
random_09749,random,,2276,-5885,random_seed_20260220
random_09750,random,,4614,-1218,random_seed_20260220
random_09751,random,,9097,7234,random_seed_20260220
random_09752,random,,2156,-4193,random_seed_20260220
random_09753,random,,1222,8963,random_seed_20260220
random_09754,random,,-383,8350,random_seed_20260220
random_09755,random,,5636,4513,random_seed_20260220
random_09756,random,,4947,-2489,random_seed_20260220
random_09757,random,,343,1202,random_seed_20260220
random_09758,random,,-9213,-1845,random_seed_20260220
random_09759,random,,7815,-5863,random_seed_20260220
random_09760,random,,-2679,7761,random_seed_20260220
random_09761,random,,-9889,-5249,random_seed_20260220
random_09762,random,,1616,-3695,random_seed_20260220
random_09763,random,,1505,-7442,random_seed_20260220
random_09764,random,,8083,-7908,random_seed_20260220
random_09765,random,,-8705,9550,random_seed_20260220
random_09766,random,,-7071,-4451,random_seed_20260220
random_09767,random,,-8995,8851,random_seed_20260220
random_09768,random,,-1060,2779,random_seed_20260220
random_09769,random,,-5552,-4581,random_seed_20260220
random_09770,random,,7932,-5878,random_seed_20260220
random_09771,random,,6751,-218,random_seed_20260220
random_09772,random,,6770,9524,random_seed_20260220
random_09773,random,,8255,-8947,random_seed_20260220
random_09774,random,,-6372,-2186,random_seed_20260220
random_09775,random,,92,-2104,random_seed_20260220
random_09776,random,,38,734,random_seed_20260220
random_09777,random,,-245,5778,random_seed_20260220
random_09778,random,,1524,-8251,random_seed_20260220
random_09779,random,,-5997,9929,random_seed_20260220
random_09780,random,,1814,8199,random_seed_20260220
random_09781,random,,-5518,1707,random_seed_20260220
random_09782,random,,7105,7486,random_seed_20260220
random_09783,random,,9263,-4227,random_seed_20260220
random_09784,random,,-7926,-2818,random_seed_20260220
random_09785,random,,-2186,-1446,random_seed_20260220
random_09786,random,,1082,-4262,random_seed_20260220
random_09787,random,,-3643,2903,random_seed_20260220
random_09788,random,,9511,-3935,random_seed_20260220
random_09789,random,,-8660,-5827,random_seed_20260220
random_09790,random,,629,-1680,random_seed_20260220
random_09791,random,,-8463,-2738,random_seed_20260220
random_09792,random,,9347,814,random_seed_20260220
random_09793,random,,9288,6560,random_seed_20260220
random_09794,random,,2597,-1554,random_seed_20260220
random_09795,random,,-6927,-5175,random_seed_20260220
random_09796,random,,6655,-8788,random_seed_20260220
random_09797,random,,-4703,-1217,random_seed_20260220
random_09798,random,,5586,9795,random_seed_20260220
random_09799,random,,3677,3108,random_seed_20260220
random_09800,random,,2424,-990,random_seed_20260220
random_09801,random,,-6756,-2699,random_seed_20260220
random_09802,random,,1554,-6906,random_seed_20260220
random_09803,random,,-7433,-2461,random_seed_20260220
random_09804,random,,-7073,-6430,random_seed_20260220
random_09805,random,,-4183,-4586,random_seed_20260220
random_09806,random,,-5832,-7573,random_seed_20260220
random_09807,random,,-8202,-4460,random_seed_20260220
random_09808,random,,9702,9599,random_seed_20260220
random_09809,random,,-2698,4807,random_seed_20260220
random_09810,random,,6400,7799,random_seed_20260220
random_09811,random,,5200,-5186,random_seed_20260220
random_09812,random,,-9796,1631,random_seed_20260220
random_09813,random,,-4127,-8675,random_seed_20260220
random_09814,random,,3690,-8575,random_seed_20260220
random_09815,random,,-7186,4708,random_seed_20260220
random_09816,random,,7527,-2000,random_seed_20260220
random_09817,random,,-8,6801,random_seed_20260220
random_09818,random,,-116,6599,random_seed_20260220
random_09819,random,,-9032,-3882,random_seed_20260220
random_09820,random,,626,-7231,random_seed_20260220
random_09821,random,,-9804,-6020,random_seed_20260220
random_09822,random,,-9947,-7755,random_seed_20260220
random_09823,random,,9051,-1309,random_seed_20260220
random_09824,random,,1204,-7276,random_seed_20260220
random_09825,random,,7093,3339,random_seed_20260220
random_09826,random,,-3402,8537,random_seed_20260220
random_09827,random,,-9437,-350,random_seed_20260220
random_09828,random,,3932,823,random_seed_20260220
random_09829,random,,4812,-1655,random_seed_20260220
random_09830,random,,5493,-9354,random_seed_20260220
random_09831,random,,6903,-2456,random_seed_20260220
random_09832,random,,-6524,-5581,random_seed_20260220
random_09833,random,,-3560,-7149,random_seed_20260220
random_09834,random,,-2916,3454,random_seed_20260220
random_09835,random,,8484,-1016,random_seed_20260220
random_09836,random,,-1822,-8758,random_seed_20260220
random_09837,random,,-2961,7655,random_seed_20260220
random_09838,random,,5874,637,random_seed_20260220
random_09839,random,,5873,-7733,random_seed_20260220
random_09840,random,,-7620,6494,random_seed_20260220
random_09841,random,,-1906,-501,random_seed_20260220
random_09842,random,,8778,-8492,random_seed_20260220
random_09843,random,,-4461,-7246,random_seed_20260220
random_09844,random,,-2857,-1159,random_seed_20260220
random_09845,random,,8818,3680,random_seed_20260220
random_09846,random,,9662,-8415,random_seed_20260220
random_09847,random,,-9107,118,random_seed_20260220
random_09848,random,,-8973,5525,random_seed_20260220
random_09849,random,,-1729,2364,random_seed_20260220
random_09850,random,,-2417,-5902,random_seed_20260220
random_09851,random,,-6566,2307,random_seed_20260220
random_09852,random,,-8185,-7262,random_seed_20260220
random_09853,random,,605,-2826,random_seed_20260220
random_09854,random,,-4497,-2136,random_seed_20260220
random_09855,random,,4273,2401,random_seed_20260220
random_09856,random,,8014,-3104,random_seed_20260220
random_09857,random,,-424,-8488,random_seed_20260220
random_09858,random,,-5923,-8911,random_seed_20260220
random_09859,random,,2975,7312,random_seed_20260220
random_09860,random,,9739,9325,random_seed_20260220
random_09861,random,,-1484,-3799,random_seed_20260220
random_09862,random,,9249,9424,random_seed_20260220
random_09863,random,,5451,1236,random_seed_20260220
random_09864,random,,-6605,4680,random_seed_20260220
random_09865,random,,-3037,-9667,random_seed_20260220
random_09866,random,,-9227,-4014,random_seed_20260220
random_09867,random,,3161,-1065,random_seed_20260220
random_09868,random,,-9424,6259,random_seed_20260220
random_09869,random,,7583,-9172,random_seed_20260220
random_09870,random,,7330,8221,random_seed_20260220
random_09871,random,,-7341,510,random_seed_20260220
random_09872,random,,-6085,4247,random_seed_20260220
random_09873,random,,1884,-6774,random_seed_20260220
random_09874,random,,-7229,-3448,random_seed_20260220
random_09875,random,,6012,-4768,random_seed_20260220
random_09876,random,,-2167,-5969,random_seed_20260220
random_09877,random,,-788,-3199,random_seed_20260220
random_09878,random,,-734,-4244,random_seed_20260220
random_09879,random,,742,635,random_seed_20260220
random_09880,random,,9725,-9862,random_seed_20260220
random_09881,random,,4786,8281,random_seed_20260220
random_09882,random,,-4802,-5088,random_seed_20260220
random_09883,random,,-9004,-2833,random_seed_20260220
random_09884,random,,-6157,6673,random_seed_20260220
random_09885,random,,9211,-4203,random_seed_20260220
random_09886,random,,-6990,4240,random_seed_20260220
random_09887,random,,6640,-3405,random_seed_20260220
random_09888,random,,-5818,7187,random_seed_20260220
random_09889,random,,4251,2736,random_seed_20260220
random_09890,random,,828,8382,random_seed_20260220
random_09891,random,,4781,-2419,random_seed_20260220
random_09892,random,,-5020,782,random_seed_20260220
random_09893,random,,-437,272,random_seed_20260220
random_09894,random,,-4674,6229,random_seed_20260220
random_09895,random,,350,-2703,random_seed_20260220
random_09896,random,,-5370,-1695,random_seed_20260220
random_09897,random,,-6615,-7324,random_seed_20260220
random_09898,random,,9962,-2160,random_seed_20260220
random_09899,random,,-8247,-1121,random_seed_20260220
random_09900,random,,-9272,5485,random_seed_20260220
random_09901,random,,-7213,6552,random_seed_20260220
random_09902,random,,5549,4309,random_seed_20260220
random_09903,random,,4502,-9456,random_seed_20260220
random_09904,random,,3854,7231,random_seed_20260220
random_09905,random,,1498,4561,random_seed_20260220
random_09906,random,,8483,4843,random_seed_20260220
random_09907,random,,-8047,-6938,random_seed_20260220
random_09908,random,,-262,-9077,random_seed_20260220
random_09909,random,,31,7942,random_seed_20260220
random_09910,random,,-7156,6200,random_seed_20260220
random_09911,random,,-488,4286,random_seed_20260220
random_09912,random,,-6959,7371,random_seed_20260220
random_09913,random,,-8083,-5099,random_seed_20260220
random_09914,random,,-730,-9755,random_seed_20260220
random_09915,random,,4400,3488,random_seed_20260220
random_09916,random,,208,-8951,random_seed_20260220
random_09917,random,,-4954,-1043,random_seed_20260220
random_09918,random,,-7144,1964,random_seed_20260220
random_09919,random,,6034,-8046,random_seed_20260220
random_09920,random,,3318,-5145,random_seed_20260220
random_09921,random,,-7046,-793,random_seed_20260220
random_09922,random,,-510,-7382,random_seed_20260220
random_09923,random,,8252,-9176,random_seed_20260220
random_09924,random,,-7529,6777,random_seed_20260220
random_09925,random,,-9086,6134,random_seed_20260220
random_09926,random,,1519,1589,random_seed_20260220
random_09927,random,,7042,-7291,random_seed_20260220
random_09928,random,,-2480,-6431,random_seed_20260220
random_09929,random,,7452,-178,random_seed_20260220
random_09930,random,,-3880,2328,random_seed_20260220
random_09931,random,,1046,3135,random_seed_20260220
random_09932,random,,436,-8480,random_seed_20260220
random_09933,random,,-21,-4731,random_seed_20260220
random_09934,random,,-3355,-9772,random_seed_20260220
random_09935,random,,2768,5900,random_seed_20260220
random_09936,random,,2585,-4633,random_seed_20260220
random_09937,random,,-9786,4616,random_seed_20260220
random_09938,random,,-1413,557,random_seed_20260220
random_09939,random,,7626,-1846,random_seed_20260220
random_09940,random,,-9443,6115,random_seed_20260220
random_09941,random,,4545,-7936,random_seed_20260220
random_09942,random,,9350,1998,random_seed_20260220
random_09943,random,,-6240,1675,random_seed_20260220
random_09944,random,,-4690,3428,random_seed_20260220
random_09945,random,,1553,322,random_seed_20260220
random_09946,random,,3824,-8303,random_seed_20260220
random_09947,random,,-3800,5258,random_seed_20260220
random_09948,random,,3316,-5536,random_seed_20260220
random_09949,random,,1439,-2755,random_seed_20260220
random_09950,random,,-2148,2411,random_seed_20260220
random_09951,random,,1241,-605,random_seed_20260220
random_09952,random,,-4612,251,random_seed_20260220
random_09953,random,,-3440,4741,random_seed_20260220
random_09954,random,,569,7058,random_seed_20260220
random_09955,random,,722,-7433,random_seed_20260220
random_09956,random,,-3182,-3494,random_seed_20260220
random_09957,random,,-7564,1216,random_seed_20260220
random_09958,random,,-2873,6973,random_seed_20260220
random_09959,random,,-9392,2106,random_seed_20260220
random_09960,random,,7096,-7488,random_seed_20260220
random_09961,random,,6977,9728,random_seed_20260220
random_09962,random,,2713,3115,random_seed_20260220
random_09963,random,,-6928,6493,random_seed_20260220
random_09964,random,,2661,884,random_seed_20260220
random_09965,random,,3580,1556,random_seed_20260220
random_09966,random,,-4087,-1869,random_seed_20260220
random_09967,random,,3499,7545,random_seed_20260220
random_09968,random,,-2334,916,random_seed_20260220
random_09969,random,,8807,-29,random_seed_20260220
random_09970,random,,-8931,-7411,random_seed_20260220
random_09971,random,,9250,8125,random_seed_20260220
random_09972,random,,-6737,-1506,random_seed_20260220
random_09973,random,,9021,1435,random_seed_20260220
random_09974,random,,-7473,-8559,random_seed_20260220
random_09975,random,,1066,-5636,random_seed_20260220
random_09976,random,,-7590,8892,random_seed_20260220
random_09977,random,,2723,7404,random_seed_20260220
random_09978,random,,6964,8052,random_seed_20260220
random_09979,random,,-2262,-1766,random_seed_20260220
random_09980,random,,5527,7614,random_seed_20260220
random_09981,random,,-1361,-1949,random_seed_20260220
random_09982,random,,2620,-6280,random_seed_20260220
random_09983,random,,6874,5853,random_seed_20260220
random_09984,random,,2054,-7366,random_seed_20260220
random_09985,random,,-6352,-9664,random_seed_20260220
random_09986,random,,484,-1284,random_seed_20260220
random_09987,random,,-6468,7901,random_seed_20260220
random_09988,random,,3708,8912,random_seed_20260220
random_09989,random,,-5868,6560,random_seed_20260220
random_09990,random,,1683,-2792,random_seed_20260220
random_09991,random,,9962,-9284,random_seed_20260220
random_09992,random,,9623,7282,random_seed_20260220
random_09993,random,,2260,9532,random_seed_20260220
random_09994,random,,-1910,4588,random_seed_20260220
random_09995,random,,-945,-3481,random_seed_20260220
random_09996,random,,-7273,-4686,random_seed_20260220
random_09997,random,,893,-9322,random_seed_20260220
random_09998,random,,-9458,6947,random_seed_20260220
random_09999,random,,-3953,7617,random_seed_20260220
random_10000,random,,2906,-1263,random_seed_20260220
